"url","status","page_type","canonical","incoming_internal_links"
"https://www.searchsarkarinaukri.com/districts/ahmednagar/banking","200","location","https://www.searchsarkarinaukri.com/districts/ahmednagar/banking","49"
"https://www.searchsarkarinaukri.com/districts/ahmednagar/central","200","location","https://www.searchsarkarinaukri.com/districts/ahmednagar/central","49"
"https://www.searchsarkarinaukri.com/districts/ahmednagar/education","200","location","https://www.searchsarkarinaukri.com/districts/ahmednagar/education","49"
"https://www.searchsarkarinaukri.com/districts/ahmednagar/forest","200","location","https://www.searchsarkarinaukri.com/districts/ahmednagar/forest","49"
"https://www.searchsarkarinaukri.com/districts/ahmednagar/health","200","location","https://www.searchsarkarinaukri.com/districts/ahmednagar/health","49"
"https://www.searchsarkarinaukri.com/districts/ahmednagar/mpsc","200","location","https://www.searchsarkarinaukri.com/districts/ahmednagar/mpsc","49"
"https://www.searchsarkarinaukri.com/districts/ahmednagar/police","200","location","https://www.searchsarkarinaukri.com/districts/ahmednagar/police","49"
"https://www.searchsarkarinaukri.com/districts/ahmednagar/railway","200","location","https://www.searchsarkarinaukri.com/districts/ahmednagar/railway","49"
"https://www.searchsarkarinaukri.com/districts/ahmednagar/ssc","200","location","https://www.searchsarkarinaukri.com/districts/ahmednagar/ssc","49"
"https://www.searchsarkarinaukri.com/districts/ahmednagar/talathi","200","location","https://www.searchsarkarinaukri.com/districts/ahmednagar/talathi","49"
"https://www.searchsarkarinaukri.com/districts/ahmednagar/upsc","200","location","https://www.searchsarkarinaukri.com/districts/ahmednagar/upsc","49"
"https://www.searchsarkarinaukri.com/districts/ahmednagar/zp","200","location","https://www.searchsarkarinaukri.com/districts/ahmednagar/zp","49"
"https://www.searchsarkarinaukri.com/districts/akola/banking","200","location","https://www.searchsarkarinaukri.com/districts/akola/banking","49"
"https://www.searchsarkarinaukri.com/districts/akola/central","200","location","https://www.searchsarkarinaukri.com/districts/akola/central","49"
"https://www.searchsarkarinaukri.com/districts/akola/education","200","location","https://www.searchsarkarinaukri.com/districts/akola/education","49"
"https://www.searchsarkarinaukri.com/districts/akola/forest","200","location","https://www.searchsarkarinaukri.com/districts/akola/forest","49"
"https://www.searchsarkarinaukri.com/districts/akola/health","200","location","https://www.searchsarkarinaukri.com/districts/akola/health","49"
"https://www.searchsarkarinaukri.com/districts/akola/mpsc","200","location","https://www.searchsarkarinaukri.com/districts/akola/mpsc","49"
"https://www.searchsarkarinaukri.com/districts/akola/police","200","location","https://www.searchsarkarinaukri.com/districts/akola/police","49"
"https://www.searchsarkarinaukri.com/districts/akola/railway","200","location","https://www.searchsarkarinaukri.com/districts/akola/railway","49"
"https://www.searchsarkarinaukri.com/districts/akola/ssc","200","location","https://www.searchsarkarinaukri.com/districts/akola/ssc","49"
"https://www.searchsarkarinaukri.com/districts/akola/talathi","200","location","https://www.searchsarkarinaukri.com/districts/akola/talathi","49"
"https://www.searchsarkarinaukri.com/districts/akola/upsc","200","location","https://www.searchsarkarinaukri.com/districts/akola/upsc","49"
"https://www.searchsarkarinaukri.com/districts/akola/zp","200","location","https://www.searchsarkarinaukri.com/districts/akola/zp","49"
"https://www.searchsarkarinaukri.com/districts/amravati/banking","200","location","https://www.searchsarkarinaukri.com/districts/amravati/banking","49"
"https://www.searchsarkarinaukri.com/districts/amravati/central","200","location","https://www.searchsarkarinaukri.com/districts/amravati/central","49"
"https://www.searchsarkarinaukri.com/districts/amravati/education","200","location","https://www.searchsarkarinaukri.com/districts/amravati/education","49"
"https://www.searchsarkarinaukri.com/districts/amravati/forest","200","location","https://www.searchsarkarinaukri.com/districts/amravati/forest","49"
"https://www.searchsarkarinaukri.com/districts/amravati/health","200","location","https://www.searchsarkarinaukri.com/districts/amravati/health","49"
"https://www.searchsarkarinaukri.com/districts/amravati/mpsc","200","location","https://www.searchsarkarinaukri.com/districts/amravati/mpsc","49"
"https://www.searchsarkarinaukri.com/districts/amravati/police","200","location","https://www.searchsarkarinaukri.com/districts/amravati/police","49"
"https://www.searchsarkarinaukri.com/districts/amravati/railway","200","location","https://www.searchsarkarinaukri.com/districts/amravati/railway","49"
"https://www.searchsarkarinaukri.com/districts/amravati/ssc","200","location","https://www.searchsarkarinaukri.com/districts/amravati/ssc","49"
"https://www.searchsarkarinaukri.com/districts/amravati/talathi","200","location","https://www.searchsarkarinaukri.com/districts/amravati/talathi","49"
"https://www.searchsarkarinaukri.com/districts/amravati/upsc","200","location","https://www.searchsarkarinaukri.com/districts/amravati/upsc","49"
"https://www.searchsarkarinaukri.com/districts/amravati/zp","200","location","https://www.searchsarkarinaukri.com/districts/amravati/zp","49"
"https://www.searchsarkarinaukri.com/districts/aurangabad/banking","200","location","https://www.searchsarkarinaukri.com/districts/aurangabad/banking","49"
"https://www.searchsarkarinaukri.com/districts/aurangabad/central","200","location","https://www.searchsarkarinaukri.com/districts/aurangabad/central","49"
"https://www.searchsarkarinaukri.com/districts/aurangabad/education","200","location","https://www.searchsarkarinaukri.com/districts/aurangabad/education","49"
"https://www.searchsarkarinaukri.com/districts/aurangabad/forest","200","location","https://www.searchsarkarinaukri.com/districts/aurangabad/forest","49"
"https://www.searchsarkarinaukri.com/districts/aurangabad/health","200","location","https://www.searchsarkarinaukri.com/districts/aurangabad/health","49"
"https://www.searchsarkarinaukri.com/districts/aurangabad/mpsc","200","location","https://www.searchsarkarinaukri.com/districts/aurangabad/mpsc","49"
"https://www.searchsarkarinaukri.com/districts/aurangabad/police","200","location","https://www.searchsarkarinaukri.com/districts/aurangabad/police","49"
"https://www.searchsarkarinaukri.com/districts/aurangabad/railway","200","location","https://www.searchsarkarinaukri.com/districts/aurangabad/railway","49"
"https://www.searchsarkarinaukri.com/districts/aurangabad/ssc","200","location","https://www.searchsarkarinaukri.com/districts/aurangabad/ssc","49"
"https://www.searchsarkarinaukri.com/districts/aurangabad/talathi","200","location","https://www.searchsarkarinaukri.com/districts/aurangabad/talathi","49"
"https://www.searchsarkarinaukri.com/districts/aurangabad/upsc","200","location","https://www.searchsarkarinaukri.com/districts/aurangabad/upsc","49"
"https://www.searchsarkarinaukri.com/districts/aurangabad/zp","200","location","https://www.searchsarkarinaukri.com/districts/aurangabad/zp","49"
"https://www.searchsarkarinaukri.com/districts/beed/banking","200","location","https://www.searchsarkarinaukri.com/districts/beed/banking","49"
"https://www.searchsarkarinaukri.com/districts/beed/central","200","location","https://www.searchsarkarinaukri.com/districts/beed/central","49"
"https://www.searchsarkarinaukri.com/districts/beed/education","200","location","https://www.searchsarkarinaukri.com/districts/beed/education","49"
"https://www.searchsarkarinaukri.com/districts/beed/forest","200","location","https://www.searchsarkarinaukri.com/districts/beed/forest","49"
"https://www.searchsarkarinaukri.com/districts/beed/health","200","location","https://www.searchsarkarinaukri.com/districts/beed/health","49"
"https://www.searchsarkarinaukri.com/districts/beed/mpsc","200","location","https://www.searchsarkarinaukri.com/districts/beed/mpsc","49"
"https://www.searchsarkarinaukri.com/districts/beed/police","200","location","https://www.searchsarkarinaukri.com/districts/beed/police","49"
"https://www.searchsarkarinaukri.com/districts/beed/railway","200","location","https://www.searchsarkarinaukri.com/districts/beed/railway","49"
"https://www.searchsarkarinaukri.com/districts/beed/ssc","200","location","https://www.searchsarkarinaukri.com/districts/beed/ssc","49"
"https://www.searchsarkarinaukri.com/districts/beed/talathi","200","location","https://www.searchsarkarinaukri.com/districts/beed/talathi","49"
"https://www.searchsarkarinaukri.com/districts/beed/upsc","200","location","https://www.searchsarkarinaukri.com/districts/beed/upsc","49"
"https://www.searchsarkarinaukri.com/districts/beed/zp","200","location","https://www.searchsarkarinaukri.com/districts/beed/zp","49"
"https://www.searchsarkarinaukri.com/districts/bhandara/banking","200","location","https://www.searchsarkarinaukri.com/districts/bhandara/banking","49"
"https://www.searchsarkarinaukri.com/districts/bhandara/central","200","location","https://www.searchsarkarinaukri.com/districts/bhandara/central","49"
"https://www.searchsarkarinaukri.com/districts/bhandara/education","200","location","https://www.searchsarkarinaukri.com/districts/bhandara/education","49"
"https://www.searchsarkarinaukri.com/districts/bhandara/forest","200","location","https://www.searchsarkarinaukri.com/districts/bhandara/forest","49"
"https://www.searchsarkarinaukri.com/districts/bhandara/health","200","location","https://www.searchsarkarinaukri.com/districts/bhandara/health","49"
"https://www.searchsarkarinaukri.com/districts/bhandara/mpsc","200","location","https://www.searchsarkarinaukri.com/districts/bhandara/mpsc","49"
"https://www.searchsarkarinaukri.com/districts/bhandara/police","200","location","https://www.searchsarkarinaukri.com/districts/bhandara/police","49"
"https://www.searchsarkarinaukri.com/districts/bhandara/railway","200","location","https://www.searchsarkarinaukri.com/districts/bhandara/railway","49"
"https://www.searchsarkarinaukri.com/districts/bhandara/ssc","200","location","https://www.searchsarkarinaukri.com/districts/bhandara/ssc","49"
"https://www.searchsarkarinaukri.com/districts/bhandara/talathi","200","location","https://www.searchsarkarinaukri.com/districts/bhandara/talathi","49"
"https://www.searchsarkarinaukri.com/districts/bhandara/upsc","200","location","https://www.searchsarkarinaukri.com/districts/bhandara/upsc","49"
"https://www.searchsarkarinaukri.com/districts/bhandara/zp","200","location","https://www.searchsarkarinaukri.com/districts/bhandara/zp","49"
"https://www.searchsarkarinaukri.com/districts/buldhana/banking","200","location","https://www.searchsarkarinaukri.com/districts/buldhana/banking","49"
"https://www.searchsarkarinaukri.com/districts/buldhana/central","200","location","https://www.searchsarkarinaukri.com/districts/buldhana/central","49"
"https://www.searchsarkarinaukri.com/districts/buldhana/education","200","location","https://www.searchsarkarinaukri.com/districts/buldhana/education","49"
"https://www.searchsarkarinaukri.com/districts/buldhana/forest","200","location","https://www.searchsarkarinaukri.com/districts/buldhana/forest","49"
"https://www.searchsarkarinaukri.com/districts/buldhana/health","200","location","https://www.searchsarkarinaukri.com/districts/buldhana/health","49"
"https://www.searchsarkarinaukri.com/districts/buldhana/mpsc","200","location","https://www.searchsarkarinaukri.com/districts/buldhana/mpsc","49"
"https://www.searchsarkarinaukri.com/districts/buldhana/police","200","location","https://www.searchsarkarinaukri.com/districts/buldhana/police","49"
"https://www.searchsarkarinaukri.com/districts/buldhana/railway","200","location","https://www.searchsarkarinaukri.com/districts/buldhana/railway","49"
"https://www.searchsarkarinaukri.com/districts/buldhana/ssc","200","location","https://www.searchsarkarinaukri.com/districts/buldhana/ssc","49"
"https://www.searchsarkarinaukri.com/districts/buldhana/talathi","200","location","https://www.searchsarkarinaukri.com/districts/buldhana/talathi","49"
"https://www.searchsarkarinaukri.com/districts/buldhana/upsc","200","location","https://www.searchsarkarinaukri.com/districts/buldhana/upsc","49"
"https://www.searchsarkarinaukri.com/districts/buldhana/zp","200","location","https://www.searchsarkarinaukri.com/districts/buldhana/zp","49"
"https://www.searchsarkarinaukri.com/districts/chandrapur/banking","200","location","https://www.searchsarkarinaukri.com/districts/chandrapur/banking","49"
"https://www.searchsarkarinaukri.com/districts/chandrapur/central","200","location","https://www.searchsarkarinaukri.com/districts/chandrapur/central","49"
"https://www.searchsarkarinaukri.com/districts/chandrapur/education","200","location","https://www.searchsarkarinaukri.com/districts/chandrapur/education","49"
"https://www.searchsarkarinaukri.com/districts/chandrapur/forest","200","location","https://www.searchsarkarinaukri.com/districts/chandrapur/forest","49"
"https://www.searchsarkarinaukri.com/districts/chandrapur/health","200","location","https://www.searchsarkarinaukri.com/districts/chandrapur/health","49"
"https://www.searchsarkarinaukri.com/districts/chandrapur/mpsc","200","location","https://www.searchsarkarinaukri.com/districts/chandrapur/mpsc","49"
"https://www.searchsarkarinaukri.com/districts/chandrapur/police","200","location","https://www.searchsarkarinaukri.com/districts/chandrapur/police","49"
"https://www.searchsarkarinaukri.com/districts/chandrapur/railway","200","location","https://www.searchsarkarinaukri.com/districts/chandrapur/railway","49"
"https://www.searchsarkarinaukri.com/districts/chandrapur/ssc","200","location","https://www.searchsarkarinaukri.com/districts/chandrapur/ssc","49"
"https://www.searchsarkarinaukri.com/districts/chandrapur/talathi","200","location","https://www.searchsarkarinaukri.com/districts/chandrapur/talathi","49"
"https://www.searchsarkarinaukri.com/districts/chandrapur/upsc","200","location","https://www.searchsarkarinaukri.com/districts/chandrapur/upsc","49"
"https://www.searchsarkarinaukri.com/districts/chandrapur/zp","200","location","https://www.searchsarkarinaukri.com/districts/chandrapur/zp","49"
"https://www.searchsarkarinaukri.com/districts/dhule/banking","200","location","https://www.searchsarkarinaukri.com/districts/dhule/banking","49"
"https://www.searchsarkarinaukri.com/districts/dhule/central","200","location","https://www.searchsarkarinaukri.com/districts/dhule/central","49"
"https://www.searchsarkarinaukri.com/districts/dhule/education","200","location","https://www.searchsarkarinaukri.com/districts/dhule/education","49"
"https://www.searchsarkarinaukri.com/districts/dhule/forest","200","location","https://www.searchsarkarinaukri.com/districts/dhule/forest","49"
"https://www.searchsarkarinaukri.com/districts/dhule/health","200","location","https://www.searchsarkarinaukri.com/districts/dhule/health","49"
"https://www.searchsarkarinaukri.com/districts/dhule/mpsc","200","location","https://www.searchsarkarinaukri.com/districts/dhule/mpsc","49"
"https://www.searchsarkarinaukri.com/districts/dhule/police","200","location","https://www.searchsarkarinaukri.com/districts/dhule/police","49"
"https://www.searchsarkarinaukri.com/districts/dhule/railway","200","location","https://www.searchsarkarinaukri.com/districts/dhule/railway","49"
"https://www.searchsarkarinaukri.com/districts/dhule/ssc","200","location","https://www.searchsarkarinaukri.com/districts/dhule/ssc","49"
"https://www.searchsarkarinaukri.com/districts/dhule/talathi","200","location","https://www.searchsarkarinaukri.com/districts/dhule/talathi","49"
"https://www.searchsarkarinaukri.com/districts/dhule/upsc","200","location","https://www.searchsarkarinaukri.com/districts/dhule/upsc","49"
"https://www.searchsarkarinaukri.com/districts/dhule/zp","200","location","https://www.searchsarkarinaukri.com/districts/dhule/zp","49"
"https://www.searchsarkarinaukri.com/districts/gadchiroli/banking","200","location","https://www.searchsarkarinaukri.com/districts/gadchiroli/banking","49"
"https://www.searchsarkarinaukri.com/districts/gadchiroli/central","200","location","https://www.searchsarkarinaukri.com/districts/gadchiroli/central","49"
"https://www.searchsarkarinaukri.com/districts/gadchiroli/education","200","location","https://www.searchsarkarinaukri.com/districts/gadchiroli/education","49"
"https://www.searchsarkarinaukri.com/districts/gadchiroli/forest","200","location","https://www.searchsarkarinaukri.com/districts/gadchiroli/forest","49"
"https://www.searchsarkarinaukri.com/districts/gadchiroli/health","200","location","https://www.searchsarkarinaukri.com/districts/gadchiroli/health","49"
"https://www.searchsarkarinaukri.com/districts/gadchiroli/mpsc","200","location","https://www.searchsarkarinaukri.com/districts/gadchiroli/mpsc","49"
"https://www.searchsarkarinaukri.com/districts/gadchiroli/police","200","location","https://www.searchsarkarinaukri.com/districts/gadchiroli/police","49"
"https://www.searchsarkarinaukri.com/districts/gadchiroli/railway","200","location","https://www.searchsarkarinaukri.com/districts/gadchiroli/railway","49"
"https://www.searchsarkarinaukri.com/districts/gadchiroli/ssc","200","location","https://www.searchsarkarinaukri.com/districts/gadchiroli/ssc","49"
"https://www.searchsarkarinaukri.com/districts/gadchiroli/talathi","200","location","https://www.searchsarkarinaukri.com/districts/gadchiroli/talathi","49"
"https://www.searchsarkarinaukri.com/districts/gadchiroli/upsc","200","location","https://www.searchsarkarinaukri.com/districts/gadchiroli/upsc","49"
"https://www.searchsarkarinaukri.com/districts/gadchiroli/zp","200","location","https://www.searchsarkarinaukri.com/districts/gadchiroli/zp","49"
"https://www.searchsarkarinaukri.com/districts/gondia/banking","200","location","https://www.searchsarkarinaukri.com/districts/gondia/banking","49"
"https://www.searchsarkarinaukri.com/districts/gondia/central","200","location","https://www.searchsarkarinaukri.com/districts/gondia/central","49"
"https://www.searchsarkarinaukri.com/districts/gondia/education","200","location","https://www.searchsarkarinaukri.com/districts/gondia/education","49"
"https://www.searchsarkarinaukri.com/districts/gondia/forest","200","location","https://www.searchsarkarinaukri.com/districts/gondia/forest","49"
"https://www.searchsarkarinaukri.com/districts/gondia/health","200","location","https://www.searchsarkarinaukri.com/districts/gondia/health","49"
"https://www.searchsarkarinaukri.com/districts/gondia/mpsc","200","location","https://www.searchsarkarinaukri.com/districts/gondia/mpsc","49"
"https://www.searchsarkarinaukri.com/districts/gondia/police","200","location","https://www.searchsarkarinaukri.com/districts/gondia/police","49"
"https://www.searchsarkarinaukri.com/districts/gondia/railway","200","location","https://www.searchsarkarinaukri.com/districts/gondia/railway","49"
"https://www.searchsarkarinaukri.com/districts/gondia/ssc","200","location","https://www.searchsarkarinaukri.com/districts/gondia/ssc","49"
"https://www.searchsarkarinaukri.com/districts/gondia/talathi","200","location","https://www.searchsarkarinaukri.com/districts/gondia/talathi","49"
"https://www.searchsarkarinaukri.com/districts/gondia/upsc","200","location","https://www.searchsarkarinaukri.com/districts/gondia/upsc","49"
"https://www.searchsarkarinaukri.com/districts/gondia/zp","200","location","https://www.searchsarkarinaukri.com/districts/gondia/zp","49"
"https://www.searchsarkarinaukri.com/districts/hingoli/banking","200","location","https://www.searchsarkarinaukri.com/districts/hingoli/banking","49"
"https://www.searchsarkarinaukri.com/districts/hingoli/central","200","location","https://www.searchsarkarinaukri.com/districts/hingoli/central","49"
"https://www.searchsarkarinaukri.com/districts/hingoli/education","200","location","https://www.searchsarkarinaukri.com/districts/hingoli/education","49"
"https://www.searchsarkarinaukri.com/districts/hingoli/forest","200","location","https://www.searchsarkarinaukri.com/districts/hingoli/forest","49"
"https://www.searchsarkarinaukri.com/districts/hingoli/health","200","location","https://www.searchsarkarinaukri.com/districts/hingoli/health","49"
"https://www.searchsarkarinaukri.com/districts/hingoli/mpsc","200","location","https://www.searchsarkarinaukri.com/districts/hingoli/mpsc","49"
"https://www.searchsarkarinaukri.com/districts/hingoli/police","200","location","https://www.searchsarkarinaukri.com/districts/hingoli/police","49"
"https://www.searchsarkarinaukri.com/districts/hingoli/railway","200","location","https://www.searchsarkarinaukri.com/districts/hingoli/railway","49"
"https://www.searchsarkarinaukri.com/districts/hingoli/ssc","200","location","https://www.searchsarkarinaukri.com/districts/hingoli/ssc","49"
"https://www.searchsarkarinaukri.com/districts/hingoli/talathi","200","location","https://www.searchsarkarinaukri.com/districts/hingoli/talathi","49"
"https://www.searchsarkarinaukri.com/districts/hingoli/upsc","200","location","https://www.searchsarkarinaukri.com/districts/hingoli/upsc","49"
"https://www.searchsarkarinaukri.com/districts/hingoli/zp","200","location","https://www.searchsarkarinaukri.com/districts/hingoli/zp","49"
"https://www.searchsarkarinaukri.com/districts/jalgaon/banking","200","location","https://www.searchsarkarinaukri.com/districts/jalgaon/banking","49"
"https://www.searchsarkarinaukri.com/districts/jalgaon/central","200","location","https://www.searchsarkarinaukri.com/districts/jalgaon/central","49"
"https://www.searchsarkarinaukri.com/districts/jalgaon/education","200","location","https://www.searchsarkarinaukri.com/districts/jalgaon/education","49"
"https://www.searchsarkarinaukri.com/districts/jalgaon/forest","200","location","https://www.searchsarkarinaukri.com/districts/jalgaon/forest","49"
"https://www.searchsarkarinaukri.com/districts/jalgaon/health","200","location","https://www.searchsarkarinaukri.com/districts/jalgaon/health","49"
"https://www.searchsarkarinaukri.com/districts/jalgaon/mpsc","200","location","https://www.searchsarkarinaukri.com/districts/jalgaon/mpsc","49"
"https://www.searchsarkarinaukri.com/districts/jalgaon/police","200","location","https://www.searchsarkarinaukri.com/districts/jalgaon/police","49"
"https://www.searchsarkarinaukri.com/districts/jalgaon/railway","200","location","https://www.searchsarkarinaukri.com/districts/jalgaon/railway","49"
"https://www.searchsarkarinaukri.com/districts/jalgaon/ssc","200","location","https://www.searchsarkarinaukri.com/districts/jalgaon/ssc","49"
"https://www.searchsarkarinaukri.com/districts/jalgaon/talathi","200","location","https://www.searchsarkarinaukri.com/districts/jalgaon/talathi","49"
"https://www.searchsarkarinaukri.com/districts/jalgaon/upsc","200","location","https://www.searchsarkarinaukri.com/districts/jalgaon/upsc","49"
"https://www.searchsarkarinaukri.com/districts/jalgaon/zp","200","location","https://www.searchsarkarinaukri.com/districts/jalgaon/zp","49"
"https://www.searchsarkarinaukri.com/districts/jalna/banking","200","location","https://www.searchsarkarinaukri.com/districts/jalna/banking","49"
"https://www.searchsarkarinaukri.com/districts/jalna/central","200","location","https://www.searchsarkarinaukri.com/districts/jalna/central","49"
"https://www.searchsarkarinaukri.com/districts/jalna/education","200","location","https://www.searchsarkarinaukri.com/districts/jalna/education","49"
"https://www.searchsarkarinaukri.com/districts/jalna/forest","200","location","https://www.searchsarkarinaukri.com/districts/jalna/forest","49"
"https://www.searchsarkarinaukri.com/districts/jalna/health","200","location","https://www.searchsarkarinaukri.com/districts/jalna/health","49"
"https://www.searchsarkarinaukri.com/districts/jalna/mpsc","200","location","https://www.searchsarkarinaukri.com/districts/jalna/mpsc","49"
"https://www.searchsarkarinaukri.com/districts/jalna/police","200","location","https://www.searchsarkarinaukri.com/districts/jalna/police","49"
"https://www.searchsarkarinaukri.com/districts/jalna/railway","200","location","https://www.searchsarkarinaukri.com/districts/jalna/railway","49"
"https://www.searchsarkarinaukri.com/districts/jalna/ssc","200","location","https://www.searchsarkarinaukri.com/districts/jalna/ssc","49"
"https://www.searchsarkarinaukri.com/districts/jalna/talathi","200","location","https://www.searchsarkarinaukri.com/districts/jalna/talathi","49"
"https://www.searchsarkarinaukri.com/districts/jalna/upsc","200","location","https://www.searchsarkarinaukri.com/districts/jalna/upsc","49"
"https://www.searchsarkarinaukri.com/districts/jalna/zp","200","location","https://www.searchsarkarinaukri.com/districts/jalna/zp","49"
"https://www.searchsarkarinaukri.com/districts/kolhapur/banking","200","location","https://www.searchsarkarinaukri.com/districts/kolhapur/banking","49"
"https://www.searchsarkarinaukri.com/districts/kolhapur/central","200","location","https://www.searchsarkarinaukri.com/districts/kolhapur/central","49"
"https://www.searchsarkarinaukri.com/districts/kolhapur/education","200","location","https://www.searchsarkarinaukri.com/districts/kolhapur/education","49"
"https://www.searchsarkarinaukri.com/districts/kolhapur/forest","200","location","https://www.searchsarkarinaukri.com/districts/kolhapur/forest","49"
"https://www.searchsarkarinaukri.com/districts/kolhapur/health","200","location","https://www.searchsarkarinaukri.com/districts/kolhapur/health","49"
"https://www.searchsarkarinaukri.com/districts/kolhapur/mpsc","200","location","https://www.searchsarkarinaukri.com/districts/kolhapur/mpsc","49"
"https://www.searchsarkarinaukri.com/districts/kolhapur/police","200","location","https://www.searchsarkarinaukri.com/districts/kolhapur/police","49"
"https://www.searchsarkarinaukri.com/districts/kolhapur/railway","200","location","https://www.searchsarkarinaukri.com/districts/kolhapur/railway","49"
"https://www.searchsarkarinaukri.com/districts/kolhapur/ssc","200","location","https://www.searchsarkarinaukri.com/districts/kolhapur/ssc","49"
"https://www.searchsarkarinaukri.com/districts/kolhapur/talathi","200","location","https://www.searchsarkarinaukri.com/districts/kolhapur/talathi","49"
"https://www.searchsarkarinaukri.com/districts/kolhapur/upsc","200","location","https://www.searchsarkarinaukri.com/districts/kolhapur/upsc","49"
"https://www.searchsarkarinaukri.com/districts/kolhapur/zp","200","location","https://www.searchsarkarinaukri.com/districts/kolhapur/zp","49"
"https://www.searchsarkarinaukri.com/districts/latur/banking","200","location","https://www.searchsarkarinaukri.com/districts/latur/banking","49"
"https://www.searchsarkarinaukri.com/districts/latur/central","200","location","https://www.searchsarkarinaukri.com/districts/latur/central","49"
"https://www.searchsarkarinaukri.com/districts/latur/education","200","location","https://www.searchsarkarinaukri.com/districts/latur/education","49"
"https://www.searchsarkarinaukri.com/districts/latur/forest","200","location","https://www.searchsarkarinaukri.com/districts/latur/forest","49"
"https://www.searchsarkarinaukri.com/districts/latur/health","200","location","https://www.searchsarkarinaukri.com/districts/latur/health","49"
"https://www.searchsarkarinaukri.com/districts/latur/mpsc","200","location","https://www.searchsarkarinaukri.com/districts/latur/mpsc","49"
"https://www.searchsarkarinaukri.com/districts/latur/police","200","location","https://www.searchsarkarinaukri.com/districts/latur/police","49"
"https://www.searchsarkarinaukri.com/districts/latur/railway","200","location","https://www.searchsarkarinaukri.com/districts/latur/railway","49"
"https://www.searchsarkarinaukri.com/districts/latur/ssc","200","location","https://www.searchsarkarinaukri.com/districts/latur/ssc","49"
"https://www.searchsarkarinaukri.com/districts/latur/talathi","200","location","https://www.searchsarkarinaukri.com/districts/latur/talathi","49"
"https://www.searchsarkarinaukri.com/districts/latur/upsc","200","location","https://www.searchsarkarinaukri.com/districts/latur/upsc","49"
"https://www.searchsarkarinaukri.com/districts/latur/zp","200","location","https://www.searchsarkarinaukri.com/districts/latur/zp","49"
"https://www.searchsarkarinaukri.com/districts/mumbai-city/banking","200","location","https://www.searchsarkarinaukri.com/districts/mumbai-city/banking","49"
"https://www.searchsarkarinaukri.com/districts/mumbai-city/education","200","location","https://www.searchsarkarinaukri.com/districts/mumbai-city/education","49"
"https://www.searchsarkarinaukri.com/districts/mumbai-city/forest","200","location","https://www.searchsarkarinaukri.com/districts/mumbai-city/forest","49"
"https://www.searchsarkarinaukri.com/districts/mumbai-city/mpsc","200","location","https://www.searchsarkarinaukri.com/districts/mumbai-city/mpsc","49"
"https://www.searchsarkarinaukri.com/districts/mumbai-city/police","200","location","https://www.searchsarkarinaukri.com/districts/mumbai-city/police","49"
"https://www.searchsarkarinaukri.com/districts/mumbai-city/railway","200","location","https://www.searchsarkarinaukri.com/districts/mumbai-city/railway","49"
"https://www.searchsarkarinaukri.com/districts/mumbai-city/ssc","200","location","https://www.searchsarkarinaukri.com/districts/mumbai-city/ssc","49"
"https://www.searchsarkarinaukri.com/districts/mumbai-city/talathi","200","location","https://www.searchsarkarinaukri.com/districts/mumbai-city/talathi","49"
"https://www.searchsarkarinaukri.com/districts/mumbai-city/upsc","200","location","https://www.searchsarkarinaukri.com/districts/mumbai-city/upsc","49"
"https://www.searchsarkarinaukri.com/districts/mumbai-city/zp","200","location","https://www.searchsarkarinaukri.com/districts/mumbai-city/zp","49"
"https://www.searchsarkarinaukri.com/districts/mumbai-suburban/banking","200","location","https://www.searchsarkarinaukri.com/districts/mumbai-suburban/banking","49"
"https://www.searchsarkarinaukri.com/districts/mumbai-suburban/education","200","location","https://www.searchsarkarinaukri.com/districts/mumbai-suburban/education","49"
"https://www.searchsarkarinaukri.com/districts/mumbai-suburban/forest","200","location","https://www.searchsarkarinaukri.com/districts/mumbai-suburban/forest","49"
"https://www.searchsarkarinaukri.com/districts/mumbai-suburban/health","200","location","https://www.searchsarkarinaukri.com/districts/mumbai-suburban/health","49"
"https://www.searchsarkarinaukri.com/districts/mumbai-suburban/mpsc","200","location","https://www.searchsarkarinaukri.com/districts/mumbai-suburban/mpsc","49"
"https://www.searchsarkarinaukri.com/districts/mumbai-suburban/police","200","location","https://www.searchsarkarinaukri.com/districts/mumbai-suburban/police","49"
"https://www.searchsarkarinaukri.com/districts/mumbai-suburban/ssc","200","location","https://www.searchsarkarinaukri.com/districts/mumbai-suburban/ssc","49"
"https://www.searchsarkarinaukri.com/districts/mumbai-suburban/talathi","200","location","https://www.searchsarkarinaukri.com/districts/mumbai-suburban/talathi","49"
"https://www.searchsarkarinaukri.com/districts/mumbai-suburban/upsc","200","location","https://www.searchsarkarinaukri.com/districts/mumbai-suburban/upsc","49"
"https://www.searchsarkarinaukri.com/districts/mumbai-suburban/zp","200","location","https://www.searchsarkarinaukri.com/districts/mumbai-suburban/zp","49"
"https://www.searchsarkarinaukri.com/districts/nagpur/banking","200","location","https://www.searchsarkarinaukri.com/districts/nagpur/banking","49"
"https://www.searchsarkarinaukri.com/districts/nagpur/central","200","location","https://www.searchsarkarinaukri.com/districts/nagpur/central","49"
"https://www.searchsarkarinaukri.com/districts/nagpur/education","200","location","https://www.searchsarkarinaukri.com/districts/nagpur/education","49"
"https://www.searchsarkarinaukri.com/districts/nagpur/forest","200","location","https://www.searchsarkarinaukri.com/districts/nagpur/forest","49"
"https://www.searchsarkarinaukri.com/districts/nagpur/health","200","location","https://www.searchsarkarinaukri.com/districts/nagpur/health","49"
"https://www.searchsarkarinaukri.com/districts/nagpur/mpsc","200","location","https://www.searchsarkarinaukri.com/districts/nagpur/mpsc","49"
"https://www.searchsarkarinaukri.com/districts/nagpur/police","200","location","https://www.searchsarkarinaukri.com/districts/nagpur/police","49"
"https://www.searchsarkarinaukri.com/districts/nagpur/railway","200","location","https://www.searchsarkarinaukri.com/districts/nagpur/railway","49"
"https://www.searchsarkarinaukri.com/districts/nagpur/ssc","200","location","https://www.searchsarkarinaukri.com/districts/nagpur/ssc","49"
"https://www.searchsarkarinaukri.com/districts/nagpur/talathi","200","location","https://www.searchsarkarinaukri.com/districts/nagpur/talathi","49"
"https://www.searchsarkarinaukri.com/districts/nagpur/upsc","200","location","https://www.searchsarkarinaukri.com/districts/nagpur/upsc","49"
"https://www.searchsarkarinaukri.com/districts/nagpur/zp","200","location","https://www.searchsarkarinaukri.com/districts/nagpur/zp","49"
"https://www.searchsarkarinaukri.com/districts/nanded/banking","200","location","https://www.searchsarkarinaukri.com/districts/nanded/banking","49"
"https://www.searchsarkarinaukri.com/districts/nanded/central","200","location","https://www.searchsarkarinaukri.com/districts/nanded/central","49"
"https://www.searchsarkarinaukri.com/districts/nanded/education","200","location","https://www.searchsarkarinaukri.com/districts/nanded/education","49"
"https://www.searchsarkarinaukri.com/districts/nanded/forest","200","location","https://www.searchsarkarinaukri.com/districts/nanded/forest","49"
"https://www.searchsarkarinaukri.com/districts/nanded/health","200","location","https://www.searchsarkarinaukri.com/districts/nanded/health","49"
"https://www.searchsarkarinaukri.com/districts/nanded/mpsc","200","location","https://www.searchsarkarinaukri.com/districts/nanded/mpsc","49"
"https://www.searchsarkarinaukri.com/districts/nanded/police","200","location","https://www.searchsarkarinaukri.com/districts/nanded/police","49"
"https://www.searchsarkarinaukri.com/districts/nanded/railway","200","location","https://www.searchsarkarinaukri.com/districts/nanded/railway","49"
"https://www.searchsarkarinaukri.com/districts/nanded/ssc","200","location","https://www.searchsarkarinaukri.com/districts/nanded/ssc","49"
"https://www.searchsarkarinaukri.com/districts/nanded/talathi","200","location","https://www.searchsarkarinaukri.com/districts/nanded/talathi","49"
"https://www.searchsarkarinaukri.com/districts/nanded/upsc","200","location","https://www.searchsarkarinaukri.com/districts/nanded/upsc","49"
"https://www.searchsarkarinaukri.com/districts/nanded/zp","200","location","https://www.searchsarkarinaukri.com/districts/nanded/zp","49"
"https://www.searchsarkarinaukri.com/districts/nandurbar/banking","200","location","https://www.searchsarkarinaukri.com/districts/nandurbar/banking","49"
"https://www.searchsarkarinaukri.com/districts/nandurbar/central","200","location","https://www.searchsarkarinaukri.com/districts/nandurbar/central","49"
"https://www.searchsarkarinaukri.com/districts/nandurbar/education","200","location","https://www.searchsarkarinaukri.com/districts/nandurbar/education","49"
"https://www.searchsarkarinaukri.com/districts/nandurbar/forest","200","location","https://www.searchsarkarinaukri.com/districts/nandurbar/forest","49"
"https://www.searchsarkarinaukri.com/districts/nandurbar/health","200","location","https://www.searchsarkarinaukri.com/districts/nandurbar/health","49"
"https://www.searchsarkarinaukri.com/districts/nandurbar/mpsc","200","location","https://www.searchsarkarinaukri.com/districts/nandurbar/mpsc","49"
"https://www.searchsarkarinaukri.com/districts/nandurbar/police","200","location","https://www.searchsarkarinaukri.com/districts/nandurbar/police","49"
"https://www.searchsarkarinaukri.com/districts/nandurbar/railway","200","location","https://www.searchsarkarinaukri.com/districts/nandurbar/railway","49"
"https://www.searchsarkarinaukri.com/districts/nandurbar/ssc","200","location","https://www.searchsarkarinaukri.com/districts/nandurbar/ssc","49"
"https://www.searchsarkarinaukri.com/districts/nandurbar/talathi","200","location","https://www.searchsarkarinaukri.com/districts/nandurbar/talathi","49"
"https://www.searchsarkarinaukri.com/districts/nandurbar/upsc","200","location","https://www.searchsarkarinaukri.com/districts/nandurbar/upsc","49"
"https://www.searchsarkarinaukri.com/districts/nandurbar/zp","200","location","https://www.searchsarkarinaukri.com/districts/nandurbar/zp","49"
"https://www.searchsarkarinaukri.com/districts/nashik/banking","200","location","https://www.searchsarkarinaukri.com/districts/nashik/banking","49"
"https://www.searchsarkarinaukri.com/districts/nashik/central","200","location","https://www.searchsarkarinaukri.com/districts/nashik/central","49"
"https://www.searchsarkarinaukri.com/districts/nashik/education","200","location","https://www.searchsarkarinaukri.com/districts/nashik/education","49"
"https://www.searchsarkarinaukri.com/districts/nashik/forest","200","location","https://www.searchsarkarinaukri.com/districts/nashik/forest","49"
"https://www.searchsarkarinaukri.com/districts/nashik/health","200","location","https://www.searchsarkarinaukri.com/districts/nashik/health","49"
"https://www.searchsarkarinaukri.com/districts/nashik/mpsc","200","location","https://www.searchsarkarinaukri.com/districts/nashik/mpsc","49"
"https://www.searchsarkarinaukri.com/districts/nashik/police","200","location","https://www.searchsarkarinaukri.com/districts/nashik/police","49"
"https://www.searchsarkarinaukri.com/districts/nashik/railway","200","location","https://www.searchsarkarinaukri.com/districts/nashik/railway","49"
"https://www.searchsarkarinaukri.com/districts/nashik/ssc","200","location","https://www.searchsarkarinaukri.com/districts/nashik/ssc","49"
"https://www.searchsarkarinaukri.com/districts/nashik/talathi","200","location","https://www.searchsarkarinaukri.com/districts/nashik/talathi","49"
"https://www.searchsarkarinaukri.com/districts/nashik/upsc","200","location","https://www.searchsarkarinaukri.com/districts/nashik/upsc","49"
"https://www.searchsarkarinaukri.com/districts/nashik/zp","200","location","https://www.searchsarkarinaukri.com/districts/nashik/zp","49"
"https://www.searchsarkarinaukri.com/districts/osmanabad/banking","200","location","https://www.searchsarkarinaukri.com/districts/osmanabad/banking","49"
"https://www.searchsarkarinaukri.com/districts/osmanabad/central","200","location","https://www.searchsarkarinaukri.com/districts/osmanabad/central","49"
"https://www.searchsarkarinaukri.com/districts/osmanabad/education","200","location","https://www.searchsarkarinaukri.com/districts/osmanabad/education","49"
"https://www.searchsarkarinaukri.com/districts/osmanabad/forest","200","location","https://www.searchsarkarinaukri.com/districts/osmanabad/forest","49"
"https://www.searchsarkarinaukri.com/districts/osmanabad/health","200","location","https://www.searchsarkarinaukri.com/districts/osmanabad/health","49"
"https://www.searchsarkarinaukri.com/districts/osmanabad/mpsc","200","location","https://www.searchsarkarinaukri.com/districts/osmanabad/mpsc","49"
"https://www.searchsarkarinaukri.com/districts/osmanabad/police","200","location","https://www.searchsarkarinaukri.com/districts/osmanabad/police","49"
"https://www.searchsarkarinaukri.com/districts/osmanabad/railway","200","location","https://www.searchsarkarinaukri.com/districts/osmanabad/railway","49"
"https://www.searchsarkarinaukri.com/districts/osmanabad/ssc","200","location","https://www.searchsarkarinaukri.com/districts/osmanabad/ssc","49"
"https://www.searchsarkarinaukri.com/districts/osmanabad/talathi","200","location","https://www.searchsarkarinaukri.com/districts/osmanabad/talathi","49"
"https://www.searchsarkarinaukri.com/districts/osmanabad/upsc","200","location","https://www.searchsarkarinaukri.com/districts/osmanabad/upsc","49"
"https://www.searchsarkarinaukri.com/districts/osmanabad/zp","200","location","https://www.searchsarkarinaukri.com/districts/osmanabad/zp","49"
"https://www.searchsarkarinaukri.com/districts/palghar/banking","200","location","https://www.searchsarkarinaukri.com/districts/palghar/banking","49"
"https://www.searchsarkarinaukri.com/districts/palghar/central","200","location","https://www.searchsarkarinaukri.com/districts/palghar/central","49"
"https://www.searchsarkarinaukri.com/districts/palghar/education","200","location","https://www.searchsarkarinaukri.com/districts/palghar/education","49"
"https://www.searchsarkarinaukri.com/districts/palghar/forest","200","location","https://www.searchsarkarinaukri.com/districts/palghar/forest","49"
"https://www.searchsarkarinaukri.com/districts/palghar/health","200","location","https://www.searchsarkarinaukri.com/districts/palghar/health","49"
"https://www.searchsarkarinaukri.com/districts/palghar/mpsc","200","location","https://www.searchsarkarinaukri.com/districts/palghar/mpsc","49"
"https://www.searchsarkarinaukri.com/districts/palghar/police","200","location","https://www.searchsarkarinaukri.com/districts/palghar/police","49"
"https://www.searchsarkarinaukri.com/districts/palghar/railway","200","location","https://www.searchsarkarinaukri.com/districts/palghar/railway","49"
"https://www.searchsarkarinaukri.com/districts/palghar/ssc","200","location","https://www.searchsarkarinaukri.com/districts/palghar/ssc","49"
"https://www.searchsarkarinaukri.com/districts/palghar/talathi","200","location","https://www.searchsarkarinaukri.com/districts/palghar/talathi","49"
"https://www.searchsarkarinaukri.com/districts/palghar/upsc","200","location","https://www.searchsarkarinaukri.com/districts/palghar/upsc","49"
"https://www.searchsarkarinaukri.com/districts/palghar/zp","200","location","https://www.searchsarkarinaukri.com/districts/palghar/zp","49"
"https://www.searchsarkarinaukri.com/districts/parbhani/banking","200","location","https://www.searchsarkarinaukri.com/districts/parbhani/banking","49"
"https://www.searchsarkarinaukri.com/districts/parbhani/central","200","location","https://www.searchsarkarinaukri.com/districts/parbhani/central","49"
"https://www.searchsarkarinaukri.com/districts/parbhani/education","200","location","https://www.searchsarkarinaukri.com/districts/parbhani/education","49"
"https://www.searchsarkarinaukri.com/districts/parbhani/forest","200","location","https://www.searchsarkarinaukri.com/districts/parbhani/forest","49"
"https://www.searchsarkarinaukri.com/districts/parbhani/health","200","location","https://www.searchsarkarinaukri.com/districts/parbhani/health","49"
"https://www.searchsarkarinaukri.com/districts/parbhani/mpsc","200","location","https://www.searchsarkarinaukri.com/districts/parbhani/mpsc","49"
"https://www.searchsarkarinaukri.com/districts/parbhani/police","200","location","https://www.searchsarkarinaukri.com/districts/parbhani/police","49"
"https://www.searchsarkarinaukri.com/districts/parbhani/railway","200","location","https://www.searchsarkarinaukri.com/districts/parbhani/railway","49"
"https://www.searchsarkarinaukri.com/districts/parbhani/ssc","200","location","https://www.searchsarkarinaukri.com/districts/parbhani/ssc","49"
"https://www.searchsarkarinaukri.com/districts/parbhani/talathi","200","location","https://www.searchsarkarinaukri.com/districts/parbhani/talathi","49"
"https://www.searchsarkarinaukri.com/districts/parbhani/upsc","200","location","https://www.searchsarkarinaukri.com/districts/parbhani/upsc","49"
"https://www.searchsarkarinaukri.com/districts/parbhani/zp","200","location","https://www.searchsarkarinaukri.com/districts/parbhani/zp","49"
"https://www.searchsarkarinaukri.com/districts/pune/banking","200","location","https://www.searchsarkarinaukri.com/districts/pune/banking","49"
"https://www.searchsarkarinaukri.com/districts/pune/forest","200","location","https://www.searchsarkarinaukri.com/districts/pune/forest","49"
"https://www.searchsarkarinaukri.com/districts/pune/mpsc","200","location","https://www.searchsarkarinaukri.com/districts/pune/mpsc","49"
"https://www.searchsarkarinaukri.com/districts/pune/police","200","location","https://www.searchsarkarinaukri.com/districts/pune/police","49"
"https://www.searchsarkarinaukri.com/districts/pune/railway","200","location","https://www.searchsarkarinaukri.com/districts/pune/railway","49"
"https://www.searchsarkarinaukri.com/districts/pune/ssc","200","location","https://www.searchsarkarinaukri.com/districts/pune/ssc","49"
"https://www.searchsarkarinaukri.com/districts/pune/talathi","200","location","https://www.searchsarkarinaukri.com/districts/pune/talathi","49"
"https://www.searchsarkarinaukri.com/districts/pune/upsc","200","location","https://www.searchsarkarinaukri.com/districts/pune/upsc","49"
"https://www.searchsarkarinaukri.com/districts/pune/zp","200","location","https://www.searchsarkarinaukri.com/districts/pune/zp","49"
"https://www.searchsarkarinaukri.com/districts/raigad/banking","200","location","https://www.searchsarkarinaukri.com/districts/raigad/banking","49"
"https://www.searchsarkarinaukri.com/districts/raigad/education","200","location","https://www.searchsarkarinaukri.com/districts/raigad/education","49"
"https://www.searchsarkarinaukri.com/districts/raigad/forest","200","location","https://www.searchsarkarinaukri.com/districts/raigad/forest","49"
"https://www.searchsarkarinaukri.com/districts/raigad/health","200","location","https://www.searchsarkarinaukri.com/districts/raigad/health","49"
"https://www.searchsarkarinaukri.com/districts/raigad/mpsc","200","location","https://www.searchsarkarinaukri.com/districts/raigad/mpsc","49"
"https://www.searchsarkarinaukri.com/districts/raigad/police","200","location","https://www.searchsarkarinaukri.com/districts/raigad/police","49"
"https://www.searchsarkarinaukri.com/districts/raigad/ssc","200","location","https://www.searchsarkarinaukri.com/districts/raigad/ssc","49"
"https://www.searchsarkarinaukri.com/districts/raigad/talathi","200","location","https://www.searchsarkarinaukri.com/districts/raigad/talathi","49"
"https://www.searchsarkarinaukri.com/districts/raigad/upsc","200","location","https://www.searchsarkarinaukri.com/districts/raigad/upsc","49"
"https://www.searchsarkarinaukri.com/districts/raigad/zp","200","location","https://www.searchsarkarinaukri.com/districts/raigad/zp","49"
"https://www.searchsarkarinaukri.com/districts/ratnagiri/banking","200","location","https://www.searchsarkarinaukri.com/districts/ratnagiri/banking","49"
"https://www.searchsarkarinaukri.com/districts/ratnagiri/education","200","location","https://www.searchsarkarinaukri.com/districts/ratnagiri/education","49"
"https://www.searchsarkarinaukri.com/districts/ratnagiri/forest","200","location","https://www.searchsarkarinaukri.com/districts/ratnagiri/forest","49"
"https://www.searchsarkarinaukri.com/districts/ratnagiri/health","200","location","https://www.searchsarkarinaukri.com/districts/ratnagiri/health","49"
"https://www.searchsarkarinaukri.com/districts/ratnagiri/mpsc","200","location","https://www.searchsarkarinaukri.com/districts/ratnagiri/mpsc","49"
"https://www.searchsarkarinaukri.com/districts/ratnagiri/police","200","location","https://www.searchsarkarinaukri.com/districts/ratnagiri/police","49"
"https://www.searchsarkarinaukri.com/districts/ratnagiri/ssc","200","location","https://www.searchsarkarinaukri.com/districts/ratnagiri/ssc","49"
"https://www.searchsarkarinaukri.com/districts/ratnagiri/talathi","200","location","https://www.searchsarkarinaukri.com/districts/ratnagiri/talathi","49"
"https://www.searchsarkarinaukri.com/districts/ratnagiri/upsc","200","location","https://www.searchsarkarinaukri.com/districts/ratnagiri/upsc","49"
"https://www.searchsarkarinaukri.com/districts/ratnagiri/zp","200","location","https://www.searchsarkarinaukri.com/districts/ratnagiri/zp","49"
"https://www.searchsarkarinaukri.com/districts/sangli/banking","200","location","https://www.searchsarkarinaukri.com/districts/sangli/banking","49"
"https://www.searchsarkarinaukri.com/districts/sangli/central","200","location","https://www.searchsarkarinaukri.com/districts/sangli/central","49"
"https://www.searchsarkarinaukri.com/districts/sangli/education","200","location","https://www.searchsarkarinaukri.com/districts/sangli/education","49"
"https://www.searchsarkarinaukri.com/districts/sangli/forest","200","location","https://www.searchsarkarinaukri.com/districts/sangli/forest","49"
"https://www.searchsarkarinaukri.com/districts/sangli/health","200","location","https://www.searchsarkarinaukri.com/districts/sangli/health","49"
"https://www.searchsarkarinaukri.com/districts/sangli/mpsc","200","location","https://www.searchsarkarinaukri.com/districts/sangli/mpsc","49"
"https://www.searchsarkarinaukri.com/districts/sangli/police","200","location","https://www.searchsarkarinaukri.com/districts/sangli/police","49"
"https://www.searchsarkarinaukri.com/districts/sangli/railway","200","location","https://www.searchsarkarinaukri.com/districts/sangli/railway","49"
"https://www.searchsarkarinaukri.com/districts/sangli/ssc","200","location","https://www.searchsarkarinaukri.com/districts/sangli/ssc","49"
"https://www.searchsarkarinaukri.com/districts/sangli/talathi","200","location","https://www.searchsarkarinaukri.com/districts/sangli/talathi","49"
"https://www.searchsarkarinaukri.com/districts/sangli/upsc","200","location","https://www.searchsarkarinaukri.com/districts/sangli/upsc","49"
"https://www.searchsarkarinaukri.com/districts/sangli/zp","200","location","https://www.searchsarkarinaukri.com/districts/sangli/zp","49"
"https://www.searchsarkarinaukri.com/districts/satara/banking","200","location","https://www.searchsarkarinaukri.com/districts/satara/banking","49"
"https://www.searchsarkarinaukri.com/districts/satara/central","200","location","https://www.searchsarkarinaukri.com/districts/satara/central","49"
"https://www.searchsarkarinaukri.com/districts/satara/education","200","location","https://www.searchsarkarinaukri.com/districts/satara/education","49"
"https://www.searchsarkarinaukri.com/districts/satara/forest","200","location","https://www.searchsarkarinaukri.com/districts/satara/forest","49"
"https://www.searchsarkarinaukri.com/districts/satara/health","200","location","https://www.searchsarkarinaukri.com/districts/satara/health","49"
"https://www.searchsarkarinaukri.com/districts/satara/mpsc","200","location","https://www.searchsarkarinaukri.com/districts/satara/mpsc","49"
"https://www.searchsarkarinaukri.com/districts/satara/police","200","location","https://www.searchsarkarinaukri.com/districts/satara/police","49"
"https://www.searchsarkarinaukri.com/districts/satara/railway","200","location","https://www.searchsarkarinaukri.com/districts/satara/railway","49"
"https://www.searchsarkarinaukri.com/districts/satara/ssc","200","location","https://www.searchsarkarinaukri.com/districts/satara/ssc","49"
"https://www.searchsarkarinaukri.com/districts/satara/talathi","200","location","https://www.searchsarkarinaukri.com/districts/satara/talathi","49"
"https://www.searchsarkarinaukri.com/districts/satara/upsc","200","location","https://www.searchsarkarinaukri.com/districts/satara/upsc","49"
"https://www.searchsarkarinaukri.com/districts/satara/zp","200","location","https://www.searchsarkarinaukri.com/districts/satara/zp","49"
"https://www.searchsarkarinaukri.com/districts/sindhudurg/banking","200","location","https://www.searchsarkarinaukri.com/districts/sindhudurg/banking","49"
"https://www.searchsarkarinaukri.com/districts/sindhudurg/education","200","location","https://www.searchsarkarinaukri.com/districts/sindhudurg/education","49"
"https://www.searchsarkarinaukri.com/districts/sindhudurg/forest","200","location","https://www.searchsarkarinaukri.com/districts/sindhudurg/forest","49"
"https://www.searchsarkarinaukri.com/districts/sindhudurg/health","200","location","https://www.searchsarkarinaukri.com/districts/sindhudurg/health","49"
"https://www.searchsarkarinaukri.com/districts/sindhudurg/mpsc","200","location","https://www.searchsarkarinaukri.com/districts/sindhudurg/mpsc","49"
"https://www.searchsarkarinaukri.com/districts/sindhudurg/police","200","location","https://www.searchsarkarinaukri.com/districts/sindhudurg/police","49"
"https://www.searchsarkarinaukri.com/districts/sindhudurg/ssc","200","location","https://www.searchsarkarinaukri.com/districts/sindhudurg/ssc","49"
"https://www.searchsarkarinaukri.com/districts/sindhudurg/talathi","200","location","https://www.searchsarkarinaukri.com/districts/sindhudurg/talathi","49"
"https://www.searchsarkarinaukri.com/districts/sindhudurg/upsc","200","location","https://www.searchsarkarinaukri.com/districts/sindhudurg/upsc","49"
"https://www.searchsarkarinaukri.com/districts/sindhudurg/zp","200","location","https://www.searchsarkarinaukri.com/districts/sindhudurg/zp","49"
"https://www.searchsarkarinaukri.com/districts/solapur/banking","200","location","https://www.searchsarkarinaukri.com/districts/solapur/banking","49"
"https://www.searchsarkarinaukri.com/districts/solapur/central","200","location","https://www.searchsarkarinaukri.com/districts/solapur/central","49"
"https://www.searchsarkarinaukri.com/districts/solapur/education","200","location","https://www.searchsarkarinaukri.com/districts/solapur/education","49"
"https://www.searchsarkarinaukri.com/districts/solapur/forest","200","location","https://www.searchsarkarinaukri.com/districts/solapur/forest","49"
"https://www.searchsarkarinaukri.com/districts/solapur/health","200","location","https://www.searchsarkarinaukri.com/districts/solapur/health","49"
"https://www.searchsarkarinaukri.com/districts/solapur/mpsc","200","location","https://www.searchsarkarinaukri.com/districts/solapur/mpsc","49"
"https://www.searchsarkarinaukri.com/districts/solapur/police","200","location","https://www.searchsarkarinaukri.com/districts/solapur/police","49"
"https://www.searchsarkarinaukri.com/districts/solapur/railway","200","location","https://www.searchsarkarinaukri.com/districts/solapur/railway","49"
"https://www.searchsarkarinaukri.com/districts/solapur/ssc","200","location","https://www.searchsarkarinaukri.com/districts/solapur/ssc","49"
"https://www.searchsarkarinaukri.com/districts/solapur/talathi","200","location","https://www.searchsarkarinaukri.com/districts/solapur/talathi","49"
"https://www.searchsarkarinaukri.com/districts/solapur/upsc","200","location","https://www.searchsarkarinaukri.com/districts/solapur/upsc","49"
"https://www.searchsarkarinaukri.com/districts/solapur/zp","200","location","https://www.searchsarkarinaukri.com/districts/solapur/zp","49"
"https://www.searchsarkarinaukri.com/districts/thane/banking","200","location","https://www.searchsarkarinaukri.com/districts/thane/banking","49"
"https://www.searchsarkarinaukri.com/districts/thane/central","200","location","https://www.searchsarkarinaukri.com/districts/thane/central","49"
"https://www.searchsarkarinaukri.com/districts/thane/education","200","location","https://www.searchsarkarinaukri.com/districts/thane/education","49"
"https://www.searchsarkarinaukri.com/districts/thane/forest","200","location","https://www.searchsarkarinaukri.com/districts/thane/forest","49"
"https://www.searchsarkarinaukri.com/districts/thane/health","200","location","https://www.searchsarkarinaukri.com/districts/thane/health","49"
"https://www.searchsarkarinaukri.com/districts/thane/mpsc","200","location","https://www.searchsarkarinaukri.com/districts/thane/mpsc","49"
"https://www.searchsarkarinaukri.com/districts/thane/police","200","location","https://www.searchsarkarinaukri.com/districts/thane/police","49"
"https://www.searchsarkarinaukri.com/districts/thane/ssc","200","location","https://www.searchsarkarinaukri.com/districts/thane/ssc","49"
"https://www.searchsarkarinaukri.com/districts/thane/talathi","200","location","https://www.searchsarkarinaukri.com/districts/thane/talathi","49"
"https://www.searchsarkarinaukri.com/districts/thane/upsc","200","location","https://www.searchsarkarinaukri.com/districts/thane/upsc","49"
"https://www.searchsarkarinaukri.com/districts/thane/zp","200","location","https://www.searchsarkarinaukri.com/districts/thane/zp","49"
"https://www.searchsarkarinaukri.com/districts/wardha/banking","200","location","https://www.searchsarkarinaukri.com/districts/wardha/banking","49"
"https://www.searchsarkarinaukri.com/districts/wardha/central","200","location","https://www.searchsarkarinaukri.com/districts/wardha/central","49"
"https://www.searchsarkarinaukri.com/districts/wardha/education","200","location","https://www.searchsarkarinaukri.com/districts/wardha/education","49"
"https://www.searchsarkarinaukri.com/districts/wardha/forest","200","location","https://www.searchsarkarinaukri.com/districts/wardha/forest","49"
"https://www.searchsarkarinaukri.com/districts/wardha/health","200","location","https://www.searchsarkarinaukri.com/districts/wardha/health","49"
"https://www.searchsarkarinaukri.com/districts/wardha/mpsc","200","location","https://www.searchsarkarinaukri.com/districts/wardha/mpsc","49"
"https://www.searchsarkarinaukri.com/districts/wardha/police","200","location","https://www.searchsarkarinaukri.com/districts/wardha/police","49"
"https://www.searchsarkarinaukri.com/districts/wardha/railway","200","location","https://www.searchsarkarinaukri.com/districts/wardha/railway","49"
"https://www.searchsarkarinaukri.com/districts/wardha/ssc","200","location","https://www.searchsarkarinaukri.com/districts/wardha/ssc","49"
"https://www.searchsarkarinaukri.com/districts/wardha/talathi","200","location","https://www.searchsarkarinaukri.com/districts/wardha/talathi","49"
"https://www.searchsarkarinaukri.com/districts/wardha/upsc","200","location","https://www.searchsarkarinaukri.com/districts/wardha/upsc","49"
"https://www.searchsarkarinaukri.com/districts/wardha/zp","200","location","https://www.searchsarkarinaukri.com/districts/wardha/zp","49"
"https://www.searchsarkarinaukri.com/districts/washim/banking","200","location","https://www.searchsarkarinaukri.com/districts/washim/banking","49"
"https://www.searchsarkarinaukri.com/districts/washim/central","200","location","https://www.searchsarkarinaukri.com/districts/washim/central","49"
"https://www.searchsarkarinaukri.com/districts/washim/education","200","location","https://www.searchsarkarinaukri.com/districts/washim/education","49"
"https://www.searchsarkarinaukri.com/districts/washim/forest","200","location","https://www.searchsarkarinaukri.com/districts/washim/forest","49"
"https://www.searchsarkarinaukri.com/districts/washim/health","200","location","https://www.searchsarkarinaukri.com/districts/washim/health","49"
"https://www.searchsarkarinaukri.com/districts/washim/mpsc","200","location","https://www.searchsarkarinaukri.com/districts/washim/mpsc","49"
"https://www.searchsarkarinaukri.com/districts/washim/police","200","location","https://www.searchsarkarinaukri.com/districts/washim/police","49"
"https://www.searchsarkarinaukri.com/districts/washim/railway","200","location","https://www.searchsarkarinaukri.com/districts/washim/railway","49"
"https://www.searchsarkarinaukri.com/districts/washim/ssc","200","location","https://www.searchsarkarinaukri.com/districts/washim/ssc","49"
"https://www.searchsarkarinaukri.com/districts/washim/talathi","200","location","https://www.searchsarkarinaukri.com/districts/washim/talathi","49"
"https://www.searchsarkarinaukri.com/districts/washim/upsc","200","location","https://www.searchsarkarinaukri.com/districts/washim/upsc","49"
"https://www.searchsarkarinaukri.com/districts/washim/zp","200","location","https://www.searchsarkarinaukri.com/districts/washim/zp","49"
"https://www.searchsarkarinaukri.com/districts/yavatmal/banking","200","location","https://www.searchsarkarinaukri.com/districts/yavatmal/banking","49"
"https://www.searchsarkarinaukri.com/districts/yavatmal/central","200","location","https://www.searchsarkarinaukri.com/districts/yavatmal/central","49"
"https://www.searchsarkarinaukri.com/districts/yavatmal/education","200","location","https://www.searchsarkarinaukri.com/districts/yavatmal/education","49"
"https://www.searchsarkarinaukri.com/districts/yavatmal/forest","200","location","https://www.searchsarkarinaukri.com/districts/yavatmal/forest","49"
"https://www.searchsarkarinaukri.com/districts/yavatmal/health","200","location","https://www.searchsarkarinaukri.com/districts/yavatmal/health","49"
"https://www.searchsarkarinaukri.com/districts/yavatmal/mpsc","200","location","https://www.searchsarkarinaukri.com/districts/yavatmal/mpsc","49"
"https://www.searchsarkarinaukri.com/districts/yavatmal/police","200","location","https://www.searchsarkarinaukri.com/districts/yavatmal/police","49"
"https://www.searchsarkarinaukri.com/districts/yavatmal/railway","200","location","https://www.searchsarkarinaukri.com/districts/yavatmal/railway","49"
"https://www.searchsarkarinaukri.com/districts/yavatmal/ssc","200","location","https://www.searchsarkarinaukri.com/districts/yavatmal/ssc","49"
"https://www.searchsarkarinaukri.com/districts/yavatmal/talathi","200","location","https://www.searchsarkarinaukri.com/districts/yavatmal/talathi","49"
"https://www.searchsarkarinaukri.com/districts/yavatmal/upsc","200","location","https://www.searchsarkarinaukri.com/districts/yavatmal/upsc","49"
"https://www.searchsarkarinaukri.com/districts/yavatmal/zp","200","location","https://www.searchsarkarinaukri.com/districts/yavatmal/zp","49"
"https://www.searchsarkarinaukri.com/jobs?category=banking","200","category-filter","https://www.searchsarkarinaukri.com/jobs?category=banking","17"
"https://www.searchsarkarinaukri.com/jobs?category=central","200","category-filter","https://www.searchsarkarinaukri.com/jobs?category=central","16"
"https://www.searchsarkarinaukri.com/jobs?category=education","200","category-filter","https://www.searchsarkarinaukri.com/jobs?category=education","16"
"https://www.searchsarkarinaukri.com/jobs?category=forest","200","category-filter","https://www.searchsarkarinaukri.com/jobs?category=forest","16"
"https://www.searchsarkarinaukri.com/jobs?category=health","200","category-filter","https://www.searchsarkarinaukri.com/jobs?category=health","16"
"https://www.searchsarkarinaukri.com/jobs?category=mpsc","200","category-filter","https://www.searchsarkarinaukri.com/jobs?category=mpsc","17"
"https://www.searchsarkarinaukri.com/jobs?category=police","200","category-filter","https://www.searchsarkarinaukri.com/jobs?category=police","17"
"https://www.searchsarkarinaukri.com/jobs?category=railway","200","category-filter","https://www.searchsarkarinaukri.com/jobs?category=railway","17"
"https://www.searchsarkarinaukri.com/jobs?category=ssc","200","category-filter","https://www.searchsarkarinaukri.com/jobs?category=ssc","17"
"https://www.searchsarkarinaukri.com/jobs?category=talathi","200","category-filter","https://www.searchsarkarinaukri.com/jobs?category=talathi","17"
"https://www.searchsarkarinaukri.com/jobs?category=upsc","200","category-filter","https://www.searchsarkarinaukri.com/jobs?category=upsc","17"
"https://www.searchsarkarinaukri.com/jobs?category=zp","200","category-filter","https://www.searchsarkarinaukri.com/jobs?category=zp","17"
"https://www.searchsarkarinaukri.com/jobs?search=police","200","other","https://www.searchsarkarinaukri.com/jobs?search=police","37"
"https://www.searchsarkarinaukri.com/jobs?search=ZP%20Jobs","200","other","https://www.searchsarkarinaukri.com/jobs?search=ZP%20Jobs","37"
"https://www.searchsarkarinaukri.com/news/291751","200","news","https://www.searchsarkarinaukri.com/news/291751","1"
"https://www.searchsarkarinaukri.com/news/291752","200","news","https://www.searchsarkarinaukri.com/news/291752","1"
"https://www.searchsarkarinaukri.com/news/291753","200","news","https://www.searchsarkarinaukri.com/news/291753","1"
"https://www.searchsarkarinaukri.com/news/291754","200","news","https://www.searchsarkarinaukri.com/news/291754","1"
"https://www.searchsarkarinaukri.com/news/291755","200","news","https://www.searchsarkarinaukri.com/news/291755","1"
"https://www.searchsarkarinaukri.com/news/291756","200","news","https://www.searchsarkarinaukri.com/news/291756","1"
"https://www.searchsarkarinaukri.com/news/291757","200","news","https://www.searchsarkarinaukri.com/news/291757","1"
"https://www.searchsarkarinaukri.com/news/291758","200","news","https://www.searchsarkarinaukri.com/news/291758","1"
"https://www.searchsarkarinaukri.com/news/291759","200","news","https://www.searchsarkarinaukri.com/news/291759","1"
"https://www.searchsarkarinaukri.com/news/291760","200","news","https://www.searchsarkarinaukri.com/news/291760","1"
"https://www.searchsarkarinaukri.com/news/291761","200","news","https://www.searchsarkarinaukri.com/news/291761","1"
"https://www.searchsarkarinaukri.com/news/291762","200","news","https://www.searchsarkarinaukri.com/news/291762","1"
"https://www.searchsarkarinaukri.com/news/291925","200","news","https://www.searchsarkarinaukri.com/news/291925","1"
"https://www.searchsarkarinaukri.com/news/292897","200","news","https://www.searchsarkarinaukri.com/news/292897","1"
"https://www.searchsarkarinaukri.com/news/294839","200","news","https://www.searchsarkarinaukri.com/news/294839","1"
"https://www.searchsarkarinaukri.com/news/295001","200","news","https://www.searchsarkarinaukri.com/news/295001","1"
"https://www.searchsarkarinaukri.com/news/295163","200","news","https://www.searchsarkarinaukri.com/news/295163","1"
"https://www.searchsarkarinaukri.com/news/295811","200","news","https://www.searchsarkarinaukri.com/news/295811","1"
"https://www.searchsarkarinaukri.com/news/295836","200","news","https://www.searchsarkarinaukri.com/news/295836","1"
"https://www.searchsarkarinaukri.com/news/296135","200","news","https://www.searchsarkarinaukri.com/news/296135","1"
"https://www.searchsarkarinaukri.com/news/296136","200","news","https://www.searchsarkarinaukri.com/news/296136","1"
"https://www.searchsarkarinaukri.com/news/296160","200","news","https://www.searchsarkarinaukri.com/news/296160","1"
"https://www.searchsarkarinaukri.com/news/296161","200","news","https://www.searchsarkarinaukri.com/news/296161","1"
"https://www.searchsarkarinaukri.com/news/298727","200","news","https://www.searchsarkarinaukri.com/news/298727","1"
"https://www.searchsarkarinaukri.com/news/298752","200","news","https://www.searchsarkarinaukri.com/news/298752","1"
"https://www.searchsarkarinaukri.com/news/298889","200","news","https://www.searchsarkarinaukri.com/news/298889","1"
"https://www.searchsarkarinaukri.com/news/299562","200","news","https://www.searchsarkarinaukri.com/news/299562","1"
"https://www.searchsarkarinaukri.com/news/301506","200","news","https://www.searchsarkarinaukri.com/news/301506","1"
"https://www.searchsarkarinaukri.com/news/301829","200","news","https://www.searchsarkarinaukri.com/news/301829","1"
"https://www.searchsarkarinaukri.com/news/301830","200","news","https://www.searchsarkarinaukri.com/news/301830","1"
"https://www.searchsarkarinaukri.com/news/302128","200","news","https://www.searchsarkarinaukri.com/news/302128","1"
"https://www.searchsarkarinaukri.com/news/302129","200","news","https://www.searchsarkarinaukri.com/news/302129","1"
"https://www.searchsarkarinaukri.com/news/302290","200","news","https://www.searchsarkarinaukri.com/news/302290","1"
"https://www.searchsarkarinaukri.com/news/302452","200","news","https://www.searchsarkarinaukri.com/news/302452","1"
"https://www.searchsarkarinaukri.com/news/302453","200","news","https://www.searchsarkarinaukri.com/news/302453","1"
"https://www.searchsarkarinaukri.com/news/302801","200","news","https://www.searchsarkarinaukri.com/news/302801","1"
"https://www.searchsarkarinaukri.com/news/303424","200","news","https://www.searchsarkarinaukri.com/news/303424","1"
"https://www.searchsarkarinaukri.com/news/303587","200","news","https://www.searchsarkarinaukri.com/news/303587","1"
"https://www.searchsarkarinaukri.com/news/303588","200","news","https://www.searchsarkarinaukri.com/news/303588","1"
"https://www.searchsarkarinaukri.com/news/303935","200","news","https://www.searchsarkarinaukri.com/news/303935","1"
"https://www.searchsarkarinaukri.com/news/303936","200","news","https://www.searchsarkarinaukri.com/news/303936","1"
"https://www.searchsarkarinaukri.com/news/304421","200","news","https://www.searchsarkarinaukri.com/news/304421","1"
"https://www.searchsarkarinaukri.com/news/304422","200","news","https://www.searchsarkarinaukri.com/news/304422","1"
"https://www.searchsarkarinaukri.com/news/305854","200","news","https://www.searchsarkarinaukri.com/news/305854","1"
"https://www.searchsarkarinaukri.com/news/306016","200","news","https://www.searchsarkarinaukri.com/news/306016","1"
"https://www.searchsarkarinaukri.com/news/306017","200","news","https://www.searchsarkarinaukri.com/news/306017","1"
"https://www.searchsarkarinaukri.com/news/306018","200","news","https://www.searchsarkarinaukri.com/news/306018","1"
"https://www.searchsarkarinaukri.com/news/306019","200","news","https://www.searchsarkarinaukri.com/news/306019","1"
"https://www.searchsarkarinaukri.com/news/306020","200","news","https://www.searchsarkarinaukri.com/news/306020","1"
"https://www.searchsarkarinaukri.com/news/306021","200","news","https://www.searchsarkarinaukri.com/news/306021","1"
