"body_sha256","duplicate_count","page_type","url"
"5d1b66a1120bed6737529acdb6628437c74afd61f3cb1e2dd313138efc244010","2","admit-card","https://www.searchsarkarinaukri.com/admit-cards/17"
"5d1b66a1120bed6737529acdb6628437c74afd61f3cb1e2dd313138efc244010","2","admit-card","https://www.searchsarkarinaukri.com/admit-cards/24"
"13a57485c8d5f9f39e46aa082e2c2c3a234f7b2baa9a53ed244fb38355f60972","2","admit-card","https://www.searchsarkarinaukri.com/admit-cards/19"
"13a57485c8d5f9f39e46aa082e2c2c3a234f7b2baa9a53ed244fb38355f60972","2","admit-card","https://www.searchsarkarinaukri.com/admit-cards/27"
"93601cc4bf3f492e9ebf98f69a15135e13b93c339a49cc875a77106eed72d0bd","2","admit-card","https://www.searchsarkarinaukri.com/admit-cards/20"
"93601cc4bf3f492e9ebf98f69a15135e13b93c339a49cc875a77106eed72d0bd","2","admit-card","https://www.searchsarkarinaukri.com/admit-cards/25"
"1448930638713aab34fbcfbcd8d9cb56becbbb72dcb63d38fd0eb7c4fe2467d0","2","admit-card","https://www.searchsarkarinaukri.com/admit-cards/22"
"1448930638713aab34fbcfbcd8d9cb56becbbb72dcb63d38fd0eb7c4fe2467d0","2","admit-card","https://www.searchsarkarinaukri.com/admit-cards/29"
"1526be46fa7d54eae620dcabcd43028761a45798044d0845939851939b078e16","5","admit-card","https://www.searchsarkarinaukri.com/admit-cards/31"
"1526be46fa7d54eae620dcabcd43028761a45798044d0845939851939b078e16","5","admit-card","https://www.searchsarkarinaukri.com/admit-cards/38"
"1526be46fa7d54eae620dcabcd43028761a45798044d0845939851939b078e16","5","admit-card","https://www.searchsarkarinaukri.com/admit-cards/47"
"1526be46fa7d54eae620dcabcd43028761a45798044d0845939851939b078e16","5","admit-card","https://www.searchsarkarinaukri.com/admit-cards/53"
"1526be46fa7d54eae620dcabcd43028761a45798044d0845939851939b078e16","5","admit-card","https://www.searchsarkarinaukri.com/admit-cards/61"
"3c10daf39c13f02b396b50f950597dfb391b69444534c0a8f350b77f7081dacc","2","admit-card","https://www.searchsarkarinaukri.com/admit-cards/32"
"3c10daf39c13f02b396b50f950597dfb391b69444534c0a8f350b77f7081dacc","2","admit-card","https://www.searchsarkarinaukri.com/admit-cards/39"
"053ea5223e0adb5ab75cd1b7269cca99265bfaeed255f2a37ad1b6e5becd78a9","3","admit-card","https://www.searchsarkarinaukri.com/admit-cards/33"
"053ea5223e0adb5ab75cd1b7269cca99265bfaeed255f2a37ad1b6e5becd78a9","3","admit-card","https://www.searchsarkarinaukri.com/admit-cards/40"
"053ea5223e0adb5ab75cd1b7269cca99265bfaeed255f2a37ad1b6e5becd78a9","3","admit-card","https://www.searchsarkarinaukri.com/admit-cards/48"
"158f31e298ada8f7565ab54811d1e4716aa4f64815b549cee1a7503f010b1ce2","4","admit-card","https://www.searchsarkarinaukri.com/admit-cards/36"
"158f31e298ada8f7565ab54811d1e4716aa4f64815b549cee1a7503f010b1ce2","4","admit-card","https://www.searchsarkarinaukri.com/admit-cards/43"
"158f31e298ada8f7565ab54811d1e4716aa4f64815b549cee1a7503f010b1ce2","4","admit-card","https://www.searchsarkarinaukri.com/admit-cards/50"
"158f31e298ada8f7565ab54811d1e4716aa4f64815b549cee1a7503f010b1ce2","4","admit-card","https://www.searchsarkarinaukri.com/admit-cards/56"
"267ec65a79c8a30053742e266a6c6220108cac119deefe045df66c356573107a","3","admit-card","https://www.searchsarkarinaukri.com/admit-cards/68"
"267ec65a79c8a30053742e266a6c6220108cac119deefe045df66c356573107a","3","admit-card","https://www.searchsarkarinaukri.com/admit-cards/73"
"267ec65a79c8a30053742e266a6c6220108cac119deefe045df66c356573107a","3","admit-card","https://www.searchsarkarinaukri.com/admit-cards/81"
"5b54ae1e4dd41ea288d97d47cb722a87e974556be20b96a32c6c81f083127fbd","2","admit-card","https://www.searchsarkarinaukri.com/admit-cards/76"
"5b54ae1e4dd41ea288d97d47cb722a87e974556be20b96a32c6c81f083127fbd","2","admit-card","https://www.searchsarkarinaukri.com/admit-cards/82"
"91a14f472dc186ef30f9d5f06e4a8c3cfe1a60227d31179ae32f9bd2ef59b3f6","452","blog","https://www.searchsarkarinaukri.com/blogs"
"91a14f472dc186ef30f9d5f06e4a8c3cfe1a60227d31179ae32f9bd2ef59b3f6","452","blog","https://www.searchsarkarinaukri.com/blogs?category=Career%20Guide"
"91a14f472dc186ef30f9d5f06e4a8c3cfe1a60227d31179ae32f9bd2ef59b3f6","452","blog","https://www.searchsarkarinaukri.com/blogs?category=Career"
"91a14f472dc186ef30f9d5f06e4a8c3cfe1a60227d31179ae32f9bd2ef59b3f6","452","blog","https://www.searchsarkarinaukri.com/blogs?category=Careers%20%26%20Society"
"91a14f472dc186ef30f9d5f06e4a8c3cfe1a60227d31179ae32f9bd2ef59b3f6","452","blog","https://www.searchsarkarinaukri.com/blogs?category=Current%20Affairs"
"91a14f472dc186ef30f9d5f06e4a8c3cfe1a60227d31179ae32f9bd2ef59b3f6","452","blog","https://www.searchsarkarinaukri.com/blogs?category=Current%20Affairs%20Explained"
"91a14f472dc186ef30f9d5f06e4a8c3cfe1a60227d31179ae32f9bd2ef59b3f6","452","blog","https://www.searchsarkarinaukri.com/blogs?category=Education%20%26%20Society"
"91a14f472dc186ef30f9d5f06e4a8c3cfe1a60227d31179ae32f9bd2ef59b3f6","452","blog","https://www.searchsarkarinaukri.com/blogs?category=Exam%20Culture%20%26%20Society"
"91a14f472dc186ef30f9d5f06e4a8c3cfe1a60227d31179ae32f9bd2ef59b3f6","452","blog","https://www.searchsarkarinaukri.com/blogs?category=Exam%20Preparation"
"91a14f472dc186ef30f9d5f06e4a8c3cfe1a60227d31179ae32f9bd2ef59b3f6","452","blog","https://www.searchsarkarinaukri.com/blogs?category=Future%20of%20Education"
"91a14f472dc186ef30f9d5f06e4a8c3cfe1a60227d31179ae32f9bd2ef59b3f6","452","blog","https://www.searchsarkarinaukri.com/blogs?category=Government%20Careers"
"91a14f472dc186ef30f9d5f06e4a8c3cfe1a60227d31179ae32f9bd2ef59b3f6","452","blog","https://www.searchsarkarinaukri.com/blogs?category=Future%20of%20Work%20%26%20Education"
"91a14f472dc186ef30f9d5f06e4a8c3cfe1a60227d31179ae32f9bd2ef59b3f6","452","blog","https://www.searchsarkarinaukri.com/blogs?category=Government%20Exams"
"91a14f472dc186ef30f9d5f06e4a8c3cfe1a60227d31179ae32f9bd2ef59b3f6","452","blog","https://www.searchsarkarinaukri.com/blogs?category=Government%20Facts"
"91a14f472dc186ef30f9d5f06e4a8c3cfe1a60227d31179ae32f9bd2ef59b3f6","452","blog","https://www.searchsarkarinaukri.com/blogs?category=Government%20History"
"91a14f472dc186ef30f9d5f06e4a8c3cfe1a60227d31179ae32f9bd2ef59b3f6","452","blog","https://www.searchsarkarinaukri.com/blogs?category=Government%20Jobs"
"91a14f472dc186ef30f9d5f06e4a8c3cfe1a60227d31179ae32f9bd2ef59b3f6","452","blog","https://www.searchsarkarinaukri.com/blogs?category=Government%20Policies%20%26%20Explained"
"91a14f472dc186ef30f9d5f06e4a8c3cfe1a60227d31179ae32f9bd2ef59b3f6","452","blog","https://www.searchsarkarinaukri.com/blogs?category=Government%20Schemes"
"91a14f472dc186ef30f9d5f06e4a8c3cfe1a60227d31179ae32f9bd2ef59b3f6","452","blog","https://www.searchsarkarinaukri.com/blogs?category=Government%20System"
"91a14f472dc186ef30f9d5f06e4a8c3cfe1a60227d31179ae32f9bd2ef59b3f6","452","blog","https://www.searchsarkarinaukri.com/blogs?category=India%20Explained"
"91a14f472dc186ef30f9d5f06e4a8c3cfe1a60227d31179ae32f9bd2ef59b3f6","452","blog","https://www.searchsarkarinaukri.com/blogs?category=Interesting%20Facts"
"91a14f472dc186ef30f9d5f06e4a8c3cfe1a60227d31179ae32f9bd2ef59b3f6","452","blog","https://www.searchsarkarinaukri.com/blogs?category=News"
"91a14f472dc186ef30f9d5f06e4a8c3cfe1a60227d31179ae32f9bd2ef59b3f6","452","blog","https://www.searchsarkarinaukri.com/blogs?category=Recruitment%20Guide"
"91a14f472dc186ef30f9d5f06e4a8c3cfe1a60227d31179ae32f9bd2ef59b3f6","452","blog","https://www.searchsarkarinaukri.com/blogs?category=Salary%20%26%20Benefits"
"91a14f472dc186ef30f9d5f06e4a8c3cfe1a60227d31179ae32f9bd2ef59b3f6","452","blog","https://www.searchsarkarinaukri.com/blogs?category=Technology%20%26%20India"
"91a14f472dc186ef30f9d5f06e4a8c3cfe1a60227d31179ae32f9bd2ef59b3f6","452","blog","https://www.searchsarkarinaukri.com/blogs?category=Work%20%26%20Society"
"91a14f472dc186ef30f9d5f06e4a8c3cfe1a60227d31179ae32f9bd2ef59b3f6","452","blog","https://www.searchsarkarinaukri.com/blogs?search=%E0%A4%B8%E0%A4%B0%E0%A4%95%E0%A4%BE%E0%A4%B0%E0%A5%80%20%E0%A4%A8%E0%A5%8C%E0%A4%95%E0%A4%B0%E0%A5%80%20%E0%A4%86%E0%A4%B5%E0%A5%87%E0%A4%A6%E0%A4%A8%20%E0%A4%95%E0%A5%88%E0%A4%B8%E0%A5%87%20%E0%A4%95%E0%A4%B0%E0%A5%87%E0%A4%82"
"91a14f472dc186ef30f9d5f06e4a8c3cfe1a60227d31179ae32f9bd2ef59b3f6","452","blog","https://www.searchsarkarinaukri.com/blogs?search=%E2%82%B9%20symbol"
"91a14f472dc186ef30f9d5f06e4a8c3cfe1a60227d31179ae32f9bd2ef59b3f6","452","blog","https://www.searchsarkarinaukri.com/blogs?search=10th%20Pass%20Govt%20Jobs"
"91a14f472dc186ef30f9d5f06e4a8c3cfe1a60227d31179ae32f9bd2ef59b3f6","452","blog","https://www.searchsarkarinaukri.com/blogs?search=10th%20pass%20sarkari%20naukri"
"91a14f472dc186ef30f9d5f06e4a8c3cfe1a60227d31179ae32f9bd2ef59b3f6","452","blog","https://www.searchsarkarinaukri.com/blogs?search=12th%20Pass%20Govt%20Jobs"
"91a14f472dc186ef30f9d5f06e4a8c3cfe1a60227d31179ae32f9bd2ef59b3f6","452","blog","https://www.searchsarkarinaukri.com/blogs?search=4G%20India"
"91a14f472dc186ef30f9d5f06e4a8c3cfe1a60227d31179ae32f9bd2ef59b3f6","452","blog","https://www.searchsarkarinaukri.com/blogs?search=5G%20India"
"91a14f472dc186ef30f9d5f06e4a8c3cfe1a60227d31179ae32f9bd2ef59b3f6","452","blog","https://www.searchsarkarinaukri.com/blogs?search=7th%20Pay%20Commission"
"91a14f472dc186ef30f9d5f06e4a8c3cfe1a60227d31179ae32f9bd2ef59b3f6","452","blog","https://www.searchsarkarinaukri.com/blogs?search=Aadhaar"
"91a14f472dc186ef30f9d5f06e4a8c3cfe1a60227d31179ae32f9bd2ef59b3f6","452","blog","https://www.searchsarkarinaukri.com/blogs?search=Aadhaar%20Card"
"91a14f472dc186ef30f9d5f06e4a8c3cfe1a60227d31179ae32f9bd2ef59b3f6","452","blog","https://www.searchsarkarinaukri.com/blogs?search=after%2012th%20government%20jobs"
"91a14f472dc186ef30f9d5f06e4a8c3cfe1a60227d31179ae32f9bd2ef59b3f6","452","blog","https://www.searchsarkarinaukri.com/blogs?search=agriculture"
"91a14f472dc186ef30f9d5f06e4a8c3cfe1a60227d31179ae32f9bd2ef59b3f6","452","blog","https://www.searchsarkarinaukri.com/blogs?search=AI%20and%20exams"
"91a14f472dc186ef30f9d5f06e4a8c3cfe1a60227d31179ae32f9bd2ef59b3f6","452","blog","https://www.searchsarkarinaukri.com/blogs?search=AI%20career"
"91a14f472dc186ef30f9d5f06e4a8c3cfe1a60227d31179ae32f9bd2ef59b3f6","452","blog","https://www.searchsarkarinaukri.com/blogs?search=AI%20careers"
"91a14f472dc186ef30f9d5f06e4a8c3cfe1a60227d31179ae32f9bd2ef59b3f6","452","blog","https://www.searchsarkarinaukri.com/blogs?search=AI%20education"
"91a14f472dc186ef30f9d5f06e4a8c3cfe1a60227d31179ae32f9bd2ef59b3f6","452","blog","https://www.searchsarkarinaukri.com/blogs?search=AI%20jobs"
"91a14f472dc186ef30f9d5f06e4a8c3cfe1a60227d31179ae32f9bd2ef59b3f6","452","blog","https://www.searchsarkarinaukri.com/blogs?search=AI%20literacy"
"91a14f472dc186ef30f9d5f06e4a8c3cfe1a60227d31179ae32f9bd2ef59b3f6","452","blog","https://www.searchsarkarinaukri.com/blogs?search=Airtel"
"91a14f472dc186ef30f9d5f06e4a8c3cfe1a60227d31179ae32f9bd2ef59b3f6","452","blog","https://www.searchsarkarinaukri.com/blogs?search=Answer%20Sheet"
"91a14f472dc186ef30f9d5f06e4a8c3cfe1a60227d31179ae32f9bd2ef59b3f6","452","blog","https://www.searchsarkarinaukri.com/blogs?search=application%20rejection"
"91a14f472dc186ef30f9d5f06e4a8c3cfe1a60227d31179ae32f9bd2ef59b3f6","452","blog","https://www.searchsarkarinaukri.com/blogs?search=Appointment%20Letter"
"91a14f472dc186ef30f9d5f06e4a8c3cfe1a60227d31179ae32f9bd2ef59b3f6","452","blog","https://www.searchsarkarinaukri.com/blogs?search=Article%20311"
"91a14f472dc186ef30f9d5f06e4a8c3cfe1a60227d31179ae32f9bd2ef59b3f6","452","blog","https://www.searchsarkarinaukri.com/blogs?search=artificial%20intelligence"
"91a14f472dc186ef30f9d5f06e4a8c3cfe1a60227d31179ae32f9bd2ef59b3f6","452","blog","https://www.searchsarkarinaukri.com/blogs?search=aspirants"
"91a14f472dc186ef30f9d5f06e4a8c3cfe1a60227d31179ae32f9bd2ef59b3f6","452","blog","https://www.searchsarkarinaukri.com/blogs?search=Attestation"
"91a14f472dc186ef30f9d5f06e4a8c3cfe1a60227d31179ae32f9bd2ef59b3f6","452","blog","https://www.searchsarkarinaukri.com/blogs?search=backup%20plan"
"91a14f472dc186ef30f9d5f06e4a8c3cfe1a60227d31179ae32f9bd2ef59b3f6","452","blog","https://www.searchsarkarinaukri.com/blogs?search=banking%20exams"
"91a14f472dc186ef30f9d5f06e4a8c3cfe1a60227d31179ae32f9bd2ef59b3f6","452","blog","https://www.searchsarkarinaukri.com/blogs?search=Banking%20Exams"
"91a14f472dc186ef30f9d5f06e4a8c3cfe1a60227d31179ae32f9bd2ef59b3f6","452","blog","https://www.searchsarkarinaukri.com/blogs?search=Basic%20Pay"
"91a14f472dc186ef30f9d5f06e4a8c3cfe1a60227d31179ae32f9bd2ef59b3f6","452","blog","https://www.searchsarkarinaukri.com/blogs?search=best%20government%20jobs%20after%2012th"
"91a14f472dc186ef30f9d5f06e4a8c3cfe1a60227d31179ae32f9bd2ef59b3f6","452","blog","https://www.searchsarkarinaukri.com/blogs?search=bill%20vs%20act"
"91a14f472dc186ef30f9d5f06e4a8c3cfe1a60227d31179ae32f9bd2ef59b3f6","452","blog","https://www.searchsarkarinaukri.com/blogs?search=Bureaucracy"
"91a14f472dc186ef30f9d5f06e4a8c3cfe1a60227d31179ae32f9bd2ef59b3f6","452","blog","https://www.searchsarkarinaukri.com/blogs?search=British%20India"
"91a14f472dc186ef30f9d5f06e4a8c3cfe1a60227d31179ae32f9bd2ef59b3f6","452","blog","https://www.searchsarkarinaukri.com/blogs?search=business"
"91a14f472dc186ef30f9d5f06e4a8c3cfe1a60227d31179ae32f9bd2ef59b3f6","452","blog","https://www.searchsarkarinaukri.com/blogs?search=Cabinet%20Secretariat"
"91a14f472dc186ef30f9d5f06e4a8c3cfe1a60227d31179ae32f9bd2ef59b3f6","452","blog","https://www.searchsarkarinaukri.com/blogs?search=Cabinet%20Secretary%20of%20India"
"91a14f472dc186ef30f9d5f06e4a8c3cfe1a60227d31179ae32f9bd2ef59b3f6","452","blog","https://www.searchsarkarinaukri.com/blogs?search=Cabinet%20Secretary"
"91a14f472dc186ef30f9d5f06e4a8c3cfe1a60227d31179ae32f9bd2ef59b3f6","452","blog","https://www.searchsarkarinaukri.com/blogs?search=CAG"
"91a14f472dc186ef30f9d5f06e4a8c3cfe1a60227d31179ae32f9bd2ef59b3f6","452","blog","https://www.searchsarkarinaukri.com/blogs?search=CAG%20India"
"91a14f472dc186ef30f9d5f06e4a8c3cfe1a60227d31179ae32f9bd2ef59b3f6","452","blog","https://www.searchsarkarinaukri.com/blogs?search=CAG%20reports"
"91a14f472dc186ef30f9d5f06e4a8c3cfe1a60227d31179ae32f9bd2ef59b3f6","452","blog","https://www.searchsarkarinaukri.com/blogs?search=capital%20of%20India"
"91a14f472dc186ef30f9d5f06e4a8c3cfe1a60227d31179ae32f9bd2ef59b3f6","452","blog","https://www.searchsarkarinaukri.com/blogs?search=career"
"91a14f472dc186ef30f9d5f06e4a8c3cfe1a60227d31179ae32f9bd2ef59b3f6","452","blog","https://www.searchsarkarinaukri.com/blogs?search=career%202026"
"91a14f472dc186ef30f9d5f06e4a8c3cfe1a60227d31179ae32f9bd2ef59b3f6","452","blog","https://www.searchsarkarinaukri.com/blogs?search=career%20choice"
"91a14f472dc186ef30f9d5f06e4a8c3cfe1a60227d31179ae32f9bd2ef59b3f6","452","blog","https://www.searchsarkarinaukri.com/blogs?search=career%20comparison"
"91a14f472dc186ef30f9d5f06e4a8c3cfe1a60227d31179ae32f9bd2ef59b3f6","452","blog","https://www.searchsarkarinaukri.com/blogs?search=career%20decisions"
"91a14f472dc186ef30f9d5f06e4a8c3cfe1a60227d31179ae32f9bd2ef59b3f6","452","blog","https://www.searchsarkarinaukri.com/blogs?search=Career%20Facts"
"91a14f472dc186ef30f9d5f06e4a8c3cfe1a60227d31179ae32f9bd2ef59b3f6","452","blog","https://www.searchsarkarinaukri.com/blogs?search=career%20future"
"91a14f472dc186ef30f9d5f06e4a8c3cfe1a60227d31179ae32f9bd2ef59b3f6","452","blog","https://www.searchsarkarinaukri.com/blogs?search=career%20growth"
"91a14f472dc186ef30f9d5f06e4a8c3cfe1a60227d31179ae32f9bd2ef59b3f6","452","blog","https://www.searchsarkarinaukri.com/blogs?search=Career%20Growth"
"91a14f472dc186ef30f9d5f06e4a8c3cfe1a60227d31179ae32f9bd2ef59b3f6","452","blog","https://www.searchsarkarinaukri.com/blogs?search=career%20opportunities"
"91a14f472dc186ef30f9d5f06e4a8c3cfe1a60227d31179ae32f9bd2ef59b3f6","452","blog","https://www.searchsarkarinaukri.com/blogs?search=Career%20Guide"
"91a14f472dc186ef30f9d5f06e4a8c3cfe1a60227d31179ae32f9bd2ef59b3f6","452","blog","https://www.searchsarkarinaukri.com/blogs?search=career%20planning"
"91a14f472dc186ef30f9d5f06e4a8c3cfe1a60227d31179ae32f9bd2ef59b3f6","452","blog","https://www.searchsarkarinaukri.com/blogs?search=career%20security"
"91a14f472dc186ef30f9d5f06e4a8c3cfe1a60227d31179ae32f9bd2ef59b3f6","452","blog","https://www.searchsarkarinaukri.com/blogs?search=career%20skills"
"91a14f472dc186ef30f9d5f06e4a8c3cfe1a60227d31179ae32f9bd2ef59b3f6","452","blog","https://www.searchsarkarinaukri.com/blogs?search=career%20stability"
"91a14f472dc186ef30f9d5f06e4a8c3cfe1a60227d31179ae32f9bd2ef59b3f6","452","blog","https://www.searchsarkarinaukri.com/blogs?search=cashless%20payments"
"91a14f472dc186ef30f9d5f06e4a8c3cfe1a60227d31179ae32f9bd2ef59b3f6","452","blog","https://www.searchsarkarinaukri.com/blogs?search=CBSE%20recruitment"
"91a14f472dc186ef30f9d5f06e4a8c3cfe1a60227d31179ae32f9bd2ef59b3f6","452","blog","https://www.searchsarkarinaukri.com/blogs?search=CBSE%20vacancies"
"91a14f472dc186ef30f9d5f06e4a8c3cfe1a60227d31179ae32f9bd2ef59b3f6","452","blog","https://www.searchsarkarinaukri.com/blogs?search=CCS%20rules"
"91a14f472dc186ef30f9d5f06e4a8c3cfe1a60227d31179ae32f9bd2ef59b3f6","452","blog","https://www.searchsarkarinaukri.com/blogs?search=central%20government"
"91a14f472dc186ef30f9d5f06e4a8c3cfe1a60227d31179ae32f9bd2ef59b3f6","452","blog","https://www.searchsarkarinaukri.com/blogs?search=Central%20Government"
"91a14f472dc186ef30f9d5f06e4a8c3cfe1a60227d31179ae32f9bd2ef59b3f6","452","blog","https://www.searchsarkarinaukri.com/blogs?search=Central%20Government%20employees"
"91a14f472dc186ef30f9d5f06e4a8c3cfe1a60227d31179ae32f9bd2ef59b3f6","452","blog","https://www.searchsarkarinaukri.com/blogs?search=CEO%20Zilla%20Parishad"
"91a14f472dc186ef30f9d5f06e4a8c3cfe1a60227d31179ae32f9bd2ef59b3f6","452","blog","https://www.searchsarkarinaukri.com/blogs?search=cheap%20internet%20India"
"91a14f472dc186ef30f9d5f06e4a8c3cfe1a60227d31179ae32f9bd2ef59b3f6","452","blog","https://www.searchsarkarinaukri.com/blogs?search=citizen%20rights"
"91a14f472dc186ef30f9d5f06e4a8c3cfe1a60227d31179ae32f9bd2ef59b3f6","452","blog","https://www.searchsarkarinaukri.com/blogs?search=civil%20services"
"91a14f472dc186ef30f9d5f06e4a8c3cfe1a60227d31179ae32f9bd2ef59b3f6","452","blog","https://www.searchsarkarinaukri.com/blogs?search=Civil%20Services"
"91a14f472dc186ef30f9d5f06e4a8c3cfe1a60227d31179ae32f9bd2ef59b3f6","452","blog","https://www.searchsarkarinaukri.com/blogs?search=coaching%20classes"
"91a14f472dc186ef30f9d5f06e4a8c3cfe1a60227d31179ae32f9bd2ef59b3f6","452","blog","https://www.searchsarkarinaukri.com/blogs?search=coaching%20industry%20India"
"91a14f472dc186ef30f9d5f06e4a8c3cfe1a60227d31179ae32f9bd2ef59b3f6","452","blog","https://www.searchsarkarinaukri.com/blogs?search=competitive%20exam%20coaching"
"91a14f472dc186ef30f9d5f06e4a8c3cfe1a60227d31179ae32f9bd2ef59b3f6","452","blog","https://www.searchsarkarinaukri.com/blogs?search=competitive%20exams"
"91a14f472dc186ef30f9d5f06e4a8c3cfe1a60227d31179ae32f9bd2ef59b3f6","452","blog","https://www.searchsarkarinaukri.com/blogs?search=Competitive%20Exams"
"91a14f472dc186ef30f9d5f06e4a8c3cfe1a60227d31179ae32f9bd2ef59b3f6","452","blog","https://www.searchsarkarinaukri.com/blogs?search=Comptroller%20and%20Auditor%20General"
"91a14f472dc186ef30f9d5f06e4a8c3cfe1a60227d31179ae32f9bd2ef59b3f6","452","blog","https://www.searchsarkarinaukri.com/blogs?search=confirmation"
"91a14f472dc186ef30f9d5f06e4a8c3cfe1a60227d31179ae32f9bd2ef59b3f6","452","blog","https://www.searchsarkarinaukri.com/blogs?search=Constitution%20of%20India"
"91a14f472dc186ef30f9d5f06e4a8c3cfe1a60227d31179ae32f9bd2ef59b3f6","452","blog","https://www.searchsarkarinaukri.com/blogs?search=constitutional%20bodies"
"91a14f472dc186ef30f9d5f06e4a8c3cfe1a60227d31179ae32f9bd2ef59b3f6","452","blog","https://www.searchsarkarinaukri.com/blogs?search=critical%20thinking"
"91a14f472dc186ef30f9d5f06e4a8c3cfe1a60227d31179ae32f9bd2ef59b3f6","452","blog","https://www.searchsarkarinaukri.com/blogs?search=currency%20facts"
"91a14f472dc186ef30f9d5f06e4a8c3cfe1a60227d31179ae32f9bd2ef59b3f6","452","blog","https://www.searchsarkarinaukri.com/blogs?search=Currency%20Notes"
"91a14f472dc186ef30f9d5f06e4a8c3cfe1a60227d31179ae32f9bd2ef59b3f6","452","blog","https://www.searchsarkarinaukri.com/blogs?search=Current%20Affairs"
"91a14f472dc186ef30f9d5f06e4a8c3cfe1a60227d31179ae32f9bd2ef59b3f6","452","blog","https://www.searchsarkarinaukri.com/blogs?search=Cyber%20Cell"
"91a14f472dc186ef30f9d5f06e4a8c3cfe1a60227d31179ae32f9bd2ef59b3f6","452","blog","https://www.searchsarkarinaukri.com/blogs?search=Cyber%20Security"
"91a14f472dc186ef30f9d5f06e4a8c3cfe1a60227d31179ae32f9bd2ef59b3f6","452","blog","https://www.searchsarkarinaukri.com/blogs?search=DA"
"91a14f472dc186ef30f9d5f06e4a8c3cfe1a60227d31179ae32f9bd2ef59b3f6","452","blog","https://www.searchsarkarinaukri.com/blogs?search=Cybercrime"
"91a14f472dc186ef30f9d5f06e4a8c3cfe1a60227d31179ae32f9bd2ef59b3f6","452","blog","https://www.searchsarkarinaukri.com/blogs?search=DBT"
"91a14f472dc186ef30f9d5f06e4a8c3cfe1a60227d31179ae32f9bd2ef59b3f6","452","blog","https://www.searchsarkarinaukri.com/blogs?search=degree%20vs%20skills"
"91a14f472dc186ef30f9d5f06e4a8c3cfe1a60227d31179ae32f9bd2ef59b3f6","452","blog","https://www.searchsarkarinaukri.com/blogs?search=Delhi%20history"
"91a14f472dc186ef30f9d5f06e4a8c3cfe1a60227d31179ae32f9bd2ef59b3f6","452","blog","https://www.searchsarkarinaukri.com/blogs?search=digital%20India"
"91a14f472dc186ef30f9d5f06e4a8c3cfe1a60227d31179ae32f9bd2ef59b3f6","452","blog","https://www.searchsarkarinaukri.com/blogs?search=Digital%20India"
"91a14f472dc186ef30f9d5f06e4a8c3cfe1a60227d31179ae32f9bd2ef59b3f6","452","blog","https://www.searchsarkarinaukri.com/blogs?search=digital%20payments"
"91a14f472dc186ef30f9d5f06e4a8c3cfe1a60227d31179ae32f9bd2ef59b3f6","452","blog","https://www.searchsarkarinaukri.com/blogs?search=Dismissal"
"91a14f472dc186ef30f9d5f06e4a8c3cfe1a60227d31179ae32f9bd2ef59b3f6","452","blog","https://www.searchsarkarinaukri.com/blogs?search=District%20Administration"
"91a14f472dc186ef30f9d5f06e4a8c3cfe1a60227d31179ae32f9bd2ef59b3f6","452","blog","https://www.searchsarkarinaukri.com/blogs?search=District%20Collector"
"91a14f472dc186ef30f9d5f06e4a8c3cfe1a60227d31179ae32f9bd2ef59b3f6","452","blog","https://www.searchsarkarinaukri.com/blogs?search=document%20verification"
"91a14f472dc186ef30f9d5f06e4a8c3cfe1a60227d31179ae32f9bd2ef59b3f6","452","blog","https://www.searchsarkarinaukri.com/blogs?search=Document%20Verification"
"91a14f472dc186ef30f9d5f06e4a8c3cfe1a60227d31179ae32f9bd2ef59b3f6","452","blog","https://www.searchsarkarinaukri.com/blogs?search=dream%20exam"
"91a14f472dc186ef30f9d5f06e4a8c3cfe1a60227d31179ae32f9bd2ef59b3f6","452","blog","https://www.searchsarkarinaukri.com/blogs?search=ECI"
"91a14f472dc186ef30f9d5f06e4a8c3cfe1a60227d31179ae32f9bd2ef59b3f6","452","blog","https://www.searchsarkarinaukri.com/blogs?search=educated%20unemployment"
"91a14f472dc186ef30f9d5f06e4a8c3cfe1a60227d31179ae32f9bd2ef59b3f6","452","blog","https://www.searchsarkarinaukri.com/blogs?search=education%20jobs"
"91a14f472dc186ef30f9d5f06e4a8c3cfe1a60227d31179ae32f9bd2ef59b3f6","452","blog","https://www.searchsarkarinaukri.com/blogs?search=education%20policy"
"91a14f472dc186ef30f9d5f06e4a8c3cfe1a60227d31179ae32f9bd2ef59b3f6","452","blog","https://www.searchsarkarinaukri.com/blogs?search=education%20system"
"91a14f472dc186ef30f9d5f06e4a8c3cfe1a60227d31179ae32f9bd2ef59b3f6","452","blog","https://www.searchsarkarinaukri.com/blogs?search=Eighth%20Schedule"
"91a14f472dc186ef30f9d5f06e4a8c3cfe1a60227d31179ae32f9bd2ef59b3f6","452","blog","https://www.searchsarkarinaukri.com/blogs?search=Election%20Commission%20of%20India"
"91a14f472dc186ef30f9d5f06e4a8c3cfe1a60227d31179ae32f9bd2ef59b3f6","452","blog","https://www.searchsarkarinaukri.com/blogs?search=election%20reforms"
"91a14f472dc186ef30f9d5f06e4a8c3cfe1a60227d31179ae32f9bd2ef59b3f6","452","blog","https://www.searchsarkarinaukri.com/blogs?search=election%20system"
"91a14f472dc186ef30f9d5f06e4a8c3cfe1a60227d31179ae32f9bd2ef59b3f6","452","blog","https://www.searchsarkarinaukri.com/blogs?search=emerging%20jobs"
"91a14f472dc186ef30f9d5f06e4a8c3cfe1a60227d31179ae32f9bd2ef59b3f6","452","blog","https://www.searchsarkarinaukri.com/blogs?search=employability"
"91a14f472dc186ef30f9d5f06e4a8c3cfe1a60227d31179ae32f9bd2ef59b3f6","452","blog","https://www.searchsarkarinaukri.com/blogs?search=employment%20in%20India"
"91a14f472dc186ef30f9d5f06e4a8c3cfe1a60227d31179ae32f9bd2ef59b3f6","452","blog","https://www.searchsarkarinaukri.com/blogs?search=employment%20stability"
"91a14f472dc186ef30f9d5f06e4a8c3cfe1a60227d31179ae32f9bd2ef59b3f6","452","blog","https://www.searchsarkarinaukri.com/blogs?search=engineering%20jobs"
"91a14f472dc186ef30f9d5f06e4a8c3cfe1a60227d31179ae32f9bd2ef59b3f6","452","blog","https://www.searchsarkarinaukri.com/blogs?search=entry%20level%20jobs"
"91a14f472dc186ef30f9d5f06e4a8c3cfe1a60227d31179ae32f9bd2ef59b3f6","452","blog","https://www.searchsarkarinaukri.com/blogs?search=EVM"
"91a14f472dc186ef30f9d5f06e4a8c3cfe1a60227d31179ae32f9bd2ef59b3f6","452","blog","https://www.searchsarkarinaukri.com/blogs?search=exam%20form"
"91a14f472dc186ef30f9d5f06e4a8c3cfe1a60227d31179ae32f9bd2ef59b3f6","452","blog","https://www.searchsarkarinaukri.com/blogs?search=exam%20preparation"
"91a14f472dc186ef30f9d5f06e4a8c3cfe1a60227d31179ae32f9bd2ef59b3f6","452","blog","https://www.searchsarkarinaukri.com/blogs?search=exam%20strategy"
"91a14f472dc186ef30f9d5f06e4a8c3cfe1a60227d31179ae32f9bd2ef59b3f6","452","blog","https://www.searchsarkarinaukri.com/blogs?search=Exam%20Process"
"91a14f472dc186ef30f9d5f06e4a8c3cfe1a60227d31179ae32f9bd2ef59b3f6","452","blog","https://www.searchsarkarinaukri.com/blogs?search=experience%20required"
"91a14f472dc186ef30f9d5f06e4a8c3cfe1a60227d31179ae32f9bd2ef59b3f6","452","blog","https://www.searchsarkarinaukri.com/blogs?search=farmer%20schemes"
"91a14f472dc186ef30f9d5f06e4a8c3cfe1a60227d31179ae32f9bd2ef59b3f6","452","blog","https://www.searchsarkarinaukri.com/blogs?search=freelancing"
"91a14f472dc186ef30f9d5f06e4a8c3cfe1a60227d31179ae32f9bd2ef59b3f6","452","blog","https://www.searchsarkarinaukri.com/blogs?search=first%20job"
"91a14f472dc186ef30f9d5f06e4a8c3cfe1a60227d31179ae32f9bd2ef59b3f6","452","blog","https://www.searchsarkarinaukri.com/blogs?search=freshers"
"91a14f472dc186ef30f9d5f06e4a8c3cfe1a60227d31179ae32f9bd2ef59b3f6","452","blog","https://www.searchsarkarinaukri.com/blogs?search=freshers%20jobs"
"91a14f472dc186ef30f9d5f06e4a8c3cfe1a60227d31179ae32f9bd2ef59b3f6","452","blog","https://www.searchsarkarinaukri.com/blogs?search=future%20of%20competitive%20exams"
"91a14f472dc186ef30f9d5f06e4a8c3cfe1a60227d31179ae32f9bd2ef59b3f6","452","blog","https://www.searchsarkarinaukri.com/blogs?search=future%20of%20education"
"91a14f472dc186ef30f9d5f06e4a8c3cfe1a60227d31179ae32f9bd2ef59b3f6","452","blog","https://www.searchsarkarinaukri.com/blogs?search=future%20of%20jobs"
"91a14f472dc186ef30f9d5f06e4a8c3cfe1a60227d31179ae32f9bd2ef59b3f6","452","blog","https://www.searchsarkarinaukri.com/blogs?search=future%20of%20work"
"91a14f472dc186ef30f9d5f06e4a8c3cfe1a60227d31179ae32f9bd2ef59b3f6","452","blog","https://www.searchsarkarinaukri.com/blogs?search=Gazetted%20Officer"
"91a14f472dc186ef30f9d5f06e4a8c3cfe1a60227d31179ae32f9bd2ef59b3f6","452","blog","https://www.searchsarkarinaukri.com/blogs?search=General%20Knowledge"
"91a14f472dc186ef30f9d5f06e4a8c3cfe1a60227d31179ae32f9bd2ef59b3f6","452","blog","https://www.searchsarkarinaukri.com/blogs?search=governance%20in%20India"
"91a14f472dc186ef30f9d5f06e4a8c3cfe1a60227d31179ae32f9bd2ef59b3f6","452","blog","https://www.searchsarkarinaukri.com/blogs?search=government%20accountability"
"91a14f472dc186ef30f9d5f06e4a8c3cfe1a60227d31179ae32f9bd2ef59b3f6","452","blog","https://www.searchsarkarinaukri.com/blogs?search=government%20audit"
"91a14f472dc186ef30f9d5f06e4a8c3cfe1a60227d31179ae32f9bd2ef59b3f6","452","blog","https://www.searchsarkarinaukri.com/blogs?search=Government%20Careers"
"91a14f472dc186ef30f9d5f06e4a8c3cfe1a60227d31179ae32f9bd2ef59b3f6","452","blog","https://www.searchsarkarinaukri.com/blogs?search=Government%20Career"
"91a14f472dc186ef30f9d5f06e4a8c3cfe1a60227d31179ae32f9bd2ef59b3f6","452","blog","https://www.searchsarkarinaukri.com/blogs?search=Government%20Departments"
"91a14f472dc186ef30f9d5f06e4a8c3cfe1a60227d31179ae32f9bd2ef59b3f6","452","blog","https://www.searchsarkarinaukri.com/blogs?search=government%20documents"
"91a14f472dc186ef30f9d5f06e4a8c3cfe1a60227d31179ae32f9bd2ef59b3f6","452","blog","https://www.searchsarkarinaukri.com/blogs?search=Government%20Documents"
"91a14f472dc186ef30f9d5f06e4a8c3cfe1a60227d31179ae32f9bd2ef59b3f6","452","blog","https://www.searchsarkarinaukri.com/blogs?search=government%20employee"
"91a14f472dc186ef30f9d5f06e4a8c3cfe1a60227d31179ae32f9bd2ef59b3f6","452","blog","https://www.searchsarkarinaukri.com/blogs?search=Government%20Employee"
"91a14f472dc186ef30f9d5f06e4a8c3cfe1a60227d31179ae32f9bd2ef59b3f6","452","blog","https://www.searchsarkarinaukri.com/blogs?search=government%20employees"
"91a14f472dc186ef30f9d5f06e4a8c3cfe1a60227d31179ae32f9bd2ef59b3f6","452","blog","https://www.searchsarkarinaukri.com/blogs?search=Government%20Employees"
"91a14f472dc186ef30f9d5f06e4a8c3cfe1a60227d31179ae32f9bd2ef59b3f6","452","blog","https://www.searchsarkarinaukri.com/blogs?search=government%20exam%20aspirants"
"91a14f472dc186ef30f9d5f06e4a8c3cfe1a60227d31179ae32f9bd2ef59b3f6","452","blog","https://www.searchsarkarinaukri.com/blogs?search=Government%20exam%20preparation"
"91a14f472dc186ef30f9d5f06e4a8c3cfe1a60227d31179ae32f9bd2ef59b3f6","452","blog","https://www.searchsarkarinaukri.com/blogs?search=government%20exams"
"91a14f472dc186ef30f9d5f06e4a8c3cfe1a60227d31179ae32f9bd2ef59b3f6","452","blog","https://www.searchsarkarinaukri.com/blogs?search=Government%20Exams"
"91a14f472dc186ef30f9d5f06e4a8c3cfe1a60227d31179ae32f9bd2ef59b3f6","452","blog","https://www.searchsarkarinaukri.com/blogs?search=government%20facts"
"91a14f472dc186ef30f9d5f06e4a8c3cfe1a60227d31179ae32f9bd2ef59b3f6","452","blog","https://www.searchsarkarinaukri.com/blogs?search=Government%20Files"
"91a14f472dc186ef30f9d5f06e4a8c3cfe1a60227d31179ae32f9bd2ef59b3f6","452","blog","https://www.searchsarkarinaukri.com/blogs?search=Government%20Facts"
"91a14f472dc186ef30f9d5f06e4a8c3cfe1a60227d31179ae32f9bd2ef59b3f6","452","blog","https://www.searchsarkarinaukri.com/blogs?search=government%20history"
"91a14f472dc186ef30f9d5f06e4a8c3cfe1a60227d31179ae32f9bd2ef59b3f6","452","blog","https://www.searchsarkarinaukri.com/blogs?search=Government%20History"
"91a14f472dc186ef30f9d5f06e4a8c3cfe1a60227d31179ae32f9bd2ef59b3f6","452","blog","https://www.searchsarkarinaukri.com/blogs?search=government%20job"
"91a14f472dc186ef30f9d5f06e4a8c3cfe1a60227d31179ae32f9bd2ef59b3f6","452","blog","https://www.searchsarkarinaukri.com/blogs?search=government%20job%20application"
"91a14f472dc186ef30f9d5f06e4a8c3cfe1a60227d31179ae32f9bd2ef59b3f6","452","blog","https://www.searchsarkarinaukri.com/blogs?search=government%20job%20application%20process%20India"
"91a14f472dc186ef30f9d5f06e4a8c3cfe1a60227d31179ae32f9bd2ef59b3f6","452","blog","https://www.searchsarkarinaukri.com/blogs?search=government%20job%20aspirants"
"91a14f472dc186ef30f9d5f06e4a8c3cfe1a60227d31179ae32f9bd2ef59b3f6","452","blog","https://www.searchsarkarinaukri.com/blogs?search=government%20job%20benefits"
"91a14f472dc186ef30f9d5f06e4a8c3cfe1a60227d31179ae32f9bd2ef59b3f6","452","blog","https://www.searchsarkarinaukri.com/blogs?search=government%20job%20preparation"
"91a14f472dc186ef30f9d5f06e4a8c3cfe1a60227d31179ae32f9bd2ef59b3f6","452","blog","https://www.searchsarkarinaukri.com/blogs?search=Government%20Job%20Preparation"
"91a14f472dc186ef30f9d5f06e4a8c3cfe1a60227d31179ae32f9bd2ef59b3f6","452","blog","https://www.searchsarkarinaukri.com/blogs?search=government%20job%20probation"
"91a14f472dc186ef30f9d5f06e4a8c3cfe1a60227d31179ae32f9bd2ef59b3f6","452","blog","https://www.searchsarkarinaukri.com/blogs?search=Government%20Job%20Salary"
"91a14f472dc186ef30f9d5f06e4a8c3cfe1a60227d31179ae32f9bd2ef59b3f6","452","blog","https://www.searchsarkarinaukri.com/blogs?search=Government%20Job%20Verification"
"91a14f472dc186ef30f9d5f06e4a8c3cfe1a60227d31179ae32f9bd2ef59b3f6","452","blog","https://www.searchsarkarinaukri.com/blogs?search=government%20job%20vs%20private%20job"
"91a14f472dc186ef30f9d5f06e4a8c3cfe1a60227d31179ae32f9bd2ef59b3f6","452","blog","https://www.searchsarkarinaukri.com/blogs?search=government%20jobs"
"91a14f472dc186ef30f9d5f06e4a8c3cfe1a60227d31179ae32f9bd2ef59b3f6","452","blog","https://www.searchsarkarinaukri.com/blogs?search=Government%20Jobs"
"91a14f472dc186ef30f9d5f06e4a8c3cfe1a60227d31179ae32f9bd2ef59b3f6","452","blog","https://www.searchsarkarinaukri.com/blogs?search=government%20jobs%202026"
"91a14f472dc186ef30f9d5f06e4a8c3cfe1a60227d31179ae32f9bd2ef59b3f6","452","blog","https://www.searchsarkarinaukri.com/blogs?search=Government%20Jobs%202026"
"91a14f472dc186ef30f9d5f06e4a8c3cfe1a60227d31179ae32f9bd2ef59b3f6","452","blog","https://www.searchsarkarinaukri.com/blogs?search=government%20jobs%20for%2010th%20pass"
"91a14f472dc186ef30f9d5f06e4a8c3cfe1a60227d31179ae32f9bd2ef59b3f6","452","blog","https://www.searchsarkarinaukri.com/blogs?search=government%20jobs%20for%2012th%20pass"
"91a14f472dc186ef30f9d5f06e4a8c3cfe1a60227d31179ae32f9bd2ef59b3f6","452","blog","https://www.searchsarkarinaukri.com/blogs?search=government%20jobs%20in%20Maharashtra%20in%20Marathi"
"91a14f472dc186ef30f9d5f06e4a8c3cfe1a60227d31179ae32f9bd2ef59b3f6","452","blog","https://www.searchsarkarinaukri.com/blogs?search=government%20jobs%20in%20Maharashtra"
"91a14f472dc186ef30f9d5f06e4a8c3cfe1a60227d31179ae32f9bd2ef59b3f6","452","blog","https://www.searchsarkarinaukri.com/blogs?search=Government%20Officer"
"91a14f472dc186ef30f9d5f06e4a8c3cfe1a60227d31179ae32f9bd2ef59b3f6","452","blog","https://www.searchsarkarinaukri.com/blogs?search=government%20offices"
"91a14f472dc186ef30f9d5f06e4a8c3cfe1a60227d31179ae32f9bd2ef59b3f6","452","blog","https://www.searchsarkarinaukri.com/blogs?search=Government%20Offices"
"91a14f472dc186ef30f9d5f06e4a8c3cfe1a60227d31179ae32f9bd2ef59b3f6","452","blog","https://www.searchsarkarinaukri.com/blogs?search=Government%20Recruitment"
"91a14f472dc186ef30f9d5f06e4a8c3cfe1a60227d31179ae32f9bd2ef59b3f6","452","blog","https://www.searchsarkarinaukri.com/blogs?search=government%20recruitment"
"91a14f472dc186ef30f9d5f06e4a8c3cfe1a60227d31179ae32f9bd2ef59b3f6","452","blog","https://www.searchsarkarinaukri.com/blogs?search=government%20retirement%20age"
"91a14f472dc186ef30f9d5f06e4a8c3cfe1a60227d31179ae32f9bd2ef59b3f6","452","blog","https://www.searchsarkarinaukri.com/blogs?search=Government%20Rules"
"91a14f472dc186ef30f9d5f06e4a8c3cfe1a60227d31179ae32f9bd2ef59b3f6","452","blog","https://www.searchsarkarinaukri.com/blogs?search=Government%20Salary"
"91a14f472dc186ef30f9d5f06e4a8c3cfe1a60227d31179ae32f9bd2ef59b3f6","452","blog","https://www.searchsarkarinaukri.com/blogs?search=government%20schemes"
"91a14f472dc186ef30f9d5f06e4a8c3cfe1a60227d31179ae32f9bd2ef59b3f6","452","blog","https://www.searchsarkarinaukri.com/blogs?search=government%20service"
"91a14f472dc186ef30f9d5f06e4a8c3cfe1a60227d31179ae32f9bd2ef59b3f6","452","blog","https://www.searchsarkarinaukri.com/blogs?search=government%20system"
"91a14f472dc186ef30f9d5f06e4a8c3cfe1a60227d31179ae32f9bd2ef59b3f6","452","blog","https://www.searchsarkarinaukri.com/blogs?search=Government%20System"
"91a14f472dc186ef30f9d5f06e4a8c3cfe1a60227d31179ae32f9bd2ef59b3f6","452","blog","https://www.searchsarkarinaukri.com/blogs?search=government%20transparency"
"91a14f472dc186ef30f9d5f06e4a8c3cfe1a60227d31179ae32f9bd2ef59b3f6","452","blog","https://www.searchsarkarinaukri.com/blogs?search=government%20vacancies"
"91a14f472dc186ef30f9d5f06e4a8c3cfe1a60227d31179ae32f9bd2ef59b3f6","452","blog","https://www.searchsarkarinaukri.com/blogs?search=government%20vs%20private%20job"
"91a14f472dc186ef30f9d5f06e4a8c3cfe1a60227d31179ae32f9bd2ef59b3f6","452","blog","https://www.searchsarkarinaukri.com/blogs?search=Govt%20Jobs"
"91a14f472dc186ef30f9d5f06e4a8c3cfe1a60227d31179ae32f9bd2ef59b3f6","452","blog","https://www.searchsarkarinaukri.com/blogs?search=Govt%20Jobs%202026"
"91a14f472dc186ef30f9d5f06e4a8c3cfe1a60227d31179ae32f9bd2ef59b3f6","452","blog","https://www.searchsarkarinaukri.com/blogs?search=graduate%20employment"
"91a14f472dc186ef30f9d5f06e4a8c3cfe1a60227d31179ae32f9bd2ef59b3f6","452","blog","https://www.searchsarkarinaukri.com/blogs?search=graduate%20jobs"
"91a14f472dc186ef30f9d5f06e4a8c3cfe1a60227d31179ae32f9bd2ef59b3f6","452","blog","https://www.searchsarkarinaukri.com/blogs?search=Group%20B%20Jobs"
"91a14f472dc186ef30f9d5f06e4a8c3cfe1a60227d31179ae32f9bd2ef59b3f6","452","blog","https://www.searchsarkarinaukri.com/blogs?search=Group%20A%20Jobs"
"91a14f472dc186ef30f9d5f06e4a8c3cfe1a60227d31179ae32f9bd2ef59b3f6","452","blog","https://www.searchsarkarinaukri.com/blogs?search=Group%20C%20Jobs"
"91a14f472dc186ef30f9d5f06e4a8c3cfe1a60227d31179ae32f9bd2ef59b3f6","452","blog","https://www.searchsarkarinaukri.com/blogs?search=Group%20D%20Jobs"
"91a14f472dc186ef30f9d5f06e4a8c3cfe1a60227d31179ae32f9bd2ef59b3f6","452","blog","https://www.searchsarkarinaukri.com/blogs?search=higher%20education"
"91a14f472dc186ef30f9d5f06e4a8c3cfe1a60227d31179ae32f9bd2ef59b3f6","452","blog","https://www.searchsarkarinaukri.com/blogs?search=highest%20paying%20government%20jobs"
"91a14f472dc186ef30f9d5f06e4a8c3cfe1a60227d31179ae32f9bd2ef59b3f6","452","blog","https://www.searchsarkarinaukri.com/blogs?search=Hindi%20official%20language"
"91a14f472dc186ef30f9d5f06e4a8c3cfe1a60227d31179ae32f9bd2ef59b3f6","452","blog","https://www.searchsarkarinaukri.com/blogs?search=history%20of%20India"
"91a14f472dc186ef30f9d5f06e4a8c3cfe1a60227d31179ae32f9bd2ef59b3f6","452","blog","https://www.searchsarkarinaukri.com/blogs?search=how%20laws%20are%20made%20in%20India"
"91a14f472dc186ef30f9d5f06e4a8c3cfe1a60227d31179ae32f9bd2ef59b3f6","452","blog","https://www.searchsarkarinaukri.com/blogs?search=how%20to%20apply%20for%20railway%20job"
"91a14f472dc186ef30f9d5f06e4a8c3cfe1a60227d31179ae32f9bd2ef59b3f6","452","blog","https://www.searchsarkarinaukri.com/blogs?search=how%20to%20prepare%20for%20SSC%20CGL"
"91a14f472dc186ef30f9d5f06e4a8c3cfe1a60227d31179ae32f9bd2ef59b3f6","452","blog","https://www.searchsarkarinaukri.com/blogs?search=HRA"
"91a14f472dc186ef30f9d5f06e4a8c3cfe1a60227d31179ae32f9bd2ef59b3f6","452","blog","https://www.searchsarkarinaukri.com/blogs?search=IAS%20Duties"
"91a14f472dc186ef30f9d5f06e4a8c3cfe1a60227d31179ae32f9bd2ef59b3f6","452","blog","https://www.searchsarkarinaukri.com/blogs?search=ias%20exam"
"91a14f472dc186ef30f9d5f06e4a8c3cfe1a60227d31179ae32f9bd2ef59b3f6","452","blog","https://www.searchsarkarinaukri.com/blogs?search=IAS%20history"
"91a14f472dc186ef30f9d5f06e4a8c3cfe1a60227d31179ae32f9bd2ef59b3f6","452","blog","https://www.searchsarkarinaukri.com/blogs?search=IAS%20Lifestyle"
"91a14f472dc186ef30f9d5f06e4a8c3cfe1a60227d31179ae32f9bd2ef59b3f6","452","blog","https://www.searchsarkarinaukri.com/blogs?search=IAS%20Officer"
"91a14f472dc186ef30f9d5f06e4a8c3cfe1a60227d31179ae32f9bd2ef59b3f6","452","blog","https://www.searchsarkarinaukri.com/blogs?search=IAS%20officers"
"91a14f472dc186ef30f9d5f06e4a8c3cfe1a60227d31179ae32f9bd2ef59b3f6","452","blog","https://www.searchsarkarinaukri.com/blogs?search=IAS%20salary"
"91a14f472dc186ef30f9d5f06e4a8c3cfe1a60227d31179ae32f9bd2ef59b3f6","452","blog","https://www.searchsarkarinaukri.com/blogs?search=Identity"
"91a14f472dc186ef30f9d5f06e4a8c3cfe1a60227d31179ae32f9bd2ef59b3f6","452","blog","https://www.searchsarkarinaukri.com/blogs?search=ICS"
"91a14f472dc186ef30f9d5f06e4a8c3cfe1a60227d31179ae32f9bd2ef59b3f6","452","blog","https://www.searchsarkarinaukri.com/blogs?search=identity%20documents"
"91a14f472dc186ef30f9d5f06e4a8c3cfe1a60227d31179ae32f9bd2ef59b3f6","452","blog","https://www.searchsarkarinaukri.com/blogs?search=ifs%20exam"
"91a14f472dc186ef30f9d5f06e4a8c3cfe1a60227d31179ae32f9bd2ef59b3f6","452","blog","https://www.searchsarkarinaukri.com/blogs?search=In-Hand%20Salary"
"91a14f472dc186ef30f9d5f06e4a8c3cfe1a60227d31179ae32f9bd2ef59b3f6","452","blog","https://www.searchsarkarinaukri.com/blogs?search=Income%20Tax%20Department"
"91a14f472dc186ef30f9d5f06e4a8c3cfe1a60227d31179ae32f9bd2ef59b3f6","452","blog","https://www.searchsarkarinaukri.com/blogs?search=Income%20Tax%20Inspector"
"91a14f472dc186ef30f9d5f06e4a8c3cfe1a60227d31179ae32f9bd2ef59b3f6","452","blog","https://www.searchsarkarinaukri.com/blogs?search=India"
"91a14f472dc186ef30f9d5f06e4a8c3cfe1a60227d31179ae32f9bd2ef59b3f6","452","blog","https://www.searchsarkarinaukri.com/blogs?search=India%20explained"
"91a14f472dc186ef30f9d5f06e4a8c3cfe1a60227d31179ae32f9bd2ef59b3f6","452","blog","https://www.searchsarkarinaukri.com/blogs?search=India%20government"
"91a14f472dc186ef30f9d5f06e4a8c3cfe1a60227d31179ae32f9bd2ef59b3f6","452","blog","https://www.searchsarkarinaukri.com/blogs?search=Indian%20administration"
"91a14f472dc186ef30f9d5f06e4a8c3cfe1a60227d31179ae32f9bd2ef59b3f6","452","blog","https://www.searchsarkarinaukri.com/blogs?search=Indian%20Administration"
"91a14f472dc186ef30f9d5f06e4a8c3cfe1a60227d31179ae32f9bd2ef59b3f6","452","blog","https://www.searchsarkarinaukri.com/blogs?search=Indian%20bureaucracy"
"91a14f472dc186ef30f9d5f06e4a8c3cfe1a60227d31179ae32f9bd2ef59b3f6","452","blog","https://www.searchsarkarinaukri.com/blogs?search=Indian%20Civil%20Service"
"91a14f472dc186ef30f9d5f06e4a8c3cfe1a60227d31179ae32f9bd2ef59b3f6","452","blog","https://www.searchsarkarinaukri.com/blogs?search=Indian%20Constitution"
"91a14f472dc186ef30f9d5f06e4a8c3cfe1a60227d31179ae32f9bd2ef59b3f6","452","blog","https://www.searchsarkarinaukri.com/blogs?search=Indian%20currency"
"91a14f472dc186ef30f9d5f06e4a8c3cfe1a60227d31179ae32f9bd2ef59b3f6","452","blog","https://www.searchsarkarinaukri.com/blogs?search=Indian%20Currency"
"91a14f472dc186ef30f9d5f06e4a8c3cfe1a60227d31179ae32f9bd2ef59b3f6","452","blog","https://www.searchsarkarinaukri.com/blogs?search=Indian%20documents"
"91a14f472dc186ef30f9d5f06e4a8c3cfe1a60227d31179ae32f9bd2ef59b3f6","452","blog","https://www.searchsarkarinaukri.com/blogs?search=Indian%20Economy"
"91a14f472dc186ef30f9d5f06e4a8c3cfe1a60227d31179ae32f9bd2ef59b3f6","452","blog","https://www.searchsarkarinaukri.com/blogs?search=Indian%20education%20system"
"91a14f472dc186ef30f9d5f06e4a8c3cfe1a60227d31179ae32f9bd2ef59b3f6","452","blog","https://www.searchsarkarinaukri.com/blogs?search=Indian%20elections"
"91a14f472dc186ef30f9d5f06e4a8c3cfe1a60227d31179ae32f9bd2ef59b3f6","452","blog","https://www.searchsarkarinaukri.com/blogs?search=Indian%20education"
"91a14f472dc186ef30f9d5f06e4a8c3cfe1a60227d31179ae32f9bd2ef59b3f6","452","blog","https://www.searchsarkarinaukri.com/blogs?search=Indian%20government"
"91a14f472dc186ef30f9d5f06e4a8c3cfe1a60227d31179ae32f9bd2ef59b3f6","452","blog","https://www.searchsarkarinaukri.com/blogs?search=Indian%20graduates"
"91a14f472dc186ef30f9d5f06e4a8c3cfe1a60227d31179ae32f9bd2ef59b3f6","452","blog","https://www.searchsarkarinaukri.com/blogs?search=Indian%20History"
"91a14f472dc186ef30f9d5f06e4a8c3cfe1a60227d31179ae32f9bd2ef59b3f6","452","blog","https://www.searchsarkarinaukri.com/blogs?search=Indian%20job%20market"
"91a14f472dc186ef30f9d5f06e4a8c3cfe1a60227d31179ae32f9bd2ef59b3f6","452","blog","https://www.searchsarkarinaukri.com/blogs?search=Indian%20languages"
"91a14f472dc186ef30f9d5f06e4a8c3cfe1a60227d31179ae32f9bd2ef59b3f6","452","blog","https://www.searchsarkarinaukri.com/blogs?search=Indian%20Parliament"
"91a14f472dc186ef30f9d5f06e4a8c3cfe1a60227d31179ae32f9bd2ef59b3f6","452","blog","https://www.searchsarkarinaukri.com/blogs?search=Indian%20Railways"
"91a14f472dc186ef30f9d5f06e4a8c3cfe1a60227d31179ae32f9bd2ef59b3f6","452","blog","https://www.searchsarkarinaukri.com/blogs?search=Indian%20rupee"
"91a14f472dc186ef30f9d5f06e4a8c3cfe1a60227d31179ae32f9bd2ef59b3f6","452","blog","https://www.searchsarkarinaukri.com/blogs?search=Indian%20Rupee"
"91a14f472dc186ef30f9d5f06e4a8c3cfe1a60227d31179ae32f9bd2ef59b3f6","452","blog","https://www.searchsarkarinaukri.com/blogs?search=Indian%20states"
"91a14f472dc186ef30f9d5f06e4a8c3cfe1a60227d31179ae32f9bd2ef59b3f6","452","blog","https://www.searchsarkarinaukri.com/blogs?search=Indian%20students"
"91a14f472dc186ef30f9d5f06e4a8c3cfe1a60227d31179ae32f9bd2ef59b3f6","452","blog","https://www.searchsarkarinaukri.com/blogs?search=Indian%20technology"
"91a14f472dc186ef30f9d5f06e4a8c3cfe1a60227d31179ae32f9bd2ef59b3f6","452","blog","https://www.searchsarkarinaukri.com/blogs?search=Indian%20telecom"
"91a14f472dc186ef30f9d5f06e4a8c3cfe1a60227d31179ae32f9bd2ef59b3f6","452","blog","https://www.searchsarkarinaukri.com/blogs?search=Indian%20youth"
"91a14f472dc186ef30f9d5f06e4a8c3cfe1a60227d31179ae32f9bd2ef59b3f6","452","blog","https://www.searchsarkarinaukri.com/blogs?search=Interesting%20Facts"
"91a14f472dc186ef30f9d5f06e4a8c3cfe1a60227d31179ae32f9bd2ef59b3f6","452","blog","https://www.searchsarkarinaukri.com/blogs?search=ips%20exam"
"91a14f472dc186ef30f9d5f06e4a8c3cfe1a60227d31179ae32f9bd2ef59b3f6","452","blog","https://www.searchsarkarinaukri.com/blogs?search=IPS%20salary"
"91a14f472dc186ef30f9d5f06e4a8c3cfe1a60227d31179ae32f9bd2ef59b3f6","452","blog","https://www.searchsarkarinaukri.com/blogs?search=IRCTC"
"91a14f472dc186ef30f9d5f06e4a8c3cfe1a60227d31179ae32f9bd2ef59b3f6","452","blog","https://www.searchsarkarinaukri.com/blogs?search=ISRO%20assistant%20eligibility"
"91a14f472dc186ef30f9d5f06e4a8c3cfe1a60227d31179ae32f9bd2ef59b3f6","452","blog","https://www.searchsarkarinaukri.com/blogs?search=ISRO%20jobs"
"91a14f472dc186ef30f9d5f06e4a8c3cfe1a60227d31179ae32f9bd2ef59b3f6","452","blog","https://www.searchsarkarinaukri.com/blogs?search=ISRO%20recruitment%202026"
"91a14f472dc186ef30f9d5f06e4a8c3cfe1a60227d31179ae32f9bd2ef59b3f6","452","blog","https://www.searchsarkarinaukri.com/blogs?search=ISRO%20recruitment%202026%20apply%20guide"
"91a14f472dc186ef30f9d5f06e4a8c3cfe1a60227d31179ae32f9bd2ef59b3f6","452","blog","https://www.searchsarkarinaukri.com/blogs?search=JEE%20coaching"
"91a14f472dc186ef30f9d5f06e4a8c3cfe1a60227d31179ae32f9bd2ef59b3f6","452","blog","https://www.searchsarkarinaukri.com/blogs?search=ISRO%20scientist"
"91a14f472dc186ef30f9d5f06e4a8c3cfe1a60227d31179ae32f9bd2ef59b3f6","452","blog","https://www.searchsarkarinaukri.com/blogs?search=Jio"
"91a14f472dc186ef30f9d5f06e4a8c3cfe1a60227d31179ae32f9bd2ef59b3f6","452","blog","https://www.searchsarkarinaukri.com/blogs?search=job%20competition"
"91a14f472dc186ef30f9d5f06e4a8c3cfe1a60227d31179ae32f9bd2ef59b3f6","452","blog","https://www.searchsarkarinaukri.com/blogs?search=job%20market"
"91a14f472dc186ef30f9d5f06e4a8c3cfe1a60227d31179ae32f9bd2ef59b3f6","452","blog","https://www.searchsarkarinaukri.com/blogs?search=job%20readiness"
"91a14f472dc186ef30f9d5f06e4a8c3cfe1a60227d31179ae32f9bd2ef59b3f6","452","blog","https://www.searchsarkarinaukri.com/blogs?search=job%20rules"
"91a14f472dc186ef30f9d5f06e4a8c3cfe1a60227d31179ae32f9bd2ef59b3f6","452","blog","https://www.searchsarkarinaukri.com/blogs?search=job%20security"
"91a14f472dc186ef30f9d5f06e4a8c3cfe1a60227d31179ae32f9bd2ef59b3f6","452","blog","https://www.searchsarkarinaukri.com/blogs?search=job%20seekers"
"91a14f472dc186ef30f9d5f06e4a8c3cfe1a60227d31179ae32f9bd2ef59b3f6","452","blog","https://www.searchsarkarinaukri.com/blogs?search=Joining%20Process"
"91a14f472dc186ef30f9d5f06e4a8c3cfe1a60227d31179ae32f9bd2ef59b3f6","452","blog","https://www.searchsarkarinaukri.com/blogs?search=Kartavya%20Bhavan"
"91a14f472dc186ef30f9d5f06e4a8c3cfe1a60227d31179ae32f9bd2ef59b3f6","452","blog","https://www.searchsarkarinaukri.com/blogs?search=Languages%20of%20India"
"91a14f472dc186ef30f9d5f06e4a8c3cfe1a60227d31179ae32f9bd2ef59b3f6","452","blog","https://www.searchsarkarinaukri.com/blogs?search=latest%20government%20jobs"
"91a14f472dc186ef30f9d5f06e4a8c3cfe1a60227d31179ae32f9bd2ef59b3f6","452","blog","https://www.searchsarkarinaukri.com/blogs?search=latest%20government%20jobs%20for%20freshers"
"91a14f472dc186ef30f9d5f06e4a8c3cfe1a60227d31179ae32f9bd2ef59b3f6","452","blog","https://www.searchsarkarinaukri.com/blogs?search=Latest%20Govt%20Jobs%202026"
"91a14f472dc186ef30f9d5f06e4a8c3cfe1a60227d31179ae32f9bd2ef59b3f6","452","blog","https://www.searchsarkarinaukri.com/blogs?search=latest%20jobs"
"91a14f472dc186ef30f9d5f06e4a8c3cfe1a60227d31179ae32f9bd2ef59b3f6","452","blog","https://www.searchsarkarinaukri.com/blogs?search=Latest%20Recruitment"
"91a14f472dc186ef30f9d5f06e4a8c3cfe1a60227d31179ae32f9bd2ef59b3f6","452","blog","https://www.searchsarkarinaukri.com/blogs?search=legislative%20process"
"91a14f472dc186ef30f9d5f06e4a8c3cfe1a60227d31179ae32f9bd2ef59b3f6","452","blog","https://www.searchsarkarinaukri.com/blogs?search=Law%20Enforcement"
"91a14f472dc186ef30f9d5f06e4a8c3cfe1a60227d31179ae32f9bd2ef59b3f6","452","blog","https://www.searchsarkarinaukri.com/blogs?search=Lok%20Sabha"
"91a14f472dc186ef30f9d5f06e4a8c3cfe1a60227d31179ae32f9bd2ef59b3f6","452","blog","https://www.searchsarkarinaukri.com/blogs?search=Lok%20Sabha%20elections"
"91a14f472dc186ef30f9d5f06e4a8c3cfe1a60227d31179ae32f9bd2ef59b3f6","452","blog","https://www.searchsarkarinaukri.com/blogs?search=Lutyens%20Delhi"
"91a14f472dc186ef30f9d5f06e4a8c3cfe1a60227d31179ae32f9bd2ef59b3f6","452","blog","https://www.searchsarkarinaukri.com/blogs?search=Maharashtra%20government"
"91a14f472dc186ef30f9d5f06e4a8c3cfe1a60227d31179ae32f9bd2ef59b3f6","452","blog","https://www.searchsarkarinaukri.com/blogs?search=Maharashtra%20government%20exams"
"91a14f472dc186ef30f9d5f06e4a8c3cfe1a60227d31179ae32f9bd2ef59b3f6","452","blog","https://www.searchsarkarinaukri.com/blogs?search=Maharashtra%20govt%20job%20news"
"91a14f472dc186ef30f9d5f06e4a8c3cfe1a60227d31179ae32f9bd2ef59b3f6","452","blog","https://www.searchsarkarinaukri.com/blogs?search=Maharashtra%20police%20bharti%202026"
"91a14f472dc186ef30f9d5f06e4a8c3cfe1a60227d31179ae32f9bd2ef59b3f6","452","blog","https://www.searchsarkarinaukri.com/blogs?search=Maharashtra%20sarkari%20naukri"
"91a14f472dc186ef30f9d5f06e4a8c3cfe1a60227d31179ae32f9bd2ef59b3f6","452","blog","https://www.searchsarkarinaukri.com/blogs?search=Medical%20Test"
"91a14f472dc186ef30f9d5f06e4a8c3cfe1a60227d31179ae32f9bd2ef59b3f6","452","blog","https://www.searchsarkarinaukri.com/blogs?search=Ministry%20of%20Railways"
"91a14f472dc186ef30f9d5f06e4a8c3cfe1a60227d31179ae32f9bd2ef59b3f6","452","blog","https://www.searchsarkarinaukri.com/blogs?search=mobile%20data%20India"
"91a14f472dc186ef30f9d5f06e4a8c3cfe1a60227d31179ae32f9bd2ef59b3f6","452","blog","https://www.searchsarkarinaukri.com/blogs?search=mobile%20internet"
"91a14f472dc186ef30f9d5f06e4a8c3cfe1a60227d31179ae32f9bd2ef59b3f6","452","blog","https://www.searchsarkarinaukri.com/blogs?search=money"
"91a14f472dc186ef30f9d5f06e4a8c3cfe1a60227d31179ae32f9bd2ef59b3f6","452","blog","https://www.searchsarkarinaukri.com/blogs?search=MPSC"
"91a14f472dc186ef30f9d5f06e4a8c3cfe1a60227d31179ae32f9bd2ef59b3f6","452","blog","https://www.searchsarkarinaukri.com/blogs?search=MPSC%20UPSC%20comparison%20Maharashtra"
"91a14f472dc186ef30f9d5f06e4a8c3cfe1a60227d31179ae32f9bd2ef59b3f6","452","blog","https://www.searchsarkarinaukri.com/blogs?search=MPSC%20vs%20UPSC%20difference"
"91a14f472dc186ef30f9d5f06e4a8c3cfe1a60227d31179ae32f9bd2ef59b3f6","452","blog","https://www.searchsarkarinaukri.com/blogs?search=National%20Education%20Policy"
"91a14f472dc186ef30f9d5f06e4a8c3cfe1a60227d31179ae32f9bd2ef59b3f6","452","blog","https://www.searchsarkarinaukri.com/blogs?search=national%20language%20of%20India"
"91a14f472dc186ef30f9d5f06e4a8c3cfe1a60227d31179ae32f9bd2ef59b3f6","452","blog","https://www.searchsarkarinaukri.com/blogs?search=NCERT%20recruitment"
"91a14f472dc186ef30f9d5f06e4a8c3cfe1a60227d31179ae32f9bd2ef59b3f6","452","blog","https://www.searchsarkarinaukri.com/blogs?search=NCERT%20vacancies"
"91a14f472dc186ef30f9d5f06e4a8c3cfe1a60227d31179ae32f9bd2ef59b3f6","452","blog","https://www.searchsarkarinaukri.com/blogs?search=NEET%20coaching"
"91a14f472dc186ef30f9d5f06e4a8c3cfe1a60227d31179ae32f9bd2ef59b3f6","452","blog","https://www.searchsarkarinaukri.com/blogs?search=NEP%202020"
"91a14f472dc186ef30f9d5f06e4a8c3cfe1a60227d31179ae32f9bd2ef59b3f6","452","blog","https://www.searchsarkarinaukri.com/blogs?search=New%20Delhi%20history"
"91a14f472dc186ef30f9d5f06e4a8c3cfe1a60227d31179ae32f9bd2ef59b3f6","452","blog","https://www.searchsarkarinaukri.com/blogs?search=NPCI"
"91a14f472dc186ef30f9d5f06e4a8c3cfe1a60227d31179ae32f9bd2ef59b3f6","452","blog","https://www.searchsarkarinaukri.com/blogs?search=Obsolete%20Government%20Jobs"
"91a14f472dc186ef30f9d5f06e4a8c3cfe1a60227d31179ae32f9bd2ef59b3f6","452","blog","https://www.searchsarkarinaukri.com/blogs?search=official%20language%20of%20India"
"91a14f472dc186ef30f9d5f06e4a8c3cfe1a60227d31179ae32f9bd2ef59b3f6","452","blog","https://www.searchsarkarinaukri.com/blogs?search=one%20nation%20one%20election"
"91a14f472dc186ef30f9d5f06e4a8c3cfe1a60227d31179ae32f9bd2ef59b3f6","452","blog","https://www.searchsarkarinaukri.com/blogs?search=online%20application"
"91a14f472dc186ef30f9d5f06e4a8c3cfe1a60227d31179ae32f9bd2ef59b3f6","452","blog","https://www.searchsarkarinaukri.com/blogs?search=online%20coaching"
"91a14f472dc186ef30f9d5f06e4a8c3cfe1a60227d31179ae32f9bd2ef59b3f6","452","blog","https://www.searchsarkarinaukri.com/blogs?search=Online%20Fraud"
"91a14f472dc186ef30f9d5f06e4a8c3cfe1a60227d31179ae32f9bd2ef59b3f6","452","blog","https://www.searchsarkarinaukri.com/blogs?search=PAC%20India"
"91a14f472dc186ef30f9d5f06e4a8c3cfe1a60227d31179ae32f9bd2ef59b3f6","452","blog","https://www.searchsarkarinaukri.com/blogs?search=PAN%20card"
"91a14f472dc186ef30f9d5f06e4a8c3cfe1a60227d31179ae32f9bd2ef59b3f6","452","blog","https://www.searchsarkarinaukri.com/blogs?search=paper%20leak"
"91a14f472dc186ef30f9d5f06e4a8c3cfe1a60227d31179ae32f9bd2ef59b3f6","452","blog","https://www.searchsarkarinaukri.com/blogs?search=parliamentary%20committees"
"91a14f472dc186ef30f9d5f06e4a8c3cfe1a60227d31179ae32f9bd2ef59b3f6","452","blog","https://www.searchsarkarinaukri.com/blogs?search=Parliament%20of%20India"
"91a14f472dc186ef30f9d5f06e4a8c3cfe1a60227d31179ae32f9bd2ef59b3f6","452","blog","https://www.searchsarkarinaukri.com/blogs?search=passport"
"91a14f472dc186ef30f9d5f06e4a8c3cfe1a60227d31179ae32f9bd2ef59b3f6","452","blog","https://www.searchsarkarinaukri.com/blogs?search=Pay%20Matrix"
"91a14f472dc186ef30f9d5f06e4a8c3cfe1a60227d31179ae32f9bd2ef59b3f6","452","blog","https://www.searchsarkarinaukri.com/blogs?search=Permanent%20Job"
"91a14f472dc186ef30f9d5f06e4a8c3cfe1a60227d31179ae32f9bd2ef59b3f6","452","blog","https://www.searchsarkarinaukri.com/blogs?search=pension"
"91a14f472dc186ef30f9d5f06e4a8c3cfe1a60227d31179ae32f9bd2ef59b3f6","452","blog","https://www.searchsarkarinaukri.com/blogs?search=plan%20B"
"91a14f472dc186ef30f9d5f06e4a8c3cfe1a60227d31179ae32f9bd2ef59b3f6","452","blog","https://www.searchsarkarinaukri.com/blogs?search=PM-KISAN%20scheme"
"91a14f472dc186ef30f9d5f06e4a8c3cfe1a60227d31179ae32f9bd2ef59b3f6","452","blog","https://www.searchsarkarinaukri.com/blogs?search=PM%20KISAN%202026"
"91a14f472dc186ef30f9d5f06e4a8c3cfe1a60227d31179ae32f9bd2ef59b3f6","452","blog","https://www.searchsarkarinaukri.com/blogs?search=PM%20Kisan%20benefits"
"91a14f472dc186ef30f9d5f06e4a8c3cfe1a60227d31179ae32f9bd2ef59b3f6","452","blog","https://www.searchsarkarinaukri.com/blogs?search=PMO%20India"
"91a14f472dc186ef30f9d5f06e4a8c3cfe1a60227d31179ae32f9bd2ef59b3f6","452","blog","https://www.searchsarkarinaukri.com/blogs?search=police%20bharti%202026%20Maharashtra"
"91a14f472dc186ef30f9d5f06e4a8c3cfe1a60227d31179ae32f9bd2ef59b3f6","452","blog","https://www.searchsarkarinaukri.com/blogs?search=Police%20Careers"
"91a14f472dc186ef30f9d5f06e4a8c3cfe1a60227d31179ae32f9bd2ef59b3f6","452","blog","https://www.searchsarkarinaukri.com/blogs?search=police%20constable%20physical%20test"
"91a14f472dc186ef30f9d5f06e4a8c3cfe1a60227d31179ae32f9bd2ef59b3f6","452","blog","https://www.searchsarkarinaukri.com/blogs?search=Police%20Modernization"
"91a14f472dc186ef30f9d5f06e4a8c3cfe1a60227d31179ae32f9bd2ef59b3f6","452","blog","https://www.searchsarkarinaukri.com/blogs?search=Police%20Recruitment"
"91a14f472dc186ef30f9d5f06e4a8c3cfe1a60227d31179ae32f9bd2ef59b3f6","452","blog","https://www.searchsarkarinaukri.com/blogs?search=Police%20Reforms"
"91a14f472dc186ef30f9d5f06e4a8c3cfe1a60227d31179ae32f9bd2ef59b3f6","452","blog","https://www.searchsarkarinaukri.com/blogs?search=Police%20Verification"
"91a14f472dc186ef30f9d5f06e4a8c3cfe1a60227d31179ae32f9bd2ef59b3f6","452","blog","https://www.searchsarkarinaukri.com/blogs?search=President%20of%20India"
"91a14f472dc186ef30f9d5f06e4a8c3cfe1a60227d31179ae32f9bd2ef59b3f6","452","blog","https://www.searchsarkarinaukri.com/blogs?search=private%20jobs"
"91a14f472dc186ef30f9d5f06e4a8c3cfe1a60227d31179ae32f9bd2ef59b3f6","452","blog","https://www.searchsarkarinaukri.com/blogs?search=probation%20period"
"91a14f472dc186ef30f9d5f06e4a8c3cfe1a60227d31179ae32f9bd2ef59b3f6","452","blog","https://www.searchsarkarinaukri.com/blogs?search=PSU%20jobs"
"91a14f472dc186ef30f9d5f06e4a8c3cfe1a60227d31179ae32f9bd2ef59b3f6","452","blog","https://www.searchsarkarinaukri.com/blogs?search=Public%20Accounts%20Committee"
"91a14f472dc186ef30f9d5f06e4a8c3cfe1a60227d31179ae32f9bd2ef59b3f6","452","blog","https://www.searchsarkarinaukri.com/blogs?search=public%20administration"
"91a14f472dc186ef30f9d5f06e4a8c3cfe1a60227d31179ae32f9bd2ef59b3f6","452","blog","https://www.searchsarkarinaukri.com/blogs?search=Public%20Administration"
"91a14f472dc186ef30f9d5f06e4a8c3cfe1a60227d31179ae32f9bd2ef59b3f6","452","blog","https://www.searchsarkarinaukri.com/blogs?search=public%20finance"
"91a14f472dc186ef30f9d5f06e4a8c3cfe1a60227d31179ae32f9bd2ef59b3f6","452","blog","https://www.searchsarkarinaukri.com/blogs?search=public%20information"
"91a14f472dc186ef30f9d5f06e4a8c3cfe1a60227d31179ae32f9bd2ef59b3f6","452","blog","https://www.searchsarkarinaukri.com/blogs?search=Public%20Service"
"91a14f472dc186ef30f9d5f06e4a8c3cfe1a60227d31179ae32f9bd2ef59b3f6","452","blog","https://www.searchsarkarinaukri.com/blogs?search=Public%20Services"
"91a14f472dc186ef30f9d5f06e4a8c3cfe1a60227d31179ae32f9bd2ef59b3f6","452","blog","https://www.searchsarkarinaukri.com/blogs?search=QR%20codes%20in%20India"
"91a14f472dc186ef30f9d5f06e4a8c3cfe1a60227d31179ae32f9bd2ef59b3f6","452","blog","https://www.searchsarkarinaukri.com/blogs?search=railway%20exams"
"91a14f472dc186ef30f9d5f06e4a8c3cfe1a60227d31179ae32f9bd2ef59b3f6","452","blog","https://www.searchsarkarinaukri.com/blogs?search=Railway%20exams"
"91a14f472dc186ef30f9d5f06e4a8c3cfe1a60227d31179ae32f9bd2ef59b3f6","452","blog","https://www.searchsarkarinaukri.com/blogs?search=Railway%20Facts"
"91a14f472dc186ef30f9d5f06e4a8c3cfe1a60227d31179ae32f9bd2ef59b3f6","452","blog","https://www.searchsarkarinaukri.com/blogs?search=Railway%20GK"
"91a14f472dc186ef30f9d5f06e4a8c3cfe1a60227d31179ae32f9bd2ef59b3f6","452","blog","https://www.searchsarkarinaukri.com/blogs?search=Railway%20Jobs"
"91a14f472dc186ef30f9d5f06e4a8c3cfe1a60227d31179ae32f9bd2ef59b3f6","452","blog","https://www.searchsarkarinaukri.com/blogs?search=railway%20NTPC%20syllabus%20Hindi"
"91a14f472dc186ef30f9d5f06e4a8c3cfe1a60227d31179ae32f9bd2ef59b3f6","452","blog","https://www.searchsarkarinaukri.com/blogs?search=Rajya%20Sabha"
"91a14f472dc186ef30f9d5f06e4a8c3cfe1a60227d31179ae32f9bd2ef59b3f6","452","blog","https://www.searchsarkarinaukri.com/blogs?search=RBI"
"91a14f472dc186ef30f9d5f06e4a8c3cfe1a60227d31179ae32f9bd2ef59b3f6","452","blog","https://www.searchsarkarinaukri.com/blogs?search=RBI%20Grade%20B"
"91a14f472dc186ef30f9d5f06e4a8c3cfe1a60227d31179ae32f9bd2ef59b3f6","452","blog","https://www.searchsarkarinaukri.com/blogs?search=Recruitment"
"91a14f472dc186ef30f9d5f06e4a8c3cfe1a60227d31179ae32f9bd2ef59b3f6","452","blog","https://www.searchsarkarinaukri.com/blogs?search=recruitment%20exams"
"91a14f472dc186ef30f9d5f06e4a8c3cfe1a60227d31179ae32f9bd2ef59b3f6","452","blog","https://www.searchsarkarinaukri.com/blogs?search=Recruitment%20Process"
"91a14f472dc186ef30f9d5f06e4a8c3cfe1a60227d31179ae32f9bd2ef59b3f6","452","blog","https://www.searchsarkarinaukri.com/blogs?search=Red%20Tape"
"91a14f472dc186ef30f9d5f06e4a8c3cfe1a60227d31179ae32f9bd2ef59b3f6","452","blog","https://www.searchsarkarinaukri.com/blogs?search=retirement%20rules"
"91a14f472dc186ef30f9d5f06e4a8c3cfe1a60227d31179ae32f9bd2ef59b3f6","452","blog","https://www.searchsarkarinaukri.com/blogs?search=Right%20to%20Information"
"91a14f472dc186ef30f9d5f06e4a8c3cfe1a60227d31179ae32f9bd2ef59b3f6","452","blog","https://www.searchsarkarinaukri.com/blogs?search=RRB"
"91a14f472dc186ef30f9d5f06e4a8c3cfe1a60227d31179ae32f9bd2ef59b3f6","452","blog","https://www.searchsarkarinaukri.com/blogs?search=RRB%20Exams"
"91a14f472dc186ef30f9d5f06e4a8c3cfe1a60227d31179ae32f9bd2ef59b3f6","452","blog","https://www.searchsarkarinaukri.com/blogs?search=RRB%20NTPC%202026%20preparation"
"91a14f472dc186ef30f9d5f06e4a8c3cfe1a60227d31179ae32f9bd2ef59b3f6","452","blog","https://www.searchsarkarinaukri.com/blogs?search=RTI%20Act"
"91a14f472dc186ef30f9d5f06e4a8c3cfe1a60227d31179ae32f9bd2ef59b3f6","452","blog","https://www.searchsarkarinaukri.com/blogs?search=RTI%20application"
"91a14f472dc186ef30f9d5f06e4a8c3cfe1a60227d31179ae32f9bd2ef59b3f6","452","blog","https://www.searchsarkarinaukri.com/blogs?search=RTI%20India"
"91a14f472dc186ef30f9d5f06e4a8c3cfe1a60227d31179ae32f9bd2ef59b3f6","452","blog","https://www.searchsarkarinaukri.com/blogs?search=rupee%20history"
"91a14f472dc186ef30f9d5f06e4a8c3cfe1a60227d31179ae32f9bd2ef59b3f6","452","blog","https://www.searchsarkarinaukri.com/blogs?search=safe%20career"
"91a14f472dc186ef30f9d5f06e4a8c3cfe1a60227d31179ae32f9bd2ef59b3f6","452","blog","https://www.searchsarkarinaukri.com/blogs?search=salary%20comparison"
"91a14f472dc186ef30f9d5f06e4a8c3cfe1a60227d31179ae32f9bd2ef59b3f6","452","blog","https://www.searchsarkarinaukri.com/blogs?search=Sarkari%20Naukri"
"91a14f472dc186ef30f9d5f06e4a8c3cfe1a60227d31179ae32f9bd2ef59b3f6","452","blog","https://www.searchsarkarinaukri.com/blogs?search=Salary%20Structure"
"91a14f472dc186ef30f9d5f06e4a8c3cfe1a60227d31179ae32f9bd2ef59b3f6","452","blog","https://www.searchsarkarinaukri.com/blogs?search=sarkari%20naukri%20online%20apply"
"91a14f472dc186ef30f9d5f06e4a8c3cfe1a60227d31179ae32f9bd2ef59b3f6","452","blog","https://www.searchsarkarinaukri.com/blogs?search=Sarkari%20Naukri%20Tips"
"91a14f472dc186ef30f9d5f06e4a8c3cfe1a60227d31179ae32f9bd2ef59b3f6","452","blog","https://www.searchsarkarinaukri.com/blogs?search=sarkari%20naukri%20vacancy"
"91a14f472dc186ef30f9d5f06e4a8c3cfe1a60227d31179ae32f9bd2ef59b3f6","452","blog","https://www.searchsarkarinaukri.com/blogs?search=scan%20and%20pay"
"91a14f472dc186ef30f9d5f06e4a8c3cfe1a60227d31179ae32f9bd2ef59b3f6","452","blog","https://www.searchsarkarinaukri.com/blogs?search=school%20education"
"91a14f472dc186ef30f9d5f06e4a8c3cfe1a60227d31179ae32f9bd2ef59b3f6","452","blog","https://www.searchsarkarinaukri.com/blogs?search=science%20careers"
"91a14f472dc186ef30f9d5f06e4a8c3cfe1a60227d31179ae32f9bd2ef59b3f6","452","blog","https://www.searchsarkarinaukri.com/blogs?search=SDM"
"91a14f472dc186ef30f9d5f06e4a8c3cfe1a60227d31179ae32f9bd2ef59b3f6","452","blog","https://www.searchsarkarinaukri.com/blogs?search=Scientist%20Engineer"
"91a14f472dc186ef30f9d5f06e4a8c3cfe1a60227d31179ae32f9bd2ef59b3f6","452","blog","https://www.searchsarkarinaukri.com/blogs?search=Search%20Sarkari%20Naukri"
"91a14f472dc186ef30f9d5f06e4a8c3cfe1a60227d31179ae32f9bd2ef59b3f6","452","blog","https://www.searchsarkarinaukri.com/blogs?search=service%20rules"
"91a14f472dc186ef30f9d5f06e4a8c3cfe1a60227d31179ae32f9bd2ef59b3f6","452","blog","https://www.searchsarkarinaukri.com/blogs?search=side%20income"
"91a14f472dc186ef30f9d5f06e4a8c3cfe1a60227d31179ae32f9bd2ef59b3f6","452","blog","https://www.searchsarkarinaukri.com/blogs?search=Seva%20Teerth"
"91a14f472dc186ef30f9d5f06e4a8c3cfe1a60227d31179ae32f9bd2ef59b3f6","452","blog","https://www.searchsarkarinaukri.com/blogs?search=simultaneous%20elections"
"91a14f472dc186ef30f9d5f06e4a8c3cfe1a60227d31179ae32f9bd2ef59b3f6","452","blog","https://www.searchsarkarinaukri.com/blogs?search=skill%20development"
"91a14f472dc186ef30f9d5f06e4a8c3cfe1a60227d31179ae32f9bd2ef59b3f6","452","blog","https://www.searchsarkarinaukri.com/blogs?search=skills"
"91a14f472dc186ef30f9d5f06e4a8c3cfe1a60227d31179ae32f9bd2ef59b3f6","452","blog","https://www.searchsarkarinaukri.com/blogs?search=skills%20of%20the%20future"
"91a14f472dc186ef30f9d5f06e4a8c3cfe1a60227d31179ae32f9bd2ef59b3f6","452","blog","https://www.searchsarkarinaukri.com/blogs?search=skills%20gap"
"91a14f472dc186ef30f9d5f06e4a8c3cfe1a60227d31179ae32f9bd2ef59b3f6","452","blog","https://www.searchsarkarinaukri.com/blogs?search=South%20Block"
"91a14f472dc186ef30f9d5f06e4a8c3cfe1a60227d31179ae32f9bd2ef59b3f6","452","blog","https://www.searchsarkarinaukri.com/blogs?search=space%20jobs"
"91a14f472dc186ef30f9d5f06e4a8c3cfe1a60227d31179ae32f9bd2ef59b3f6","452","blog","https://www.searchsarkarinaukri.com/blogs?search=ssc"
"91a14f472dc186ef30f9d5f06e4a8c3cfe1a60227d31179ae32f9bd2ef59b3f6","452","blog","https://www.searchsarkarinaukri.com/blogs?search=SSC"
"91a14f472dc186ef30f9d5f06e4a8c3cfe1a60227d31179ae32f9bd2ef59b3f6","452","blog","https://www.searchsarkarinaukri.com/blogs?search=SSC%20aspirants"
"91a14f472dc186ef30f9d5f06e4a8c3cfe1a60227d31179ae32f9bd2ef59b3f6","452","blog","https://www.searchsarkarinaukri.com/blogs?search=SSC%20CGL"
"91a14f472dc186ef30f9d5f06e4a8c3cfe1a60227d31179ae32f9bd2ef59b3f6","452","blog","https://www.searchsarkarinaukri.com/blogs?search=ssc%20cgl"
"91a14f472dc186ef30f9d5f06e4a8c3cfe1a60227d31179ae32f9bd2ef59b3f6","452","blog","https://www.searchsarkarinaukri.com/blogs?search=ssc%20cgl%202026"
"91a14f472dc186ef30f9d5f06e4a8c3cfe1a60227d31179ae32f9bd2ef59b3f6","452","blog","https://www.searchsarkarinaukri.com/blogs?search=SSC%20CGL%20apply%20online%202026"
"91a14f472dc186ef30f9d5f06e4a8c3cfe1a60227d31179ae32f9bd2ef59b3f6","452","blog","https://www.searchsarkarinaukri.com/blogs?search=ssc%20cgl%20eligibility"
"91a14f472dc186ef30f9d5f06e4a8c3cfe1a60227d31179ae32f9bd2ef59b3f6","452","blog","https://www.searchsarkarinaukri.com/blogs?search=SSC%20CGL%20eligibility%20criteria%202026"
"91a14f472dc186ef30f9d5f06e4a8c3cfe1a60227d31179ae32f9bd2ef59b3f6","452","blog","https://www.searchsarkarinaukri.com/blogs?search=ssc%20cgl%20posts"
"91a14f472dc186ef30f9d5f06e4a8c3cfe1a60227d31179ae32f9bd2ef59b3f6","452","blog","https://www.searchsarkarinaukri.com/blogs?search=ssc%20cgl%20salary"
"91a14f472dc186ef30f9d5f06e4a8c3cfe1a60227d31179ae32f9bd2ef59b3f6","452","blog","https://www.searchsarkarinaukri.com/blogs?search=SSC%20CGL%20syllabus%202026"
"91a14f472dc186ef30f9d5f06e4a8c3cfe1a60227d31179ae32f9bd2ef59b3f6","452","blog","https://www.searchsarkarinaukri.com/blogs?search=SSC%20coaching"
"91a14f472dc186ef30f9d5f06e4a8c3cfe1a60227d31179ae32f9bd2ef59b3f6","452","blog","https://www.searchsarkarinaukri.com/blogs?search=SSC%20preparation"
"91a14f472dc186ef30f9d5f06e4a8c3cfe1a60227d31179ae32f9bd2ef59b3f6","452","blog","https://www.searchsarkarinaukri.com/blogs?search=SSC%20Preparation"
"91a14f472dc186ef30f9d5f06e4a8c3cfe1a60227d31179ae32f9bd2ef59b3f6","452","blog","https://www.searchsarkarinaukri.com/blogs?search=stable%20jobs"
"91a14f472dc186ef30f9d5f06e4a8c3cfe1a60227d31179ae32f9bd2ef59b3f6","452","blog","https://www.searchsarkarinaukri.com/blogs?search=states%20vs%20union%20territories"
"91a14f472dc186ef30f9d5f06e4a8c3cfe1a60227d31179ae32f9bd2ef59b3f6","452","blog","https://www.searchsarkarinaukri.com/blogs?search=state%20assembly%20elections"
"91a14f472dc186ef30f9d5f06e4a8c3cfe1a60227d31179ae32f9bd2ef59b3f6","452","blog","https://www.searchsarkarinaukri.com/blogs?search=students"
"91a14f472dc186ef30f9d5f06e4a8c3cfe1a60227d31179ae32f9bd2ef59b3f6","452","blog","https://www.searchsarkarinaukri.com/blogs?search=Superintendent%20of%20Police"
"91a14f472dc186ef30f9d5f06e4a8c3cfe1a60227d31179ae32f9bd2ef59b3f6","452","blog","https://www.searchsarkarinaukri.com/blogs?search=Suspension"
"91a14f472dc186ef30f9d5f06e4a8c3cfe1a60227d31179ae32f9bd2ef59b3f6","452","blog","https://www.searchsarkarinaukri.com/blogs?search=technology"
"91a14f472dc186ef30f9d5f06e4a8c3cfe1a60227d31179ae32f9bd2ef59b3f6","452","blog","https://www.searchsarkarinaukri.com/blogs?search=Tehsildar"
"91a14f472dc186ef30f9d5f06e4a8c3cfe1a60227d31179ae32f9bd2ef59b3f6","452","blog","https://www.searchsarkarinaukri.com/blogs?search=transfer%20policy"
"91a14f472dc186ef30f9d5f06e4a8c3cfe1a60227d31179ae32f9bd2ef59b3f6","452","blog","https://www.searchsarkarinaukri.com/blogs?search=transfer%20rules"
"91a14f472dc186ef30f9d5f06e4a8c3cfe1a60227d31179ae32f9bd2ef59b3f6","452","blog","https://www.searchsarkarinaukri.com/blogs?search=Union%20Territories%20of%20India"
"91a14f472dc186ef30f9d5f06e4a8c3cfe1a60227d31179ae32f9bd2ef59b3f6","452","blog","https://www.searchsarkarinaukri.com/blogs?search=UIDAI"
"91a14f472dc186ef30f9d5f06e4a8c3cfe1a60227d31179ae32f9bd2ef59b3f6","452","blog","https://www.searchsarkarinaukri.com/blogs?search=Union%20Territory%20explained"
"91a14f472dc186ef30f9d5f06e4a8c3cfe1a60227d31179ae32f9bd2ef59b3f6","452","blog","https://www.searchsarkarinaukri.com/blogs?search=UPI"
"91a14f472dc186ef30f9d5f06e4a8c3cfe1a60227d31179ae32f9bd2ef59b3f6","452","blog","https://www.searchsarkarinaukri.com/blogs?search=UPI%20QR%20code"
"91a14f472dc186ef30f9d5f06e4a8c3cfe1a60227d31179ae32f9bd2ef59b3f6","452","blog","https://www.searchsarkarinaukri.com/blogs?search=UPSC"
"91a14f472dc186ef30f9d5f06e4a8c3cfe1a60227d31179ae32f9bd2ef59b3f6","452","blog","https://www.searchsarkarinaukri.com/blogs?search=upsc%202026"
"91a14f472dc186ef30f9d5f06e4a8c3cfe1a60227d31179ae32f9bd2ef59b3f6","452","blog","https://www.searchsarkarinaukri.com/blogs?search=upsc%20civil%20services"
"91a14f472dc186ef30f9d5f06e4a8c3cfe1a60227d31179ae32f9bd2ef59b3f6","452","blog","https://www.searchsarkarinaukri.com/blogs?search=UPSC%20coaching"
"91a14f472dc186ef30f9d5f06e4a8c3cfe1a60227d31179ae32f9bd2ef59b3f6","452","blog","https://www.searchsarkarinaukri.com/blogs?search=upsc%20eligibility"
"91a14f472dc186ef30f9d5f06e4a8c3cfe1a60227d31179ae32f9bd2ef59b3f6","452","blog","https://www.searchsarkarinaukri.com/blogs?search=upsc%20preparation"
"91a14f472dc186ef30f9d5f06e4a8c3cfe1a60227d31179ae32f9bd2ef59b3f6","452","blog","https://www.searchsarkarinaukri.com/blogs?search=UPSC%20preparation"
"91a14f472dc186ef30f9d5f06e4a8c3cfe1a60227d31179ae32f9bd2ef59b3f6","452","blog","https://www.searchsarkarinaukri.com/blogs?search=UPSC%20Preparation"
"91a14f472dc186ef30f9d5f06e4a8c3cfe1a60227d31179ae32f9bd2ef59b3f6","452","blog","https://www.searchsarkarinaukri.com/blogs?search=Vacancies"
"91a14f472dc186ef30f9d5f06e4a8c3cfe1a60227d31179ae32f9bd2ef59b3f6","452","blog","https://www.searchsarkarinaukri.com/blogs?search=Vi"
"91a14f472dc186ef30f9d5f06e4a8c3cfe1a60227d31179ae32f9bd2ef59b3f6","452","blog","https://www.searchsarkarinaukri.com/blogs?search=voter%20ID"
"91a14f472dc186ef30f9d5f06e4a8c3cfe1a60227d31179ae32f9bd2ef59b3f6","452","blog","https://www.searchsarkarinaukri.com/blogs?search=voting%20process"
"91a14f472dc186ef30f9d5f06e4a8c3cfe1a60227d31179ae32f9bd2ef59b3f6","452","blog","https://www.searchsarkarinaukri.com/blogs?search=VVPAT"
"91a14f472dc186ef30f9d5f06e4a8c3cfe1a60227d31179ae32f9bd2ef59b3f6","452","blog","https://www.searchsarkarinaukri.com/blogs?search=work%20experience"
"91a14f472dc186ef30f9d5f06e4a8c3cfe1a60227d31179ae32f9bd2ef59b3f6","452","blog","https://www.searchsarkarinaukri.com/blogs?search=work%20life%20balance"
"91a14f472dc186ef30f9d5f06e4a8c3cfe1a60227d31179ae32f9bd2ef59b3f6","452","blog","https://www.searchsarkarinaukri.com/blogs?search=youtube%20channel"
"91a14f472dc186ef30f9d5f06e4a8c3cfe1a60227d31179ae32f9bd2ef59b3f6","452","blog","https://www.searchsarkarinaukri.com/blogs?search=youth%20employment"
"cf66ca517726a9bc5b912f890eef5e23a0a5e4e0843ad02c30445cabd845e2a9","2","job-listing","https://www.searchsarkarinaukri.com/jobs/icar-ndri-deemed-university-contractual-position-of-young-professional-ii-2026--2372"
"cf66ca517726a9bc5b912f890eef5e23a0a5e4e0843ad02c30445cabd845e2a9","2","job-listing","https://www.searchsarkarinaukri.com/jobs/icar-ndri-deemed-university-contractual-position-of-young-professional-ii-2026--2373"
"c94466eae1f310f71fc2ea320b0b41a6ef2e1795a57606325d675d2c595384f6","2","job-listing","https://www.searchsarkarinaukri.com/jobs/job-2026--1114"
"c94466eae1f310f71fc2ea320b0b41a6ef2e1795a57606325d675d2c595384f6","2","job-listing","https://www.searchsarkarinaukri.com/jobs/job-2026--1391"
"53c2c4b9a6480aa0c9aba1f8a6b62d45e4f239f05bb1e7793d56998f6932e861","3","job-listing","https://www.searchsarkarinaukri.com/jobs/railway-recruitment-board-rrb-assistant-loco-pilot-recruitment-2024-cen-012024-2026--1420"
"53c2c4b9a6480aa0c9aba1f8a6b62d45e4f239f05bb1e7793d56998f6932e861","3","job-listing","https://www.searchsarkarinaukri.com/jobs/railway-recruitment-board-rrb-assistant-loco-pilot-recruitment-2025-cen-012025-2026--1412"
"53c2c4b9a6480aa0c9aba1f8a6b62d45e4f239f05bb1e7793d56998f6932e861","3","job-listing","https://www.searchsarkarinaukri.com/jobs/railway-recruitment-board-rrb-assistant-loco-pilot-recruitment-2026-cen-012026-2026--1403"
"3734da115f7ab5631074a3be10034d9d2361e552bd1715a8797a13fc0dd08df0","2","job-listing","https://www.searchsarkarinaukri.com/jobs/railway-recruitment-board-rrb-je-dms-cma-2026--1408"
"3734da115f7ab5631074a3be10034d9d2361e552bd1715a8797a13fc0dd08df0","2","job-listing","https://www.searchsarkarinaukri.com/jobs/railway-recruitment-board-rrb-je-dms-cma-2026--1418"
"396c7ff0fa30ad55af0dd0ca7b20a21d40c028e9bcd69101f82d37d0da1029d7","2","job-listing","https://www.searchsarkarinaukri.com/jobs/railway-recruitment-board-rrb-ministerial-isolated-category-posts-2026--1414"
"396c7ff0fa30ad55af0dd0ca7b20a21d40c028e9bcd69101f82d37d0da1029d7","2","job-listing","https://www.searchsarkarinaukri.com/jobs/railway-recruitment-board-rrb-ministerial-isolated-category-posts-2026--1421"
"b9228c6b2e4a85a9ae1846efe99ec61e0a1f5789e60e84dc811c0f4125ca3784","2","job-listing","https://www.searchsarkarinaukri.com/jobs/railway-recruitment-board-rrb-ntpc-graduate-posts-recruitment-2024-cen-052024-2026--1416"
"b9228c6b2e4a85a9ae1846efe99ec61e0a1f5789e60e84dc811c0f4125ca3784","2","job-listing","https://www.searchsarkarinaukri.com/jobs/railway-recruitment-board-rrb-ntpc-graduate-posts-recruitment-2025-cen-062025-2026--1407"
"1b886f4030825c0a50f1c6106b3df86b9ed356cb20b886c3e8433ebc1b948a7a","2","job-listing","https://www.searchsarkarinaukri.com/jobs/railway-recruitment-board-rrb-ntpc-undergraduate-posts-recruitment-2025-cen-072025-2026--1406"
"1b886f4030825c0a50f1c6106b3df86b9ed356cb20b886c3e8433ebc1b948a7a","2","job-listing","https://www.searchsarkarinaukri.com/jobs/railway-recruitment-board-rrb-ntpc-undergraduate-posts-recruitment-2024-cen-062024-2026--1415"
"ce7d96e5c26a606b63a9f5cbbc0f3e6c3de971f6f9f039bdabd1f57d28dc2eb5","3","job-listing","https://www.searchsarkarinaukri.com/jobs/railway-recruitment-board-rrb-paramedical-posts-recruitment-2024-cen-042024-2026--1417"
"ce7d96e5c26a606b63a9f5cbbc0f3e6c3de971f6f9f039bdabd1f57d28dc2eb5","3","job-listing","https://www.searchsarkarinaukri.com/jobs/railway-recruitment-board-rrb-paramedical-posts-recruitment-2019-cen-022019-2026--1422"
"ce7d96e5c26a606b63a9f5cbbc0f3e6c3de971f6f9f039bdabd1f57d28dc2eb5","3","job-listing","https://www.searchsarkarinaukri.com/jobs/railway-recruitment-board-rrb-paramedical-posts-recruitment-2025-cen-032025-2026--1410"
"26bee3f6957f00ce996a18bf91f92d6e263d4c4d84796f79add9e0b9f568ad0d","2","job-listing","https://www.searchsarkarinaukri.com/jobs/railway-recruitment-board-rrb-pay-level-1-group-d-posts-2026--1404"
"26bee3f6957f00ce996a18bf91f92d6e263d4c4d84796f79add9e0b9f568ad0d","2","job-listing","https://www.searchsarkarinaukri.com/jobs/railway-recruitment-board-rrb-pay-level-1-group-d-posts-2026--1413"
"da21a84a9cb415d7c489ba6694e5a78e6d77fd8bc7a68f558ae22120a494d1c7","2","job-listing","https://www.searchsarkarinaukri.com/jobs/railway-recruitment-board-rrb-technicians-recruitment-2024-cen-022024-2026--1419"
"da21a84a9cb415d7c489ba6694e5a78e6d77fd8bc7a68f558ae22120a494d1c7","2","job-listing","https://www.searchsarkarinaukri.com/jobs/railway-recruitment-board-rrb-technicians-recruitment-2025-cen-022025-2026--1411"
"8ae710cb340b30be3bc2dcab50a939cc6b92a2231670af792cd222eab24b9422","2","job-listing","https://www.searchsarkarinaukri.com/jobs/union-public-service-commission-central-armed-police-forces-acs-examination-2026--1431"
"8ae710cb340b30be3bc2dcab50a939cc6b92a2231670af792cd222eab24b9422","2","job-listing","https://www.searchsarkarinaukri.com/jobs/union-public-service-commission-central-armed-police-forces-acs-examination-2026--1443"
"1c0effdd9ed00e825ecf2a4ef9da4e2666c6c05e4e32f1f8cc1909fe820e80ce","2","job-listing","https://www.searchsarkarinaukri.com/jobs/union-public-service-commission-civil-services-preliminary-examination-2025-2026--1445"
"1c0effdd9ed00e825ecf2a4ef9da4e2666c6c05e4e32f1f8cc1909fe820e80ce","2","job-listing","https://www.searchsarkarinaukri.com/jobs/union-public-service-commission-civil-services-preliminary-examination-2026-2026--1434"
"29c572a0ef48d70d7a57b564e06aa2c90379d237237eab6753f7c7a18d1bb570","2","job-listing","https://www.searchsarkarinaukri.com/jobs/union-public-service-commission-combined-defence-services-examination-ii-2025-2026--1442"
"29c572a0ef48d70d7a57b564e06aa2c90379d237237eab6753f7c7a18d1bb570","2","job-listing","https://www.searchsarkarinaukri.com/jobs/union-public-service-commission-combined-defence-services-examination-ii-2026-2026--1483"
"7d037aec1d25c3f16e89f2e1faa3eb44eb25894dd5694f2f1e63be08b6c303ba","2","job-listing","https://www.searchsarkarinaukri.com/jobs/union-public-service-commission-indian-forest-service-preliminary-examination-2025-2026--1444"
"7d037aec1d25c3f16e89f2e1faa3eb44eb25894dd5694f2f1e63be08b6c303ba","2","job-listing","https://www.searchsarkarinaukri.com/jobs/union-public-service-commission-indian-forest-service-preliminary-examination-2026-2026--1433"
"1a484a4ebf3406bfb997c18ba25a28236bfb28fe26b540750fb1deda73ec5b14","2","job-listing","https://www.searchsarkarinaukri.com/jobs/union-public-service-commission-national-defence-academy-and-naval-academy-2026--1441"
"1a484a4ebf3406bfb997c18ba25a28236bfb28fe26b540750fb1deda73ec5b14","2","job-listing","https://www.searchsarkarinaukri.com/jobs/union-public-service-commission-national-defence-academy-and-naval-academy-2026--1484"
"3ff4141b42a00d196b6cb198dfcd04db29434223b7f446d12a3c7408a8f28c52","3","news","https://www.searchsarkarinaukri.com/news/295001"
"3ff4141b42a00d196b6cb198dfcd04db29434223b7f446d12a3c7408a8f28c52","3","news","https://www.searchsarkarinaukri.com/news/298889"
"3ff4141b42a00d196b6cb198dfcd04db29434223b7f446d12a3c7408a8f28c52","3","news","https://www.searchsarkarinaukri.com/news/306021"
"d0c603e58adbcd538e288985b23cc1f45c9886d43d7775c2058a8085ab6728f5","2","news","https://www.searchsarkarinaukri.com/news/295836"
"d0c603e58adbcd538e288985b23cc1f45c9886d43d7775c2058a8085ab6728f5","2","news","https://www.searchsarkarinaukri.com/news/296160"
"37c27db5b0940b5eb2e0d18af51ec1af81c9af5927421147afd2a35f41ed6577","2","news","https://www.searchsarkarinaukri.com/news/296136"
"37c27db5b0940b5eb2e0d18af51ec1af81c9af5927421147afd2a35f41ed6577","2","news","https://www.searchsarkarinaukri.com/news/302452"
"46e3cf23051893ca94cc64b32c99b82f2946d902af88a2fb0c1a1609598c750d","2","news","https://www.searchsarkarinaukri.com/news/296161"
"46e3cf23051893ca94cc64b32c99b82f2946d902af88a2fb0c1a1609598c750d","2","news","https://www.searchsarkarinaukri.com/news/298752"
"6fa9bf7a4e6dc273baa4a8838c28c0a56ebc4ae6016d9a5d89fc85ec311bbe72","2","results","https://www.searchsarkarinaukri.com/results/18"
"6fa9bf7a4e6dc273baa4a8838c28c0a56ebc4ae6016d9a5d89fc85ec311bbe72","2","results","https://www.searchsarkarinaukri.com/results/26"
"07c3683062cf6cdec9b3a564b7118a27e90767c62466593e9729f0b0ad805b45","2","results","https://www.searchsarkarinaukri.com/results/21"
"07c3683062cf6cdec9b3a564b7118a27e90767c62466593e9729f0b0ad805b45","2","results","https://www.searchsarkarinaukri.com/results/28"
"db2ee1e6efb987c31816ead8b42e40ff18fabfa8713114e95943127f6c041327","3","results","https://www.searchsarkarinaukri.com/results/30"
"db2ee1e6efb987c31816ead8b42e40ff18fabfa8713114e95943127f6c041327","3","results","https://www.searchsarkarinaukri.com/results/37"
"db2ee1e6efb987c31816ead8b42e40ff18fabfa8713114e95943127f6c041327","3","results","https://www.searchsarkarinaukri.com/results/46"
"311c2f7e94ae9e1be053813cf6afcd34b7d989882013ad9ef1a9e369b9c212c0","2","results","https://www.searchsarkarinaukri.com/results/34"
"311c2f7e94ae9e1be053813cf6afcd34b7d989882013ad9ef1a9e369b9c212c0","2","results","https://www.searchsarkarinaukri.com/results/44"
"69ca08f294d2efa4bf88183f891ebd43963c404dcbf3875927b2a8ab65ea54e5","5","results","https://www.searchsarkarinaukri.com/results/35"
"69ca08f294d2efa4bf88183f891ebd43963c404dcbf3875927b2a8ab65ea54e5","5","results","https://www.searchsarkarinaukri.com/results/41"
"69ca08f294d2efa4bf88183f891ebd43963c404dcbf3875927b2a8ab65ea54e5","5","results","https://www.searchsarkarinaukri.com/results/49"
"69ca08f294d2efa4bf88183f891ebd43963c404dcbf3875927b2a8ab65ea54e5","5","results","https://www.searchsarkarinaukri.com/results/54"
"69ca08f294d2efa4bf88183f891ebd43963c404dcbf3875927b2a8ab65ea54e5","5","results","https://www.searchsarkarinaukri.com/results/62"
"b428bcf4a4d9a76ca37ee0fa201fdd5f8d34ae273a1099539c80c97d5d23d2fe","3","results","https://www.searchsarkarinaukri.com/results/45"
"b428bcf4a4d9a76ca37ee0fa201fdd5f8d34ae273a1099539c80c97d5d23d2fe","3","results","https://www.searchsarkarinaukri.com/results/51"
"b428bcf4a4d9a76ca37ee0fa201fdd5f8d34ae273a1099539c80c97d5d23d2fe","3","results","https://www.searchsarkarinaukri.com/results/58"
"8373202aa30f24ed4b99fe64dd3147027d8cc350d9a2c4f3d98d64f94889dff1","2","results","https://www.searchsarkarinaukri.com/results/52"
"8373202aa30f24ed4b99fe64dd3147027d8cc350d9a2c4f3d98d64f94889dff1","2","results","https://www.searchsarkarinaukri.com/results/60"
"2635b1d26e053f50e32ef3b242208b9a72beece57674a74b62c2224b0f798580","4","results","https://www.searchsarkarinaukri.com/results/63"
"2635b1d26e053f50e32ef3b242208b9a72beece57674a74b62c2224b0f798580","4","results","https://www.searchsarkarinaukri.com/results/70"
"2635b1d26e053f50e32ef3b242208b9a72beece57674a74b62c2224b0f798580","4","results","https://www.searchsarkarinaukri.com/results/74"
"2635b1d26e053f50e32ef3b242208b9a72beece57674a74b62c2224b0f798580","4","results","https://www.searchsarkarinaukri.com/results/79"
"aca0faa04bd969fede29aefaed1f6fda32f86ecae4f367ece4428806bb482274","2","results","https://www.searchsarkarinaukri.com/results/66"
"aca0faa04bd969fede29aefaed1f6fda32f86ecae4f367ece4428806bb482274","2","results","https://www.searchsarkarinaukri.com/results/77"
"4f3dfb91f8122a50924446932063d81c7181c84078e07153e39baff3a1d6911c","3","results","https://www.searchsarkarinaukri.com/results/69"
"4f3dfb91f8122a50924446932063d81c7181c84078e07153e39baff3a1d6911c","3","results","https://www.searchsarkarinaukri.com/results/75"
"4f3dfb91f8122a50924446932063d81c7181c84078e07153e39baff3a1d6911c","3","results","https://www.searchsarkarinaukri.com/results/80"
"3ea195e73eb83fd32bd1259ba27608a3c4b7b96a671b8b9be4111f37b54518ca","2","results","https://www.searchsarkarinaukri.com/results/72"
"3ea195e73eb83fd32bd1259ba27608a3c4b7b96a671b8b9be4111f37b54518ca","2","results","https://www.searchsarkarinaukri.com/results/78"
