"domain","count"
"upsc.gov.in","25"
"www.rrbcdg.gov.in","24"
"www.upsc.gov.in","13"
"navodaya.gov.in","8"
"www.navodaya.gov.in","7"
"cdn.digialm.com","6"
"iimmumbai.ac.in","3"
"mpsconline.gov.in","3"
"thanecity.gov.in","3"
"www.npcil.nic.in","3"
"arogya.maharashtra.gov.in","2"
"tait2025.mahateacherrecruitment.org.in","2"
"vnit.ac.in","2"
"web-app.iucaa.in","2"
"www.actrec.gov.in","2"
"www.apskamptee.in","2"
"www.bamu.ac.in","2"
"www.echs.gov.in","2"
"www.ictmumbai.edu.in","2"
"www.mafsu.in","2"
"www.ncl-india.org","2"
"www.rcfltd.com","2"
"www.tiss.edu","2"
"careers.nfl.co.in","2"
"cbes.goa.gov.in","2"
"cdn3.digialm.com","2"
"clw.indianrailways.gov.in","2"
"daman.nic.in","2"
"districts.ecourts.gov.in","2"
"forms.cloud.microsoft","2"
"geca.ac.in","2"
"indianairforce.nic.in","2"
"indianrailways.gov.in","2"
"itat.gov.in","2"
"kdmc.gov.in","2"
"konkanrailway.com","2"
"nfr.indianrailways.gov.in","2"
"pesb.gov.in","2"
"sgnp.maharashtra.gov.in","2"
"sportsauthorityofindia.nic.in","2"
"swcd.maharashtra.gov.in","2"
"www.balmerlawrie.com","2"
"www.bharatpetroleum.in","2"
"www.bro.gov.in","2"
"www.coalindia.in","2"
"www.epfindia.gov.in","2"
"www.idbi.bank.in","2"
"www.niti.gov.in","2"
"www.pmc.gov.in","2"
"www.powergrid.in","2"
"www.stpi.in","2"
"bavmcpune.edu.in","1"
"bharatpetroleum.in","1"
"cmcchandrapur.com","1"
"gpjalgaon.org.in","1"
"malegaoncorporation.org","1"
"mescoltd.co.in","1"
"nabcons.com","1"
"ncw.nic.in","1"
"su.digitaluniversity.ac","1"
"vasundharabank.in","1"
"vikasbanksolapur.com","1"
"www.aees.gov.in","1"
"www.alcpune.com","1"
"www.amcsscentry.gov.in","1"
"www.asrb.org.in","1"
"www.bel-india.in","1"
"www.cdac.in","1"
"www.deccanbank.com","1"
"www.dtu.ac.in","1"
"www.dwcd.goa.gov.in","1"
"www.easterncoal.gov.in","1"
"www.gmc.goa.gov.in","1"
"www.ichalkaranjinp.co.in","1"
"www.iucaa.in","1"
"www.kdmc.gov.com","1"
"www.lbsnaa.gov.in","1"
"www.ltmgh.com","1"
"www.mahadiscom.in","1"
"www.mahaforest.gov.in","1"
"www.meconlimited.co.in","1"
"www.nabcons.com","1"
"www.nbtindia.gov.in","1"
"www.nhb.org.in","1"
"www.nmrda.org","1"
"www.ofhss.ednl.in","1"
"www.pmrda.gov.in","1"
"www.renukamatamultistate.com","1"
"www.secl-cil.in","1"
"www.sspmkbed.com","1"
"aera.gov.in","1"
"afmc.nic.in","1"
"afscn.edu.in","1"
"aiishmysorent.samarth.edu.in","1"
"aocrecruitment.gov.in","1"
"apps.nrsc.gov.in","1"
"apps.ursc.gov.in","1"
"aurangabadcantt.kvs.ac.in","1"
"bankappsweb.bankofbaroda.bank.in","1"
"bankofbaroda.bank.in","1"
"bankofindia.bank.in","1"
"bankofindia.co.in","1"
"bankofmaharashtra.in","1"
"bcplonline.co.in","1"
"bel-india.in","1"
"berarfinance.com","1"
"bombayhighcourt.nic.in","1"
"bprd.nic.in","1"
"bsnl.co.in","1"
"cabsec.gov.in","1"
"camumbai.gov.in","1"
"careerindianairforce.cdac.in","1"
"careers.cdac.in","1"
"careers.meconlimited.co.in","1"
"careers.powergrid.in","1"
"cbri.res.in","1"
"ccari.icar.gov.in","1"
"ccmb.res.in","1"
"ccri.icar.gov.in","1"
"ccrum.res.in","1"
"cdsco.gov.in","1"
"cewacor.nic.in","1"
"circot.icar.gov.in","1"
"cmti.res.in","1"
"commerce.gov.in","1"
"cr.indianrailways.gov.in","1"
"cris.org.in","1"
"csir.res.in","1"
"cucb.in","1"
"curec.samarth.ac.in","1"
"cvc.gov.in","1"
"cybercrime.gov.in","1"
"dahd.gov.in","1"
"deolali.cantt.gov.in","1"
"dfccil.com","1"
"dhe.goa.gov.in","1"
"dhsgoa.gov.in","1"
"dic.gov.in","1"
"directorate.marathi.gov.in","1"
"dmapr.icar.gov.in","1"
"dogr.icar.gov.in","1"
"drt.etribunals.gov.in","1"
"drtnagpur.com","1"
"echs.gov.in","1"
"esic.gov.in","1"
"ftii.ac.in","1"
"gadchiroli.dcourts.gov.in","1"
"ggmcjjh.com","1"
"gmcgoa.edu.in","1"
"goaulbservice.gov.in","1"
"gpjintur.co.in","1"
"gpnagar.ac.in","1"
"handlooms.nic.in","1"
"hbcse.tifr.res.in","1"
"hppsconline.hp.gov.in","1"
"iaseaurangabad.org","1"
"ibps.in","1"
"icaiplacements.icai.org","1"
"icsil.in","1"
"idex.gov.in","1"
"iitbhunt.samarth.edu.in","1"
"indianarmy.nic.in","1"
"indiancoastguard.gov.in","1"
"ircon.org","1"
"ispnasik.spmcil.com","1"
"janatabankajara.com","1"
"jbpatsanstha.com","1"
"jspm.edu.in","1"
"jssc.jharkhand.gov.in","1"
"labour.gov.in","1"
"legislative.gov.in","1"
"licindia.in","1"
"madc.maharashtra.gov.in","1"
"mahaegs.maharashtra.gov.in","1"
"mahafireservice.gov.in","1"
"mahaforest.gov.in","1"
"mahahousing.mahaonline.gov.in","1"
"mahakamgar.maharashtra.gov.in","1"
"mahammb.maharashtra.gov.in.","1"
"maharera.mahaonline.gov.in","1"
"main.icmr.nic.in","1"
"manndeshibank.com","1"
"mazagondock.in","1"
"mdd.maharashtra.gov.in","1"
"merc.gov.in","1"
"mfdcmaharashtra.co.in","1"
"mib.gov.in","1"
"mmrda.maharashtra.gov.in","1"
"mohfw.gov.in","1"
"mpkv.ac.in","1"
"mptgoa.gov.in","1"
"mrvc.indianrailways.gov.in","1"
"mshrc.gov.in","1"
"msrdc.in","1"
"mucb.bank.in","1"
"mumbaiport.gov.in","1"
"munitionsindia.co.in","1"
"munitionsindia.in","1"
"nadp.ac.in","1"
"narcoticsindia.nic.in","1"
"nationalcraftsmuseum.nic.in","1"
"nationalinsurance.nic.co.in","1"
"nbpgr.org.in","1"
"nclcil.in","1"
"new.iari.res.in","1"
"nfscnagpur.nic.in","1"
"nhb.gov.in","1"
"nhrc.nic.in","1"
"nhsrcl.in","1"
"nidjnt.samarth.edu.in","1"
"nmcbank.com","1"
"no1vascodagama.kvs.ac.in","1"
"npcil.nic.in","1"
"nrcgrapes.icar.gov.in","1"
"nrhm.maharashtra.gov.in","1"
"onlinevacancy.shipmin.nic.in","1"
"ora.digitalindiacorporation.in","1"
"ors.rcfltd.com","1"
"pgt.sainikschoolchandrapur.com","1"
"punjabandsindbank.co.in","1"
"railtel.in","1"
"rbi.org.in","1"
"rcf.indianrailways.gov.in","1"
"recruit.rites.com","1"
"recruitment.bankofmaharashtra.bank.in","1"
"recruitment.neepco-spark.co.in","1"
"recruitment.tiss.edu","1"
"romaharashtra.esic.gov.in","1"
"rrb.indianrailways.gov.in","1"
"rtmnuoant.samarth.edu.in","1"
"rwf.indianrailways.gov.in","1"
"sacc.edu.in","1"
"scea.maharashtra.gov.in","1"
"scr.indianrailways.gov.in","1"
"secl-cil.in","1"
"secondarytrainingcollege.com","1"
"secr.indianrailways.gov.in","1"
"shahu.bank.in","1"
"shahubank.com","1"
"shirpurbank.co.in","1"
"shivpratapmultistate.com","1"
"shorturl.at","1"
"shs.bihar.gov.in","1"
"sindhudurg.nic.in","1"
"sites.fssai.gov.in","1"
"sportsauthorityofindia.gov.in","1"
"srinathacscollege.com","1"
"ssbbank.bank.in","1"
"ssc.gov.in","1"
"ssc.nic.in","1"
"suvarnkranti.com","1"
"texmin.nic.in","1"
"tiss.ac.in","1"
"tiss.edu","1"
"tribal.maharashtra.gov.in","1"
"upsssc.gov.in","1"
"vacancyportal.nhai.org","1"
"vishwasbank.com","1"
"vvcmc.in","1"
"waqftribunal.maharashtra.gov.in","1"
"web.cmcchandrapur.com","1"
"wrd.maharashtra.gov.in","1"
"www.ada.gov.in","1"
"www.aiesl.in","1"
"www.aiimsexams.ac.in","1"
"www.airforceschoolvsnnagpur.org","1"
"www.aitpune.com","1"
"www.apprenticeshipindia.gov.in","1"
"www.apsahmednagar.com","1"
"www.bankofbaroda.in","1"
"www.bsbl.bank.in","1"
"www.bsnl.co.in","1"
"www.cbdeolali.org.in","1"
"www.cciltd.in","1"
"www.ccmb.res.in","1"
"www.ccrhindia.nic.in","1"
"www.celindia.co.in","1"
"www.cfslchandigarh.gov.in","1"
"www.cipet.gov.in","1"
"www.civilaviation.gov.in","1"
"www.cmcchandrapur.com","1"
"www.cmeri.res.in","1"
"www.cooperation.gov.in","1"
"www.cosmosbank.com","1"
"www.csir.res.in","1"
"www.cwc.gov.in","1"
"www.dgft.gov.in","1"
"www.dgqadefence.gov.in","1"
"www.dohe-education.gov.in","1"
"www.dpcc.delhigovt.nic.in","1"
"www.dtl.gov.in","1"
"www.easterncoal.nic.in","1"
"www.education.gov.in","1"
"www.esic.gov.in","1"
"www.esic.nic.in","1"
"www.fssai.gov.in","1"
"www.gajananbank.com","1"
"www.gpdhule.org.in","1"
"www.hbcse.tifr.res.in","1"
"www.ibps.in","1"
"www.idbibank.in","1"
"www.iiap.res.in","1"
"www.iiitn.ac.in","1"
"www.iiserpune.ac.in","1"
"www.iiti.ac.in","1"
"www.immt.res.in","1"
"www.imu.edu.in","1"
"www.incometaxindia.gov.in","1"
"www.indianarmy.nic.in","1"
"www.indiannavy.nic.in","1"
"www.insuranceinstituteofindia.com","1"
"www.irctc.com","1"
"www.itbpolice.nic.in","1"
"www.itsportsrecruitmentpune2026.com","1"
"www.jalshakti-dowr.gov.in","1"
"www.jeevandayee.gov.in","1"
"www.jercuts.gov.in","1"
"www.kamlanehrucollege.ac.in","1"
"www.mahagramin.in","1"
"www.mahanadicoal.in","1"
"www.mahatransco.in","1"
"www.malegaoncorporation.org","1"
"www.mavimindia.org","1"
"www.mea.gov.in","1"
"www.melghattiger.gov.in","1"
"www.mha.gov.in","1"
"www.mnsbank.in","1"
"www.mpsc.gov.in","1"
"www.mscbank.com","1"
"www.mscepune.in","1"
"www.msrtc.gov.in","1"
"www.mucbank.com","1"
"www.mumbaiport.gov.in","1"
"www.nagpurzp.com","1"
"www.ncdc.in","1"
"www.ncsnskedu.in","1"
"www.neeri.res.in","1"
"www.newindia.co.in","1"
"www.nfdcindia.com","1"
"www.niist.res.in","1"
"www.nitgoa.ac.in","1"
"www.nitnasik.com","1"
"www.nmdc.co.in","1"
"www.nmiet.edu.in","1"
"www.nnsbank.co.in","1"
"www.npcilcareers.co.in","1"
"www.patanbank.com","1"
"www.pawanhans.co.in","1"
"www.pharatepatilayurved.org","1"
"www.pnbindia.in","1"
"www.ppcbank.co.in","1"
"www.punepeoplesbank.com","1"
"www.punezp.gov.in","1"
"www.rbi.org.in","1"
"www.recpdcl.in","1"
"www.recruitment.itbpolice.nic.in","1"
"www.rites.com","1"
"www.rrbapply.gov.in","1"
"www.rrcpryj.org","1"
"www.sail.co.in","1"
"www.sanskrit.nic.in","1"
"www.sgbau.ac.in","1"
"www.shikshakbank.com","1"
"www.sindhudurgdcc.com","1"
"www.southindianbank.com","1"
"www.tcsion.com","1"
"www.tiss.ac.in","1"
"www.unigoa.ac.in","1"
"www.unionbankofindia.bank.in","1"
"www.unionbankofindia.co.in","1"
"www.upessc.up.gov.in","1"
"www.upsconline.nic.in","1"
"www.vishweshwarbank.com","1"
"www.yantraindia.co.in","1"
"www.zpsolapur.gov.in","1"
"yewsnational.org","1"
