"url","page_type","meta_description_length","meta_description"
"https://www.searchsarkarinaukri.com/","homepage","180","Sarkari Naukri 2026: Search latest government jobs, MPSC, Police Bharti, SSC, Railway & Banking recruitment with apply online links. महाराष्ट्रातील नवीन सरकारी नोकऱ्या — रोज अपडेट."
"https://www.searchsarkarinaukri.com/10th-pass-government-jobs","qualification","115","Latest 10th pass sarkari naukri 2026 — Railway Group D, SSC MTS, constable, peon jobs with salary, age, apply link."
"https://www.searchsarkarinaukri.com/12th-pass-government-jobs","qualification","106","Latest 12th pass sarkari naukri 2026 — SSC CHSL, Army, Navy, bank clerk jobs with salary, age, apply link."
"https://www.searchsarkarinaukri.com/admit-cards/17","admit-card","119","MPSC Admit Card 2026 admit card update with official source link, exam date, status and related Sarkari Naukri updates."
"https://www.searchsarkarinaukri.com/admit-cards/24","admit-card","119","MPSC Admit Card 2026 admit card update with official source link, exam date, status and related Sarkari Naukri updates."
"https://www.searchsarkarinaukri.com/admit-cards/3","admit-card","118","SSC CGL Tier 1 2026 admit card update with official source link, exam date, status and related Sarkari Naukri updates."
"https://www.searchsarkarinaukri.com/admit-cards/31","admit-card","119","MPSC Admit Card 2026 admit card update with official source link, exam date, status and related Sarkari Naukri updates."
"https://www.searchsarkarinaukri.com/admit-cards/38","admit-card","119","MPSC Admit Card 2026 admit card update with official source link, exam date, status and related Sarkari Naukri updates."
"https://www.searchsarkarinaukri.com/admit-cards/47","admit-card","119","MPSC Admit Card 2026 admit card update with official source link, exam date, status and related Sarkari Naukri updates."
"https://www.searchsarkarinaukri.com/admit-cards/5","admit-card","118","SBI PO Prelims 2026 admit card update with official source link, exam date, status and related Sarkari Naukri updates."
"https://www.searchsarkarinaukri.com/admit-cards/53","admit-card","119","MPSC Admit Card 2026 admit card update with official source link, exam date, status and related Sarkari Naukri updates."
"https://www.searchsarkarinaukri.com/admit-cards/6","admit-card","114","UPSC CDS I 2026 admit card update with official source link, exam date, status and related Sarkari Naukri updates."
"https://www.searchsarkarinaukri.com/admit-cards/61","admit-card","119","MPSC Admit Card 2026 admit card update with official source link, exam date, status and related Sarkari Naukri updates."
"https://www.searchsarkarinaukri.com/admit-cards/68","admit-card","119","MPSC Admit Card 2026 admit card update with official source link, exam date, status and related Sarkari Naukri updates."
"https://www.searchsarkarinaukri.com/admit-cards/7","admit-card","112","RRB NTPC 2026 admit card update with official source link, exam date, status and related Sarkari Naukri updates."
"https://www.searchsarkarinaukri.com/admit-cards/73","admit-card","119","MPSC Admit Card 2026 admit card update with official source link, exam date, status and related Sarkari Naukri updates."
"https://www.searchsarkarinaukri.com/admit-cards/81","admit-card","119","MPSC Admit Card 2026 admit card update with official source link, exam date, status and related Sarkari Naukri updates."
"https://www.searchsarkarinaukri.com/blogs/10th-and-12th-pass-government-jobs-in-india-2026-best-career-options-salary-how-to-apply","blog","159","Discover the best 10th and 12th pass government jobs in India for 2026. Learn about eligibility, salary, selection process, preparation tips, and how to apply…"
"https://www.searchsarkarinaukri.com/blogs/from-probation-to-promotion-the-career-growth-of-an-income-tax-inspector","blog","159","Learn about the complete career journey of an Income Tax Inspector after SSC CGL. Explore probation, training, job responsibilities, promotions, and long-term…"
"https://www.searchsarkarinaukri.com/blogs/government-jobs-that-no-longer-exist-careers-lost-to-time","blog","159","Discover fascinating government jobs that once played an important role in India but disappeared due to technology and modernization. Learn how public service…"
"https://www.searchsarkarinaukri.com/blogs/how-does-the-election-commission-of-india-conduct-the-world-s-largest-election","blog","159","Learn how the Election Commission of India organizes the world's largest democratic election, from voter registration and EVMs to counting votes and declaring…"
"https://www.searchsarkarinaukri.com/blogs/how-laws-are-made-in-india-from-bill-to-act-explained","blog","160","Learn how laws are made in India, from drafting a Bill to approval by Parliament and the President, explained in simple language. Read the key facts, practical…"
"https://www.searchsarkarinaukri.com/blogs/maharashtra-wants-to-change-how-government-exams-are-conducted-what-could-change-for-aspirants","blog","159","Maharashtra has formed a high-level panel to reform government recruitment exams after paper leaks. Here's what could change for MPSC and other exam aspirants."
"https://www.searchsarkarinaukri.com/blogs/ncert-has-1-596-vacant-posts-cbse-has-933-why-are-india-s-education-bodies-short-staffed","blog","159","A parliamentary panel has flagged 1,596 vacant NCERT posts and 933 CBSE vacancies. Understand why the shortages matter and what they mean for students and job…"
"https://www.searchsarkarinaukri.com/blogs/pm-kisan-is-continuing-until-2030-31-what-actually-changes-for-farmers","blog","160","PM-KISAN has been approved for continuation till 2030-31 with a ₹3.15 lakh crore outlay. Know the ₹6,000 benefit, DBT system and what the latest decision means."
"https://www.searchsarkarinaukri.com/blogs/what-happens-if-nobody-applies-for-a-government-job-the-surprising-answer","blog","159","What happens when no one applies for a government job? Learn how departments handle unfilled vacancies, re-advertisements, and recruitment rules. Read the key…"
"https://www.searchsarkarinaukri.com/blogs/what-is-a-gazetted-officer-and-why-their-signature-matters","blog","160","Learn who a Gazetted Officer is, why their signature is important, which officers have this authority, and when document attestation is required for government…"
"https://www.searchsarkarinaukri.com/blogs/what-is-the-right-to-information-rti-act-how-citizens-can-seek-government-information","blog","160","Learn what the Right to Information (RTI) Act is, how to file an RTI application, and why it plays an important role in ensuring transparency and accountabilit…"
"https://www.searchsarkarinaukri.com/blogs/why-are-so-many-educated-young-indians-competing-for-the-same-few-jobs","blog","159","India has more educated young people than ever, yet competition for stable jobs remains intense. Why are so many qualified candidates chasing the same limited…"
"https://www.searchsarkarinaukri.com/blogs/why-do-government-employees-retire-at-a-fixed-age-and-who-decides-it","blog","160","Why do government employees retire at a fixed age? Learn how superannuation works, why 60 is common, and why retirement rules differ across government services."
"https://www.searchsarkarinaukri.com/blogs/why-do-indian-currency-notes-have-17-languages-the-story-hidden-in-your-wallet","blog","159","Ever noticed the 17 languages on Indian currency notes? Discover why they're printed, what the language panel means, and the story behind India's multilingual…"
"https://www.searchsarkarinaukri.com/blogs/why-do-most-government-job-aspirants-fail-hint-it-s-not-because-they-re-less-intelligent","blog","160","Discover the biggest mistakes government job aspirants make and learn how to avoid them. Improve your preparation strategy and increase your chances of success."
"https://www.searchsarkarinaukri.com/blogs/why-does-india-have-so-many-different-types-of-ids-aadhaar-pan-voter-id-passport-more","blog","160","Why does India need Aadhaar, PAN, Voter ID, Passport and a Driving Licence? Understand what each ID actually proves and why one document can't replace them all."
"https://www.searchsarkarinaukri.com/blogs/why-does-india-have-union-territories-states-vs-union-territories-explained","blog","159","Learn why India has Union Territories, how they differ from states, who administers them, and why some UTs have their own legislative assemblies. Read the key…"
"https://www.searchsarkarinaukri.com/blogs/why-government-files-are-tied-with-red-tape-the-fascinating-story-behind-the-phrase","blog","160","Discover the fascinating history behind red tape in government offices. Learn how a simple red ribbon became a worldwide symbol of bureaucracy and administrati…"
"https://www.searchsarkarinaukri.com/blogs/will-competitive-exams-still-matter-in-an-ai-powered-future","blog","160","As AI changes education and work, will competitive exams need to change too? Explore the future of memorisation, critical thinking, AI literacy and recruitment…"
"https://www.searchsarkarinaukri.com/career-guidance","other","105","Complete career guidance for government jobs — which exam to choose, how to prepare, salary, growth path."
"https://www.searchsarkarinaukri.com/contact","static-policy","93","Contact SearchSarkariNaukri for corrections, feedback, source review and partnership queries."
"https://www.searchsarkarinaukri.com/current-affairs","other","112","Daily current affairs 2026 for UPSC, SSC, MPSC, banking exams. National, international, economy, sports, awards."
"https://www.searchsarkarinaukri.com/department/bhel","department","51","Latest BHEL recruitment 2026 — ET, ST with details."
"https://www.searchsarkarinaukri.com/department/bpsc","department","71","Latest BPSC recruitment 2026 — BPSC PT, Teacher, Judicial with details."
"https://www.searchsarkarinaukri.com/department/drdo","department","60","Latest DRDO recruitment 2026 — Scientist B, RA with details."
"https://www.searchsarkarinaukri.com/department/ibps","department","78","Latest IBPS recruitment 2026 — PO, Clerk, SO, RRB with details and apply link."
"https://www.searchsarkarinaukri.com/department/isro","department","78","Latest ISRO recruitment 2026 — Scientist/Engineer SC, Technician with details."
"https://www.searchsarkarinaukri.com/department/itbp","department","58","Latest ITBP recruitment 2026 — Constable, SI with details."
"https://www.searchsarkarinaukri.com/department/lic","department","63","Latest LIC recruitment 2026 — AAO, ADO, Assistant with details."
"https://www.searchsarkarinaukri.com/department/maharashtra-police","department","88","Latest Maharashtra Police Bharti 2026 — Constable, PSI, Driver recruitment with details."
"https://www.searchsarkarinaukri.com/department/ntpc","department","72","Latest NTPC recruitment 2026 — ET, DT with details & GATE-based entries."
"https://www.searchsarkarinaukri.com/department/railway-rrb","department","95","Latest RRB railway recruitment 2026 — NTPC, Group D, ALP, JE with eligibility and apply online."
"https://www.searchsarkarinaukri.com/department/sbi","department","78","Latest SBI recruitment 2026 — PO, Clerk, SO with eligibility and apply online."
"https://www.searchsarkarinaukri.com/department/upsc","department","107","Latest UPSC recruitment 2026 — IAS, IPS, CDS, NDA, CAPF notifications with eligibility, dates & apply link."
"https://www.searchsarkarinaukri.com/diploma-government-jobs","qualification","98","Latest Diploma sarkari naukri 2026 — Junior Engineer, technician jobs with details and apply link."
"https://www.searchsarkarinaukri.com/diploma-jobs-in-chandigarh","other","118","Latest Diploma sarkari naukri in Chandigarh 2026 — 7 active vacancies. Eligibility, age, salary and direct apply link."
"https://www.searchsarkarinaukri.com/diploma-jobs-in-delhi","other","113","Latest Diploma sarkari naukri in Delhi 2026 — 7 active vacancies. Eligibility, age, salary and direct apply link."
"https://www.searchsarkarinaukri.com/diploma-jobs-in-haryana","other","115","Latest Diploma sarkari naukri in Haryana 2026 — 6 active vacancies. Eligibility, age, salary and direct apply link."
"https://www.searchsarkarinaukri.com/diploma-jobs-in-kerala","other","114","Latest Diploma sarkari naukri in Kerala 2026 — 3 active vacancies. Eligibility, age, salary and direct apply link."
"https://www.searchsarkarinaukri.com/diploma-jobs-in-mumbai","other","115","Latest Diploma sarkari naukri in Mumbai 2026 — 11 active vacancies. Eligibility, age, salary and direct apply link."
"https://www.searchsarkarinaukri.com/diploma-jobs-in-nashik","other","114","Latest Diploma sarkari naukri in Nashik 2026 — 8 active vacancies. Eligibility, age, salary and direct apply link."
"https://www.searchsarkarinaukri.com/diploma-jobs-in-odisha","other","115","Latest Diploma sarkari naukri in Odisha 2026 — 13 active vacancies. Eligibility, age, salary and direct apply link."
"https://www.searchsarkarinaukri.com/diploma-jobs-in-pune","other","112","Latest Diploma sarkari naukri in Pune 2026 — 5 active vacancies. Eligibility, age, salary and direct apply link."
"https://www.searchsarkarinaukri.com/diploma-jobs-in-punjab","other","114","Latest Diploma sarkari naukri in Punjab 2026 — 6 active vacancies. Eligibility, age, salary and direct apply link."
"https://www.searchsarkarinaukri.com/diploma-jobs-in-rajasthan","other","117","Latest Diploma sarkari naukri in Rajasthan 2026 — 6 active vacancies. Eligibility, age, salary and direct apply link."
"https://www.searchsarkarinaukri.com/disclaimer","static-policy","116","Disclaimer for SearchSarkariNaukri government job information, official source verification and user responsibility."
"https://www.searchsarkarinaukri.com/editorial-policy","other","112","Editorial policy for SearchSarkariNaukri job sourcing, verification, safety checks and public-content standards."
"https://www.searchsarkarinaukri.com/eligibility-checker","other","114","Enter your qualification, age and location to see matching government job vacancies you're eligible for right now."
"https://www.searchsarkarinaukri.com/engineer-government-jobs","other","102","Latest engineering sarkari naukri 2026 — GATE, IES, ISRO, DRDO, railway engineer jobs with apply link."
"https://www.searchsarkarinaukri.com/engineer-jobs-in-bihar","other","119","Latest B.E / B.Tech sarkari naukri in Bihar 2026 — 14 active vacancies. Eligibility, age, salary and direct apply link."
"https://www.searchsarkarinaukri.com/engineer-jobs-in-delhi","other","119","Latest B.E / B.Tech sarkari naukri in Delhi 2026 — 17 active vacancies. Eligibility, age, salary and direct apply link."
"https://www.searchsarkarinaukri.com/engineer-jobs-in-kanpur","other","119","Latest B.E / B.Tech sarkari naukri in Kanpur 2026 — 3 active vacancies. Eligibility, age, salary and direct apply link."
"https://www.searchsarkarinaukri.com/engineer-jobs-in-kerala","other","119","Latest B.E / B.Tech sarkari naukri in Kerala 2026 — 4 active vacancies. Eligibility, age, salary and direct apply link."
"https://www.searchsarkarinaukri.com/engineer-jobs-in-nagpur","other","119","Latest B.E / B.Tech sarkari naukri in Nagpur 2026 — 4 active vacancies. Eligibility, age, salary and direct apply link."
"https://www.searchsarkarinaukri.com/engineer-jobs-in-pune","other","118","Latest B.E / B.Tech sarkari naukri in Pune 2026 — 11 active vacancies. Eligibility, age, salary and direct apply link."
"https://www.searchsarkarinaukri.com/engineer-jobs-in-punjab","other","119","Latest B.E / B.Tech sarkari naukri in Punjab 2026 — 9 active vacancies. Eligibility, age, salary and direct apply link."
"https://www.searchsarkarinaukri.com/exam-calendar","other","111","Complete government exam calendar 2026 with all important dates for UPSC, SSC, MPSC, banking and railway exams."
"https://www.searchsarkarinaukri.com/graduate-government-jobs","qualification","89","Latest graduate sarkari naukri 2026 — UPSC, SSC CGL, bank PO, RRB NTPC with full details."
"https://www.searchsarkarinaukri.com/iti-government-jobs","qualification","101","Latest ITI sarkari naukri 2026 — Railway, defence, PSU apprentice, technician jobs with full details."
"https://www.searchsarkarinaukri.com/iti-jobs-in-chandigarh","other","115","Latest ITI sarkari naukri in Chandigarh 2026 — 14 active vacancies. Eligibility, age, salary and direct apply link."
"https://www.searchsarkarinaukri.com/iti-jobs-in-delhi","other","110","Latest ITI sarkari naukri in Delhi 2026 — 14 active vacancies. Eligibility, age, salary and direct apply link."
"https://www.searchsarkarinaukri.com/iti-jobs-in-haryana","other","112","Latest ITI sarkari naukri in Haryana 2026 — 12 active vacancies. Eligibility, age, salary and direct apply link."
"https://www.searchsarkarinaukri.com/iti-jobs-in-mumbai","other","110","Latest ITI sarkari naukri in Mumbai 2026 — 3 active vacancies. Eligibility, age, salary and direct apply link."
"https://www.searchsarkarinaukri.com/iti-jobs-in-nashik","other","111","Latest ITI sarkari naukri in Nashik 2026 — 17 active vacancies. Eligibility, age, salary and direct apply link."
"https://www.searchsarkarinaukri.com/iti-jobs-in-odisha","other","111","Latest ITI sarkari naukri in Odisha 2026 — 18 active vacancies. Eligibility, age, salary and direct apply link."
"https://www.searchsarkarinaukri.com/iti-jobs-in-pune","other","108","Latest ITI sarkari naukri in Pune 2026 — 6 active vacancies. Eligibility, age, salary and direct apply link."
"https://www.searchsarkarinaukri.com/iti-jobs-in-punjab","other","111","Latest ITI sarkari naukri in Punjab 2026 — 12 active vacancies. Eligibility, age, salary and direct apply link."
"https://www.searchsarkarinaukri.com/iti-jobs-in-rajasthan","other","114","Latest ITI sarkari naukri in Rajasthan 2026 — 12 active vacancies. Eligibility, age, salary and direct apply link."
"https://www.searchsarkarinaukri.com/iti-jobs-in-uttar-pradesh","other","118","Latest ITI sarkari naukri in Uttar Pradesh 2026 — 12 active vacancies. Eligibility, age, salary and direct apply link."
"https://www.searchsarkarinaukri.com/jobs","other","92","Browse all active sarkari naukri vacancies across India. 30+ active vacancies updated daily."
"https://www.searchsarkarinaukri.com/jobs-in-ahmedabad","location","63","Latest sarkari naukri Ahmedabad 2026 — GSSSB, AMC with details."
"https://www.searchsarkarinaukri.com/jobs-in-bangalore","location","75","Latest sarkari naukri Bangalore 2026 — KPSC, BBMP, BMRCL with full details."
"https://www.searchsarkarinaukri.com/jobs-in-bhubaneswar","location","53","Latest sarkari naukri Bhubaneswar 2026 — OPSC, OSSSC."
"https://www.searchsarkarinaukri.com/jobs-in-bihar","location","92","Latest Bihar sarkari naukri 2026 — BPSC, BSSC, Bihar Police with eligibility, dates, salary."
"https://www.searchsarkarinaukri.com/jobs-in-chandigarh","location","57","Latest sarkari naukri Chandigarh 2026 — UT Admin, Police."
"https://www.searchsarkarinaukri.com/jobs-in-chennai","location","73","Latest sarkari naukri Chennai 2026 — TNPSC, ICF, Port Trust with details."
"https://www.searchsarkarinaukri.com/jobs-in-chhattisgarh","location","62","Latest CG sarkari naukri 2026 — CGPSC, CG Vyapam with details."
"https://www.searchsarkarinaukri.com/jobs-in-haryana","location","61","Latest Haryana sarkari naukri 2026 — HPSC, HSSC with details."
"https://www.searchsarkarinaukri.com/jobs-in-himachal-pradesh","location","58","Latest HP sarkari naukri 2026 — HPPSC, HPSSC with details."
"https://www.searchsarkarinaukri.com/jobs-in-jammu-kashmir","location","59","Latest J&K sarkari naukri 2026 — JKPSC, JKSSB with details."
"https://www.searchsarkarinaukri.com/jobs-in-kanpur","location","68","Latest sarkari naukri Kanpur 2026 — UP Police, Railway with details."
"https://www.searchsarkarinaukri.com/jobs-in-karnataka","location","102","Latest Karnataka sarkari naukri 2026 — KPSC, KEA, Karnataka Police with details, dates and apply link."
"https://www.searchsarkarinaukri.com/jobs-in-kerala","location","54","Latest Kerala sarkari naukri 2026 — KPSC with details."
"https://www.searchsarkarinaukri.com/jobs-in-kolkata","location","69","Latest sarkari naukri Kolkata 2026 — WBPSC, KMC, Police with details."
"https://www.searchsarkarinaukri.com/jobs-in-lucknow","location","75","Latest sarkari naukri Lucknow 2026 — UPPSC, UPSSSC, UP Police with details."
"https://www.searchsarkarinaukri.com/jobs-in-mumbai","location","110","Latest sarkari naukri in Mumbai 2026 — BMC, Mumbai Police, MPSC, Central Railway, bank jobs with full details."
"https://www.searchsarkarinaukri.com/jobs-in-mysore","location","41","Latest sarkari naukri Mysore 2026 — KPSC."
"https://www.searchsarkarinaukri.com/jobs-in-nagpur","location","76","Latest sarkari naukri Nagpur 2026 — NMC, Police, MPSC, Railway with details."
"https://www.searchsarkarinaukri.com/jobs-in-nashik","location","67","Latest sarkari naukri Nashik 2026 — NMC, MPSC, Police with details."
"https://www.searchsarkarinaukri.com/jobs-in-odisha","location","61","Latest Odisha sarkari naukri 2026 — OPSC, OSSSC with details."
"https://www.searchsarkarinaukri.com/jobs-in-patna","location","67","Latest sarkari naukri Patna 2026 — BPSC, BSSC, Police with details."
"https://www.searchsarkarinaukri.com/jobs-in-pune","location","97","Latest sarkari naukri in Pune 2026 — PMC, MPSC, defence, PSU jobs with full details & apply link."
"https://www.searchsarkarinaukri.com/jobs-in-punjab","location","61","Latest Punjab sarkari naukri 2026 — PPSC, PSSSB with details."
"https://www.searchsarkarinaukri.com/jobs-in-rajasthan","location","97","Latest Rajasthan sarkari naukri 2026 — RPSC, RSMSSB, Patwari, Police with details and apply link."
"https://www.searchsarkarinaukri.com/jobs-in-tamil-nadu","location","93","Latest Tamil Nadu sarkari naukri 2026 — TNPSC, TNUSRB, TRB with eligibility and apply online."
"https://www.searchsarkarinaukri.com/jobs-in-telangana","location","67","Latest Telangana sarkari naukri 2026 — TSPSC and more with details."
"https://www.searchsarkarinaukri.com/jobs-in-uttar-pradesh","location","116","UP sarkari naukri 2026 — UPSSSC, UPPSC, UP Police, VDO recruitment with eligibility, dates, salary and apply online."
"https://www.searchsarkarinaukri.com/jobs-in-uttarakhand","location","59","Latest UK sarkari naukri 2026 — UKPSC, UKSSSC with details."
"https://www.searchsarkarinaukri.com/jobs?search=police","other","84","Latest government job search results for police. 11+ active vacancies updated daily."
"https://www.searchsarkarinaukri.com/jobs?search=ZP%20Jobs","other","84","Latest government job search results for ZP Jobs. 0+ active vacancies updated daily."
"https://www.searchsarkarinaukri.com/jobs/aai-manager-law-recruitment-2026-apply-online-for-2-posts--3643","job-listing","116","Apply online for AAI Manager Law Recruitment 2026. Check LLB eligibility, experience, age limit and important dates."
"https://www.searchsarkarinaukri.com/jobs/andaman-nicobar-administration-sweeper-recruitment-2026-apply-online-for-1-post--3764","job-listing","119","Apply online for Andaman & Nicobar Sweeper Recruitment 2026. Check eligibility, vacancy, age limit and important dates."
"https://www.searchsarkarinaukri.com/jobs/andaman-nicobar-administration-visitor-recruitment-2026-apply-online-for-1-post--3754","job-listing","119","Apply online for Andaman & Nicobar Visitor Recruitment 2026. Check eligibility, vacancy, age limit and important dates."
"https://www.searchsarkarinaukri.com/jobs/assistant-librarian-recruitment-2026--3061","job-listing","118","IIT BHU Assistant Librarian Recruitment 2026 for 1 post. Check eligibility, qualification, age limit and apply online."
"https://www.searchsarkarinaukri.com/jobs/beml-engineer-recruitment-2026--2910","job-listing","115","Apply online for BEML Engineer Recruitment 2026. Check eligibility, qualification, selection process and last date."
"https://www.searchsarkarinaukri.com/jobs/cci-assistant-manager-recruitment-2026-2-posts--2862","job-listing","108","Apply online for CCI Assistant Manager Recruitment 2026. Check eligibility, salary, age limit and last date."
"https://www.searchsarkarinaukri.com/jobs/cci-junior-assistant-recruitment-2026-80-posts--2866","job-listing","115","Apply online for CCI Junior Assistant Recruitment 2026. Check eligibility, salary, selection process and last date."
"https://www.searchsarkarinaukri.com/jobs/cci-junior-commercial-executive-recruitment-2026-50-posts--2865","job-listing","107","Apply online for CCI Junior Commercial Executive Recruitment 2026. Check eligibility, salary and last date."
"https://www.searchsarkarinaukri.com/jobs/cci-management-trainee-accounts-recruitment-2026-8-posts--2864","job-listing","88","Apply online for CCI Management Trainee (Accounts) Recruitment 2026 before 24 July 2026."
"https://www.searchsarkarinaukri.com/jobs/cci-management-trainee-marketing-recruitment-2026-8-posts--2863","job-listing","89","Apply online for CCI Management Trainee (Marketing) Recruitment 2026 before 24 July 2026."
"https://www.searchsarkarinaukri.com/jobs/clw-basketball-women-sports-quota-recruitment-2026-apply-offline-for-3-posts--4104","job-listing","117","Apply for CLW Basketball (Women) Sports Quota Recruitment 2026. Check eligibility, 3 vacancies and selection process."
"https://www.searchsarkarinaukri.com/jobs/clw-golf-men-sports-quota-recruitment-2026-apply-offline-for-1-post--4105","job-listing","118","Apply for CLW Golf (Men) Sports Quota Recruitment 2026. Check eligibility, vacancy, age limit and application process."
"https://www.searchsarkarinaukri.com/jobs/clw-gymnastics-women-sports-quota-recruitment-2026-apply-offline-for-1-post--4108","job-listing","113","Apply for CLW Gymnastics (Women) Sports Quota Recruitment 2026. Check eligibility, vacancy and selection process."
"https://www.searchsarkarinaukri.com/jobs/cpcb-administrative-assistant-recruitment-2026--4919","job-listing","119","CPCB Recruitment 2026 for 1 Administrative Assistant post. Check qualification, experience, age limit and apply online."
"https://www.searchsarkarinaukri.com/jobs/cpcb-data-entry-operator-recruitment-2026--4922","job-listing","115","CPCB Recruitment 2026 for 4 Data Entry Operator posts. Check B.Sc/BCA qualification, typing speed and apply online."
"https://www.searchsarkarinaukri.com/jobs/cpcb-taxonomist-recruitment-2026--4921","job-listing","113","CPCB Recruitment 2026 for 1 Taxonomist post. Check M.Sc qualification, GATE/NET-JRF requirement and apply online."
"https://www.searchsarkarinaukri.com/jobs/deputy-assistant-director-entomology-recruitment-2026--3050","job-listing","90","Apply online for UPSC Deputy Assistant Director (Entomology) Recruitment 2026 for 2 posts."
"https://www.searchsarkarinaukri.com/jobs/deputy-librarian-recruitment-2026--3060","job-listing","118","Apply online for IIT BHU Deputy Librarian Recruitment 2026. Check eligibility, qualification, age limit and last date."
"https://www.searchsarkarinaukri.com/jobs/esic-associate-professor-recruitment-2026-walk-in-interview-for-19-posts--3681","job-listing","115","Apply for ESIC Associate Professor Recruitment 2026. Check qualification, salary, age limit and interview schedule."
"https://www.searchsarkarinaukri.com/jobs/esic-medical-officer-recruitment-2026-walk-in-interview-for-6-posts--3684","job-listing","110","Apply for ESIC Medical Officer Recruitment 2026. Check MBBS eligibility, salary, interview date and age limit."
"https://www.searchsarkarinaukri.com/jobs/esic-professor-recruitment-2026-walk-in-interview-for-11-posts--3680","job-listing","116","Apply for ESIC Professor Recruitment 2026. Check eligibility, salary, interview date, age limit and walk-in details."
"https://www.searchsarkarinaukri.com/jobs/esic-senior-resident-recruitment-2026-walk-in-interview-for-56-posts--3683","job-listing","109","Apply for ESIC Senior Resident Recruitment 2026. Check eligibility, age limit, salary and interview schedule."
"https://www.searchsarkarinaukri.com/jobs/gmrc-assistant-manager-automatic-fare-collection-recruitment-2026--2959","job-listing","105","Apply online for GMRC Assistant Manager (Automatic Fare Collection) Recruitment 2026 before 22 July 2026."
"https://www.searchsarkarinaukri.com/jobs/gmrc-assistant-manager-platform-screen-door-recruitment-2026--2960","job-listing","100","Apply online for GMRC Assistant Manager (Platform Screen Door) Recruitment 2026 before 22 July 2026."
"https://www.searchsarkarinaukri.com/jobs/gmrc-assistant-manager-signalling-recruitment-2026--2958","job-listing","90","Apply online for GMRC Assistant Manager (Signalling) Recruitment 2026 before 22 July 2026."
"https://www.searchsarkarinaukri.com/jobs/gmrc-engineer-senior-grade-signalling-recruitment-2026--2962","job-listing","94","Apply online for GMRC Engineer (Senior Grade) Signalling Recruitment 2026 before 22 July 2026."
"https://www.searchsarkarinaukri.com/jobs/gmrc-engineer-senior-grade-telecom-recruitment-2026--2961","job-listing","91","Apply online for GMRC Engineer (Senior Grade) Telecom Recruitment 2026 before 22 July 2026."
"https://www.searchsarkarinaukri.com/jobs/gmrc-general-manager-civil-maintenance-recruitment-2026--3001","job-listing","97","Apply online for GMRC General Manager (Civil – Maintenance) Recruitment 2026 before 22 July 2026."
"https://www.searchsarkarinaukri.com/jobs/gmrc-jgm-sr-dgm-dgm-civil-maintenance-recruitment-2026--3002","job-listing","101","Apply online for GMRC JGM / Sr. DGM / DGM (Civil – Maintenance) Recruitment 2026 before 22 July 2026."
"https://www.searchsarkarinaukri.com/jobs/gmrc-jgm-sr-dgm-dgm-civil-qa-qc-recruitment-2026--3003","job-listing","95","Apply online for GMRC JGM / Sr. DGM / DGM (Civil – QA/QC) Recruitment 2026 before 22 July 2026."
"https://www.searchsarkarinaukri.com/jobs/gmrc-sr-dgm-dgm-civil-underground-tunnel-elevated-recruitment-2026--3004","job-listing","111","Apply online for GMRC Sr. DGM / DGM (Civil – Underground/Tunnel/Elevated) Recruitment 2026 before 22 July 2026."
"https://www.searchsarkarinaukri.com/jobs/hpcl-chief-manager-deputy-general-manager-technical-services-recruitment-2026--2820","job-listing","99","Apply online for HPCL Chief Manager and Deputy General Manager Technical Services Recruitment 2026."
"https://www.searchsarkarinaukri.com/jobs/hpcl-economist-recruitment-2026-senior-manager-chief-manager-deputy-general-manager--2821","job-listing","112","Apply online for HPCL Economist Recruitment 2026. Check eligibility, salary, experience and application details."
"https://www.searchsarkarinaukri.com/jobs/income-tax-mts-recruitment-2026-4-posts-sports-quota--2904","job-listing","118","Apply offline for Income Tax MTS Recruitment 2026. Check eligibility, age limit, salary and apply before 31 July 2026."
"https://www.searchsarkarinaukri.com/jobs/income-tax-stenographer-grade-ii-recruitment-2026-1-post-sports-quota--2903","job-listing","88","Apply offline for Income Tax Stenographer Grade-II Recruitment 2026 before 31 July 2026."
"https://www.searchsarkarinaukri.com/jobs/irel-assistant-manager-chemical-recruitment-2026--4519","job-listing","118","IREL Assistant Manager Chemical Recruitment 2026 offers 4 PSU executive vacancies for B.E./B.Tech Chemical candidates."
"https://www.searchsarkarinaukri.com/jobs/irel-assistant-manager-electrical-recruitment-2026--4517","job-listing","101","IREL has 4 Assistant Manager Electrical vacancies for B.E./B.Tech candidates with 2 years experience."
"https://www.searchsarkarinaukri.com/jobs/irel-assistant-manager-finance-recruitment-2026--4558","job-listing","115","IREL Assistant Manager Finance Recruitment 2026 offers 1 vacancy for CA/CMA/MBA candidates with 2 years experience."
"https://www.searchsarkarinaukri.com/jobs/irel-assistant-manager-hrm-recruitment-2026--4563","job-listing","117","IREL Assistant Manager HRM Recruitment 2026 offers 4 vacancies for MBA/MA/MSW HRM candidates with 2 years experience."
"https://www.searchsarkarinaukri.com/jobs/irel-assistant-manager-industrial-safety-recruitment-2026--4543","job-listing","114","IREL Recruitment 2026 offers 2 Assistant Manager Industrial Safety vacancies for qualified B.E./B.Tech candidates."
"https://www.searchsarkarinaukri.com/jobs/irel-chief-manager-finance-recruitment-2026--4555","job-listing","114","IREL Chief Manager Finance Recruitment 2026 offers 3 vacancies for CA/CMA/MBA candidates with 13 years experience."
"https://www.searchsarkarinaukri.com/jobs/irel-deputy-manager-electrical-recruitment-2026--4516","job-listing","114","IREL Deputy Manager Electrical Recruitment 2026 offers 3 posts for B.E./B.Tech candidates with 5 years experience."
"https://www.searchsarkarinaukri.com/jobs/irel-deputy-manager-finance-recruitment-2026--4557","job-listing","114","IREL Deputy Manager Finance Recruitment 2026 offers 2 vacancies for CA/CMA/MBA candidates with 5 years experience."
"https://www.searchsarkarinaukri.com/jobs/irel-deputy-manager-geology-recruitment-2026--4548","job-listing","106","IREL Deputy Manager Geology Recruitment 2026 offers 1 vacancy for M.Sc candidates with 6 years experience."
"https://www.searchsarkarinaukri.com/jobs/irel-deputy-manager-hrm-admin-recruitment-2026--4561","job-listing","119","IREL Deputy Manager HRM Recruitment 2026 offers 1 Mumbai vacancy for MBA/MA/MSW HRM candidates with 5 years experience."
"https://www.searchsarkarinaukri.com/jobs/irel-deputy-manager-it-recruitment-2026--4547","job-listing","113","IREL Deputy Manager IT Recruitment 2026 offers 3 vacancies for B.E./B.Tech IT candidates with 5 years experience."
"https://www.searchsarkarinaukri.com/jobs/irel-deputy-manager-legal-hrm-recruitment-2026--4562","job-listing","112","IREL Deputy Manager Legal & HRM Recruitment 2026 offers 1 Mumbai vacancy for LLB plus MBA/MA/MSW HRM candidates."
"https://www.searchsarkarinaukri.com/jobs/irel-deputy-manager-mineral-recruitment-2026--4520","job-listing","115","IREL Recruitment 2026 offers 2 Deputy Manager Mineral vacancies for B.E./B.Tech candidates with 5 years experience."
"https://www.searchsarkarinaukri.com/jobs/irel-deputy-manager-sales-recruitment-2026--4560","job-listing","113","IREL Deputy Manager Sales Recruitment 2026 offers 6 vacancies for B.E./B.Tech candidates with 5 years experience."
"https://www.searchsarkarinaukri.com/jobs/irel-manager-it-recruitment-2026--4546","job-listing","114","IREL Manager IT Recruitment 2026 offers 1 IT executive vacancy for B.E./B.Tech candidates with 8 years experience."
"https://www.searchsarkarinaukri.com/jobs/irel-manager-legal-recruitment-2026--4550","job-listing","117","IREL Manager Legal Recruitment 2026 offers 3 LLB vacancies for candidates with 8 years post-qualification experience."
"https://www.searchsarkarinaukri.com/jobs/irel-manager-mining-recruitment-2026--4521","job-listing","112","IREL Manager Mining Recruitment 2026 offers 1 vacancy for B.E./B.Tech Mining candidates with 8 years experience."
"https://www.searchsarkarinaukri.com/jobs/irel-manager-security-recruitment-2026--4552","job-listing","117","IREL Manager Security Recruitment 2026 offers 1 vacancy for eligible graduate ESM candidates with 8 years experience."
"https://www.searchsarkarinaukri.com/jobs/irel-senior-manager-finance-recruitment-2026--4556","job-listing","113","IREL Senior Manager Finance Recruitment 2026 offers 1 vacancy for CA/CMA/MBA candidates with 10 years experience."
"https://www.searchsarkarinaukri.com/jobs/irel-senior-manager-legal-recruitment-2026--4549","job-listing","104","IREL Senior Manager Legal Recruitment 2026 offers 1 vacancy for LLB candidates with 10 years experience."
"https://www.searchsarkarinaukri.com/jobs/irel-senior-manager-medical-recruitment-2026--4553","job-listing","107","IREL Senior Manager Medical Recruitment 2026 offers 1 MBBS vacancy for candidates with 10 years experience."
"https://www.searchsarkarinaukri.com/jobs/isro-nrsc-junior-research-fellow-remote-sensing-gis-agriculture-recruitment-2026-bengaluru-apply-online-for-1-post--3947","job-listing","117","Apply online for ISRO NRSC Junior Research Fellow (Remote Sensing & GIS / Agriculture) Recruitment 2026 in Bengaluru."
"https://www.searchsarkarinaukri.com/jobs/junior-scientific-officer-toxicology-recruitment-2026--3052","job-listing","89","Apply online for UPSC Junior Scientific Officer (Toxicology) Recruitment 2026 for 1 post."
"https://www.searchsarkarinaukri.com/jobs/konkan-railway-estm-iii-recruitment-2026-apply-online-for-15-posts--4003","job-listing","116","Apply online for Konkan Railway ESTM-III Recruitment 2026. Check eligibility, salary, age limit and important dates."
"https://www.searchsarkarinaukri.com/jobs/mpesb-deputy-auditor-recruitment-2026-apply-online-for-105-posts--4232","job-listing","118","Apply online for MPESB Deputy Auditor Recruitment 2026. Check eligibility, vacancies, age limit and selection process."
"https://www.searchsarkarinaukri.com/jobs/nabfid-business-analyst-accounts-recruitment-2026--3139","job-listing","112","Apply for NaBFID Business Analyst (Accounts) Recruitment 2026. Check eligibility, vacancies and walk-in details."
"https://www.searchsarkarinaukri.com/jobs/nabfid-business-analyst-compliance-recruitment-2026--3141","job-listing","108","NaBFID is recruiting 1 Business Analyst (Compliance) through walk-in. Check eligibility and important dates."
"https://www.searchsarkarinaukri.com/jobs/nclt-cashier-recruitment-2026-apply-offline-for-1-post--3190","job-listing","117","Apply offline for NCLT Cashier Recruitment 2026. Check qualification, eligibility, age limit and application process."
"https://www.searchsarkarinaukri.com/jobs/nlc-india-iti-electrician-apprentice-recruitment-2026-apply-online--4057","job-listing","119","Apply online for NLC India ITI Electrician Apprentice Recruitment 2026. Check eligibility, stipend and important dates."
"https://www.searchsarkarinaukri.com/jobs/pnb-local-bank-officer-recruitment-2026-gujarat-apply-online-for-77-posts--3320","job-listing","119","Apply online for PNB LBO Recruitment 2026 Gujarat. Check vacancies, eligibility, salary, age limit and important dates."
"https://www.searchsarkarinaukri.com/jobs/pnb-local-bank-officer-recruitment-2026-karnataka-apply-online-for-78-posts--3321","job-listing","101","PNB LBO Karnataka Recruitment 2026. Check eligibility, vacancies, salary, age limit and apply online."
"https://www.searchsarkarinaukri.com/jobs/pnb-local-bank-officer-recruitment-2026-tamil-nadu-apply-online-for-51-posts--3324","job-listing","109","PNB LBO Tamil Nadu Recruitment 2026. Check vacancies, eligibility, qualification, age limit and apply online."
"https://www.searchsarkarinaukri.com/jobs/railtel-apprentice-recruitment-2026-north-india-locations-apply-online--3884","job-listing","108","Apply online for RailTel Apprentice Recruitment 2026 for Rohtak, Chandigarh, Amritsar and Roorkee locations."
"https://www.searchsarkarinaukri.com/jobs/railtel-apprentice-recruitment-2026-telangana-andhra-pradesh-locations-apply-online--3888","job-listing","95","Apply online for RailTel Apprentice Recruitment 2026 for Secunderabad and Vijayawada locations."
"https://www.searchsarkarinaukri.com/jobs/rcfl-management-trainee-boiler-recruitment-2026-apply-online-for-6-posts--3983","job-listing","118","Apply online for RCFL Management Trainee (Boiler) Recruitment 2026. Check eligibility, salary and application process."
"https://www.searchsarkarinaukri.com/jobs/rcfl-management-trainee-civil-recruitment-2026-apply-online-for-1-post--3988","job-listing","113","Apply online for RCFL Management Trainee (Civil) Recruitment 2026. Check eligibility, salary and important dates."
"https://www.searchsarkarinaukri.com/jobs/rcfl-management-trainee-mechanical-recruitment-2026-apply-online-for-4-posts--3984","job-listing","118","Apply online for RCFL Management Trainee (Mechanical) Recruitment 2026. Check eligibility, salary and important dates."
"https://www.searchsarkarinaukri.com/jobs/shs-bihar-general-surgeon-recruitment-2026-apply-online-for-27-posts--4254","job-listing","118","Apply online for SHS Bihar General Surgeon Recruitment 2026. Check eligibility, salary, vacancies and important dates."
"https://www.searchsarkarinaukri.com/jobs/shs-bihar-paediatrician-recruitment-2026-apply-online-for-115-posts--4251","job-listing","116","Apply online for SHS Bihar Paediatrician Recruitment 2026. Check eligibility, salary, vacancies and important dates."
"https://www.searchsarkarinaukri.com/jobs/specialist-grade-iii-assistant-professor-endocrinology-recruitment-2026--3044","job-listing","109","Apply online for UPSC Specialist Grade III Assistant Professor (Endocrinology) Recruitment 2026 for 10 posts."
"https://www.searchsarkarinaukri.com/jobs/specialist-grade-iii-assistant-professor-nuclear-medicine-recruitment-2026--3046","job-listing","111","Apply online for UPSC Specialist Grade III Assistant Professor (Nuclear Medicine) Recruitment 2026 for 3 posts."
"https://www.searchsarkarinaukri.com/jobs/specialist-grade-iii-assistant-professor-paediatric-cardiology-recruitment-2026--3048","job-listing","115","Apply online for UPSC Specialist Grade III Assistant Professor (Paediatric Cardiology) Recruitment 2026 for 1 post."
"https://www.searchsarkarinaukri.com/jobs/specialist-grade-iii-assistant-professor-surgical-gastroenterology-recruitment-2026--3049","job-listing","119","Apply online for UPSC Specialist Grade III Assistant Professor (Surgical Gastroenterology) Recruitment 2026 for 1 post."
"https://www.searchsarkarinaukri.com/jobs/svnirtar-assistant-professor-special-education-recruitment-2026-apply-online-for-1-post--3231","job-listing","83","Apply online for SVNIRTAR Assistant Professor (Special Education) Recruitment 2026."
"https://www.searchsarkarinaukri.com/jobs/svnirtar-associate-professor-clinical-psychology-recruitment-2026-apply-online-for-1-post--3230","job-listing","85","Apply online for SVNIRTAR Associate Professor (Clinical Psychology) Recruitment 2026."
"https://www.searchsarkarinaukri.com/jobs/svnirtar-lecturer-occupational-therapy-recruitment-2026-apply-online-for-1-post--3232","job-listing","75","Apply online for SVNIRTAR Lecturer (Occupational Therapy) Recruitment 2026."
"https://www.searchsarkarinaukri.com/jobs/svnirtar-prosthetist-orthotist-recruitment-2026-apply-online-for-1-post--3234","job-listing","117","Apply online for SVNIRTAR Prosthetist & Orthotist Recruitment 2026. Check eligibility, age limit and important dates."
"https://www.searchsarkarinaukri.com/jobs/svnirtar-rehabilitation-officer-recruitment-2026-apply-online-for-1-post--3233","job-listing","66","Apply online for SVNIRTAR Rehabilitation Officer Recruitment 2026."
"https://www.searchsarkarinaukri.com/jobs/svpuat-assistant-recruitment-2026-apply-online-for-8-posts--4039","job-listing","109","Apply online for SVPUAT Assistant Recruitment 2026. Check eligibility, salary, age limit and important dates."
"https://www.searchsarkarinaukri.com/jobs/svpuat-farm-manager-recruitment-2026-apply-online-for-6-posts--4036","job-listing","112","Apply online for SVPUAT Farm Manager Recruitment 2026. Check eligibility, salary, age limit and important dates."
"https://www.searchsarkarinaukri.com/jobs/svpuat-programme-assistant-computer-recruitment-2026-apply-online-for-7-posts--4037","job-listing","119","Apply online for SVPUAT Programme Assistant (Computer) Recruitment 2026. Check eligibility, salary and important dates."
"https://www.searchsarkarinaukri.com/jobs/technical-officer-group-ii-recruitment-2026--3057","job-listing","115","IIT BHU Technical Officer (Group-II) Recruitment 2026 notification for 4 posts. Check eligibility and apply online."
"https://www.searchsarkarinaukri.com/jobs/territorial-army-soldier-hair-dresser-recruitment-rally-2026-apply-for-3-posts--4091","job-listing","112","Apply for Territorial Army Soldier (Hair Dresser) Recruitment Rally 2026. Check eligibility and important dates."
"https://www.searchsarkarinaukri.com/jobs/tiss-programme-officer-recruitment-2026-apply-via-email-for-4-posts--3828","job-listing","115","Apply for TISS Programme Officer Recruitment 2026. Check eligibility, salary, qualification and last date to apply."
"https://www.searchsarkarinaukri.com/jobs/upsc-aeronautical-officer-recruitment-2026-11-posts--2827","job-listing","60","Apply online for UPSC Aeronautical Officer Recruitment 2026."
"https://www.searchsarkarinaukri.com/jobs/upsc-assistant-engineer-civil-recruitment-2026-11-posts--2828","job-listing","66","Apply online for UPSC Assistant Engineer (Civil) Recruitment 2026."
"https://www.searchsarkarinaukri.com/jobs/upsc-company-prosecutor-recruitment-2026-18-posts--2825","job-listing","108","Apply online for UPSC Company Prosecutor Recruitment 2026. Check eligibility, age limit and important dates."
"https://www.searchsarkarinaukri.com/jobs/upsc-legal-officer-recruitment-2026-12-posts--2826","job-listing","73","Apply online for UPSC Legal Officer Recruitment 2026 before 17 July 2026."
"https://www.searchsarkarinaukri.com/jobs/upsc-scientist-b-botany-recruitment-2026-apply-online--3552","job-listing","115","Apply online for UPSC Scientist B (Botany) Recruitment 2026. Check qualification, experience, age limit and salary."
"https://www.searchsarkarinaukri.com/mbbs-medical-government-jobs","other","105","Latest medical sarkari naukri 2026 — Medical Officer, Nurse (ANM/GNM), specialist jobs with full details."
"https://www.searchsarkarinaukri.com/mbbs-medical-jobs-in-pune","other","119","Latest MBBS / Medical sarkari naukri in Pune 2026 — 7 active vacancies. Eligibility, age, salary and direct apply link."
"https://www.searchsarkarinaukri.com/news/291751","news","88","Addendum Notice: 09 posts of Scientist-B (Instrumentation) in Ministry of Earth Sciences"
"https://www.searchsarkarinaukri.com/news/291752","news","92","Addendum Notice: 30 posts of Scientist-B (General Meteorology) in Ministry of Earth Sciences"
"https://www.searchsarkarinaukri.com/news/291753","news","93","Addendum Notice: 04 posts of Scientist-B (Atmospheric Sciences) in Ministry of Earth Sciences"
"https://www.searchsarkarinaukri.com/news/291754","news","104","Addendum Notice: 04 posts of Assistant Director Grade-II (IEDS) (Leather & Footwear) in Ministry of MSME"
"https://www.searchsarkarinaukri.com/news/291755","news","93","Addendum Notice: 04 posts of Assistant Director Grade-II (IEDS) (Hosiery) in Ministry of MSME"
"https://www.searchsarkarinaukri.com/news/291756","news","90","Addendum Notice: 04 posts of Assistant Director Grade-II (IEDS) (Food) in Ministry of MSME"
"https://www.searchsarkarinaukri.com/news/291757","news","94","Addendum Notice: 03 posts of Assistant Director Grade-II (IEDS) (Chemical) in Ministry of MSME"
"https://www.searchsarkarinaukri.com/news/291758","news","99","Addendum Notice: 01 post of Assistant Director Grade-I (IEDS) (Metal Finishing) in Ministry of MSME"
"https://www.searchsarkarinaukri.com/news/291759","news","103","Addendum Notice: 03 posts of Assistant Director Grade-I (IEDS) (Leather & Footwear) in Ministry of MSME"
"https://www.searchsarkarinaukri.com/news/291760","news","92","Addendum Notice: 02 posts of Assistant Director Grade-I (IEDS) (Hosiery) in Ministry of MSME"
"https://www.searchsarkarinaukri.com/news/291761","news","89","Addendum Notice: 03 posts of Assistant Director Grade-I (IEDS) (Food) in Ministry of MSME"
"https://www.searchsarkarinaukri.com/news/291762","news","93","Addendum Notice: 02 posts of Assistant Director Grade-I (IEDS) (Chemical) in Ministry of MSME"
"https://www.searchsarkarinaukri.com/news/291925","news","105","Convergence in governance: Why one scheme is rarely enough to solve development issues The Indian Express"
"https://www.searchsarkarinaukri.com/news/292897","news","83","In India’s “Cockroach” Protests, I Saw Democracy Resurrected Home ❧ Current Affairs"
"https://www.searchsarkarinaukri.com/news/294839","news","101","Knowledge Nugget | Tolling without barriers: India’s shift to multi-lane free flow The Indian Express"
"https://www.searchsarkarinaukri.com/news/295001","news","60","UPSC Mains Current Affairs for 22 August 2026 Vajiram & Ravi"
"https://www.searchsarkarinaukri.com/news/295163","news","50","UPSC CURRENT AFFAIRS – 22 AUGUST 2026 INSIGHTS IAS"
"https://www.searchsarkarinaukri.com/news/295811","news","89","UPSC Key: Definition of ‘Industry’, Political clearance and FDI policy The Indian Express"
"https://www.searchsarkarinaukri.com/news/295836","news","96","Manipur expands sports quota, silver and bronze medallists to get government jobs India Today NE"
"https://www.searchsarkarinaukri.com/news/296136","news","48","Current Affairs for 22 August 2026 Sanskriti IAS"
"https://www.searchsarkarinaukri.com/news/296160","news","96","Manipur expands sports quota, silver and bronze medallists to get government jobs India Today NE"
"https://www.searchsarkarinaukri.com/news/298727","news","70","Daily Current Affairs and GK Updates (21st August, 2026) | Bankersadda"
"https://www.searchsarkarinaukri.com/news/298889","news","60","UPSC Mains Current Affairs for 23 August 2026 Vajiram & Ravi"
"https://www.searchsarkarinaukri.com/news/299562","news","72","8.23 Lakh Government Posts Vacant: RTI Shows Massive Workforce Gaps NDTV"
"https://www.searchsarkarinaukri.com/news/301506","news","81","How sarkari job dreams turn into a long, costly wait for Indian youth The Federal"
"https://www.searchsarkarinaukri.com/news/301829","news","91","Massive shortfall in govt jobs across India, states move differently to address it HR Katha"
"https://www.searchsarkarinaukri.com/news/301830","news","87","8.23 Lakh Central Government Job Vacancies Revealed Through RTI Report Sakshi Education"
"https://www.searchsarkarinaukri.com/news/302128","news","96","Top 20 UPSC Current Affairs Pointers of the past week | August 17 to 23, 2026 The Indian Express"
"https://www.searchsarkarinaukri.com/news/302290","news","70","India Taliban Engagement: Five Years After Kabul’s Fall Vajiram & Ravi"
"https://www.searchsarkarinaukri.com/news/302452","news","48","Current Affairs for 24 August 2026 Sanskriti IAS"
"https://www.searchsarkarinaukri.com/news/302453","news","87","Knowledge Nugget: What makes RK-251 India’s new ‘smart’ cancer drug? The Indian Express"
"https://www.searchsarkarinaukri.com/news/302801","news","71","Jharkhand candidates return to work amid job uncertainty Awaz The Voice"
"https://www.searchsarkarinaukri.com/news/303424","news","71","How to measure the success of India’s capex strategy The Indian Express"
"https://www.searchsarkarinaukri.com/news/303587","news","67","ISRO Chief V Narayanan Announces India’s Space Station Goal Adda247"
"https://www.searchsarkarinaukri.com/news/303588","news","78","UPSC Key: China Squeeze, Elephant Corridors and Chipflation The Indian Express"
"https://www.searchsarkarinaukri.com/news/303935","news","115","Congress attacks Centre's 'backdoor' bid to end reservations as over 8.2 lakh govt posts lie vacant Telegraph India"
"https://www.searchsarkarinaukri.com/news/303936","news","91","Andhra announces 10,060 govt jobs in 4 phases, recruitment starts Sept 15 Business Standard"
"https://www.searchsarkarinaukri.com/news/304421","news","72","UPSC announces 'direct recruitment' to 80 posts in Central govt ANI News"
"https://www.searchsarkarinaukri.com/news/304422","news","78","""Eliminating Jobs With Reservation"": M Kharge Accuses BJP Of Indirect Ban NDTV"
"https://www.searchsarkarinaukri.com/news/305854","news","68","U.S.–India Electoral Systems: Trump’s Voting ID Rules Vajiram & Ravi"
"https://www.searchsarkarinaukri.com/news/306016","news","62","India’s Non-Fossil Fuel Power Capacity Crosses 300 GW GK Today"
"https://www.searchsarkarinaukri.com/news/306017","news","55","India Lifts Export Ban on Wheat Flour Products GK Today"
"https://www.searchsarkarinaukri.com/news/306018","news","52","India Signs Fuel Supply Deal with Mauritius GK Today"
"https://www.searchsarkarinaukri.com/news/306019","news","59","The Northern Sea Route and India’s Maritime Stakes GK Today"
"https://www.searchsarkarinaukri.com/news/306020","news","73","India Launches First Non-GMO High-Expansion Popcorn Maize Hybrid GK Today"
"https://www.searchsarkarinaukri.com/news/306021","news","60","UPSC Mains Current Affairs for 25 August 2026 Vajiram & Ravi"
"https://www.searchsarkarinaukri.com/post-graduate-government-jobs","other","86","Latest PG sarkari naukri 2026 — RBI Grade B, NET, assistant professor, scientist jobs."
"https://www.searchsarkarinaukri.com/post-graduate-jobs-in-patna","other","119","Latest Post Graduate sarkari naukri in Patna 2026 — 3 active vacancies. Eligibility, age, salary and direct apply link."
"https://www.searchsarkarinaukri.com/post-graduate-jobs-in-pune","other","119","Latest Post Graduate sarkari naukri in Pune 2026 — 16 active vacancies. Eligibility, age, salary and direct apply link."
"https://www.searchsarkarinaukri.com/results/12","results","118","SBI Clerk 2025 Result result update with official source link, result date, status and related Sarkari Naukri updates."
"https://www.searchsarkarinaukri.com/results/15","results","113","MPSC Result 2026 result update with official source link, result date, status and related Sarkari Naukri updates."
"https://www.searchsarkarinaukri.com/results/18","results","116","SSC CGL Result 2025 result update with official source link, result date, status and related Sarkari Naukri updates."
"https://www.searchsarkarinaukri.com/results/21","results","117","UPSC CSE Result 2026 result update with official source link, result date, status and related Sarkari Naukri updates."
"https://www.searchsarkarinaukri.com/results/26","results","116","SSC CGL Result 2025 result update with official source link, result date, status and related Sarkari Naukri updates."
"https://www.searchsarkarinaukri.com/results/28","results","117","UPSC CSE Result 2026 result update with official source link, result date, status and related Sarkari Naukri updates."
"https://www.searchsarkarinaukri.com/results/34","results","117","UPSC CSE Result 2026 result update with official source link, result date, status and related Sarkari Naukri updates."
"https://www.searchsarkarinaukri.com/results/35","results","116","SSC CGL Result 2025 result update with official source link, result date, status and related Sarkari Naukri updates."
"https://www.searchsarkarinaukri.com/results/41","results","116","SSC CGL Result 2025 result update with official source link, result date, status and related Sarkari Naukri updates."
"https://www.searchsarkarinaukri.com/results/42","results","115","SSC GD Result 2025 result update with official source link, result date, status and related Sarkari Naukri updates."
"https://www.searchsarkarinaukri.com/results/44","results","117","UPSC CSE Result 2026 result update with official source link, result date, status and related Sarkari Naukri updates."
"https://www.searchsarkarinaukri.com/results/45","results","116","SSC CPO Result 2025 result update with official source link, result date, status and related Sarkari Naukri updates."
"https://www.searchsarkarinaukri.com/results/49","results","116","SSC CGL Result 2025 result update with official source link, result date, status and related Sarkari Naukri updates."
"https://www.searchsarkarinaukri.com/results/51","results","116","SSC CPO Result 2025 result update with official source link, result date, status and related Sarkari Naukri updates."
"https://www.searchsarkarinaukri.com/results/54","results","116","SSC CGL Result 2025 result update with official source link, result date, status and related Sarkari Naukri updates."
"https://www.searchsarkarinaukri.com/results/55","results","116","SBI CBO Result 2026 result update with official source link, result date, status and related Sarkari Naukri updates."
"https://www.searchsarkarinaukri.com/results/58","results","116","SSC CPO Result 2025 result update with official source link, result date, status and related Sarkari Naukri updates."
"https://www.searchsarkarinaukri.com/results/59","results","113","MPSC Result 2026 result update with official source link, result date, status and related Sarkari Naukri updates."
"https://www.searchsarkarinaukri.com/results/62","results","116","SSC CGL Result 2025 result update with official source link, result date, status and related Sarkari Naukri updates."
"https://www.searchsarkarinaukri.com/results/63","results","116","SBI CBO Result 2026 result update with official source link, result date, status and related Sarkari Naukri updates."
"https://www.searchsarkarinaukri.com/results/65","results","116","SSC CPO Result 2025 result update with official source link, result date, status and related Sarkari Naukri updates."
"https://www.searchsarkarinaukri.com/results/66","results","113","MPSC Result 2026 result update with official source link, result date, status and related Sarkari Naukri updates."
"https://www.searchsarkarinaukri.com/results/69","results","116","SSC CGL Result 2025 result update with official source link, result date, status and related Sarkari Naukri updates."
"https://www.searchsarkarinaukri.com/results/70","results","116","SBI CBO Result 2026 result update with official source link, result date, status and related Sarkari Naukri updates."
"https://www.searchsarkarinaukri.com/results/71","results","115","SSC GD Result 2025 result update with official source link, result date, status and related Sarkari Naukri updates."
"https://www.searchsarkarinaukri.com/results/74","results","116","SBI CBO Result 2026 result update with official source link, result date, status and related Sarkari Naukri updates."
"https://www.searchsarkarinaukri.com/results/75","results","116","SSC CGL Result 2025 result update with official source link, result date, status and related Sarkari Naukri updates."
"https://www.searchsarkarinaukri.com/results/77","results","113","MPSC Result 2026 result update with official source link, result date, status and related Sarkari Naukri updates."
"https://www.searchsarkarinaukri.com/results/79","results","116","SBI CBO Result 2026 result update with official source link, result date, status and related Sarkari Naukri updates."
"https://www.searchsarkarinaukri.com/results/80","results","116","SSC CGL Result 2025 result update with official source link, result date, status and related Sarkari Naukri updates."
"https://www.searchsarkarinaukri.com/sitemap","other","118","HTML sitemap for SearchSarkariNaukri with crawlable links to jobs, districts, results, admit cards and exam resources."
