"url","page_type","title"
"https://www.searchsarkarinaukri.com/jobs/job--1015","job-listing","कोल इंडिया लिमिटेड: प्रशिक्षणार्थी पदांसाठी भरती माहिती २०२६ | Eligibility, Last Date & Official Apply Link"
"https://www.searchsarkarinaukri.com/jobs/job--1016","job-listing","युनियन बँक ऑफ इंडिया: प्रशिक्षणार्थी पदांसाठी भरती माहिती २०२६ | Eligibility, Last Date & Official Apply Link"
"https://www.searchsarkarinaukri.com/jobs/job--1018","job-listing","महाराष्ट्र लोकसेवा आयोग: विविध पदाच्या एकूण पदांसाठी भरती माहिती २०२६ | Eligibility, Last Date & Official Apply Link"
"https://www.searchsarkarinaukri.com/jobs/job--1019","job-listing","दक्षिण पूर्व मध्य रेल्वे: शिकाऊ पदांसाठी भरती माहिती २०२६ | Eligibility, Last Date & Official Apply Link"
"https://www.searchsarkarinaukri.com/jobs/job--1021","job-listing","भारतीय रेल्वे विभागा येथे १११२७ लोको पायलट पदांची भरती २०२६ | Eligibility, Last Date & Official Apply Link"
"https://www.searchsarkarinaukri.com/jobs/job--1022","job-listing","नाशिक करन्सी नोट प्रेस: विविध पदांसाठी भरती माहिती २०२६ | Eligibility, Last Date & Official Apply Link"
"https://www.searchsarkarinaukri.com/jobs/job--1023","job-listing","पिंपरी- चिंचवड महानगरपालिके मध्ये ४०७ प्रशिक्षणार्थी रिक्त पदांची भरती | Eligibility, Last Date & Official Apply Link"
"https://www.searchsarkarinaukri.com/jobs/job--1024","job-listing","पॉवर ग्रिड कॉर्पोरेशन ऑफ इंडिया: विविध पदांसाठी भरती माहिती २०२६ | Eligibility, Last Date & Official Apply Link"
"https://www.searchsarkarinaukri.com/jobs/job--1025","job-listing","महानदी कोलफील्ड्स: विविध पदाच्या एकूण पदांसाठी भरती माहिती २०२६ | Eligibility, Last Date & Official Apply Link"
"https://www.searchsarkarinaukri.com/jobs/job--1026","job-listing","आदिवासी विकास विभाग: चौकीदार पदांसाठी भरती माहिती २०२६ | Eligibility, Last Date & Official Apply Link"
"https://www.searchsarkarinaukri.com/jobs/job--1027","job-listing","भारत पेट्रोलियम कॉर्पोरेशन येथे २५० विविध पदांची भरती २०२६ | Eligibility, Last Date & Official Apply Link"
"https://www.searchsarkarinaukri.com/jobs/job--1029","job-listing","दक्षिण-पूर्व कोलफील्ड्स मध्ये १०५५ विविध रिक्त पदांची भरती | Eligibility, Last Date & Official Apply Link"
"https://www.searchsarkarinaukri.com/jobs/job--1030","job-listing","कामगार विभाग येथे ७८ विविध पदांची भरती २०२६ | Eligibility, Last Date & Official Apply Link"
"https://www.searchsarkarinaukri.com/jobs/job--1031","job-listing","भारतीय हवाई दल: विविध पदांसाठी भरती माहिती २०२६ | Eligibility, Last Date & Official Apply Link"
"https://www.searchsarkarinaukri.com/jobs/job--1032","job-listing","नॅशनल थर्मल पॉवर कॉर्पोरेशन: प्रशिक्षणार्थी पदाच्या एकूण पदांसाठी भरती माहिती २०२६ | Eligibility, Last Date & Official…"
"https://www.searchsarkarinaukri.com/jobs/job--1033","job-listing","राष्ट्रीय खनिज विकास महामंडळा: विविध पदांसाठी भरती माहिती २०२६ | Eligibility, Last Date & Official Apply Link"
"https://www.searchsarkarinaukri.com/jobs/job--1034","job-listing","अखिल भारतीय आयुर्विज्ञान संस्था (नागपूर): विविध पदांसाठी भरती माहिती २०२६ | Eligibility, Last Date & Official Apply Link"
"https://www.searchsarkarinaukri.com/jobs/job--1037","job-listing","केंद्रीय लोकसेवा आयोग: विविध पदांसाठी भरती माहिती २०२६ | Eligibility, Last Date & Official Apply Link"
"https://www.searchsarkarinaukri.com/jobs/job--1038","job-listing","छ. संभाजीनगर राष्ट्रीय आरोग्य अभियाना मध्ये १० विविध रिक्त पदांची भरती | Eligibility, Last Date & Official Apply Link"
"https://www.searchsarkarinaukri.com/jobs/job--1039","job-listing","वैद्यकीय आणि आरोग्य सेवा संचालनालया: विविध पदांसाठी भरती माहिती २०२६ | Eligibility, Last Date & Official Apply Link"
"https://www.searchsarkarinaukri.com/jobs/job--1041","job-listing","नागपूर शासकीय आयुर्वेद महाविद्यालयातील मध्ये १३ विविध रिक्त पदांची भरती | Eligibility, Last Date & Official Apply Link"
"https://www.searchsarkarinaukri.com/jobs/job--1042","job-listing","रायगड जिल्हा राष्ट्रीय आरोग्य अभियानांतर्ग: योग प्रशिक्षक पदांसाठी भरती माहिती २०२६ | Eligibility, Last Date &…"
"https://www.searchsarkarinaukri.com/jobs/job--1043","job-listing","चंद्रपूर शहर महानगरपालिके येथे १२ विविध पदांची भरती २०२६ | Eligibility, Last Date & Official Apply Link"
"https://www.searchsarkarinaukri.com/jobs/job--1046","job-listing","धुळे महापारेषण: प्रशिक्षणार्थी पदांसाठी भरती माहिती २०२६ | Eligibility, Last Date & Official Apply Link"
"https://www.searchsarkarinaukri.com/jobs/job--980","job-listing","महाराष्ट्र गट-ब (अराजपत्रित) सेवा संयुक्त पूर्व परीक्षा २०२६ | Eligibility, Last Date & Official Apply Link"
"https://www.searchsarkarinaukri.com/jobs/job--982","job-listing","पशुधन विकास अधिकारी व सहाय्यक संचालक भरती | Eligibility, Last Date & Official Apply Link"
"https://www.searchsarkarinaukri.com/jobs/job--997","job-listing","तदर्थ वैद्यकीय अधिकारी भरती २०२६ | Eligibility, Last Date & Official Apply Link"
"https://www.searchsarkarinaukri.com/news/291751","news","Addendum Notice: 09 posts of Scientist-B (Instrumentation) in Ministry of Earth Sciences | SearchSarkariNaukri News"
"https://www.searchsarkarinaukri.com/news/291752","news","Addendum Notice: 30 posts of Scientist-B (General Meteorology) in Ministry of Earth Sciences | SearchSarkariNaukri News"
"https://www.searchsarkarinaukri.com/news/291753","news","Addendum Notice: 04 posts of Scientist-B (Atmospheric Sciences) in Ministry of Earth Sciences | SearchSarkariNaukri News"
"https://www.searchsarkarinaukri.com/news/291754","news","Addendum Notice: 04 posts of Assistant Director Grade-II (IEDS) (Leather & Footwear) in Ministry of MSME | SearchSarkariNaukri News"
"https://www.searchsarkarinaukri.com/news/291755","news","Addendum Notice: 04 posts of Assistant Director Grade-II (IEDS) (Hosiery) in Ministry of MSME | SearchSarkariNaukri News"
"https://www.searchsarkarinaukri.com/news/291756","news","Addendum Notice: 04 posts of Assistant Director Grade-II (IEDS) (Food) in Ministry of MSME | SearchSarkariNaukri News"
"https://www.searchsarkarinaukri.com/news/291757","news","Addendum Notice: 03 posts of Assistant Director Grade-II (IEDS) (Chemical) in Ministry of MSME | SearchSarkariNaukri News"
"https://www.searchsarkarinaukri.com/news/291758","news","Addendum Notice: 01 post of Assistant Director Grade-I (IEDS) (Metal Finishing) in Ministry of MSME | SearchSarkariNaukri News"
"https://www.searchsarkarinaukri.com/news/291759","news","Addendum Notice: 03 posts of Assistant Director Grade-I (IEDS) (Leather & Footwear) in Ministry of MSME | SearchSarkariNaukri News"
"https://www.searchsarkarinaukri.com/news/291760","news","Addendum Notice: 02 posts of Assistant Director Grade-I (IEDS) (Hosiery) in Ministry of MSME | SearchSarkariNaukri News"
"https://www.searchsarkarinaukri.com/news/291761","news","Addendum Notice: 03 posts of Assistant Director Grade-I (IEDS) (Food) in Ministry of MSME | SearchSarkariNaukri News"
"https://www.searchsarkarinaukri.com/news/291762","news","Addendum Notice: 02 posts of Assistant Director Grade-I (IEDS) (Chemical) in Ministry of MSME | SearchSarkariNaukri News"
"https://www.searchsarkarinaukri.com/news/291925","news","Convergence in governance: Why one scheme is rarely enough to solve development issues - The Indian Express | SearchSarkariNaukri News"
"https://www.searchsarkarinaukri.com/news/292897","news","In India’s “Cockroach” Protests, I Saw Democracy Resurrected - Home ❧ Current Affairs | SearchSarkariNaukri News"
"https://www.searchsarkarinaukri.com/news/294839","news","Knowledge Nugget | Tolling without barriers: India’s shift to multi-lane free flow - The Indian Express | SearchSarkariNaukri News"
"https://www.searchsarkarinaukri.com/news/295001","news","UPSC Mains Current Affairs for 22 August 2026 - Vajiram &amp; Ravi | SearchSarkariNaukri News"
"https://www.searchsarkarinaukri.com/news/295163","news","UPSC CURRENT AFFAIRS – 22 AUGUST 2026 - INSIGHTS IAS | SearchSarkariNaukri News"
"https://www.searchsarkarinaukri.com/news/295811","news","UPSC Key: Definition of ‘Industry’, Political clearance and FDI policy - The Indian Express | SearchSarkariNaukri News"
"https://www.searchsarkarinaukri.com/news/295836","news","Manipur expands sports quota, silver and bronze medallists to get government jobs - India Today NE | SearchSarkariNaukri News"
"https://www.searchsarkarinaukri.com/news/296135","news","UPSC Weekly Current Affairs Quiz (August 16 – August 22): 10 key questions with detailed answers for Prelims 2027 - The Indian Express | SearchSarkariNaukri News"
"https://www.searchsarkarinaukri.com/news/296136","news","Current Affairs for 22 August 2026 - Sanskriti IAS | SearchSarkariNaukri News"
"https://www.searchsarkarinaukri.com/news/296160","news","Manipur expands sports quota, silver and bronze medallists to get government jobs - India Today NE | SearchSarkariNaukri News"
"https://www.searchsarkarinaukri.com/news/296161","news","Top Jobs of the Week: Recruitment opens for 2,482 posts in Bank of Baroda; 1,421vacancies available in Rail... - Bhaskar English | SearchSarkariNaukri News"
"https://www.searchsarkarinaukri.com/news/298727","news","Daily Current Affairs and GK Updates (21st August, 2026) | - Bankersadda | SearchSarkariNaukri News"
"https://www.searchsarkarinaukri.com/news/298752","news","Top Jobs of the Week: Recruitment opens for 2,482 posts in Bank of Baroda; 1,421vacancies available in Rail... - Bhaskar English | SearchSarkariNaukri News"
"https://www.searchsarkarinaukri.com/news/298889","news","UPSC Mains Current Affairs for 23 August 2026 - Vajiram &amp; Ravi | SearchSarkariNaukri News"
"https://www.searchsarkarinaukri.com/news/299562","news","8.23 Lakh Government Posts Vacant: RTI Shows Massive Workforce Gaps - NDTV | SearchSarkariNaukri News"
"https://www.searchsarkarinaukri.com/news/301506","news","How sarkari job dreams turn into a long, costly wait for Indian youth - The Federal | SearchSarkariNaukri News"
"https://www.searchsarkarinaukri.com/news/301829","news","Massive shortfall in govt jobs across India, states move differently to address it - HR Katha | SearchSarkariNaukri News"
"https://www.searchsarkarinaukri.com/news/301830","news","8.23 Lakh Central Government Job Vacancies Revealed Through RTI Report - Sakshi Education | SearchSarkariNaukri News"
"https://www.searchsarkarinaukri.com/news/302128","news","Top 20 UPSC Current Affairs Pointers of the past week | August 17 to 23, 2026 - The Indian Express | SearchSarkariNaukri News"
"https://www.searchsarkarinaukri.com/news/302129","news","24 August Current Affairs: Jaishankar arrives on Russia visit; India gets bronze at Badminton World Champio... - Bhaskar English | SearchSarkariNaukri News"
"https://www.searchsarkarinaukri.com/news/302290","news","India Taliban Engagement: Five Years After Kabul’s Fall - Vajiram &amp; Ravi | SearchSarkariNaukri News"
"https://www.searchsarkarinaukri.com/news/302452","news","Current Affairs for 24 August 2026 - Sanskriti IAS | SearchSarkariNaukri News"
"https://www.searchsarkarinaukri.com/news/302453","news","Knowledge Nugget: What makes RK-251 India’s new ‘smart’ cancer drug? - The Indian Express | SearchSarkariNaukri News"
"https://www.searchsarkarinaukri.com/news/302801","news","Jharkhand candidates return to work amid job uncertainty - Awaz The Voice | SearchSarkariNaukri News"
"https://www.searchsarkarinaukri.com/news/303424","news","How to measure the success of India’s capex strategy - The Indian Express | SearchSarkariNaukri News"
"https://www.searchsarkarinaukri.com/news/303587","news","ISRO Chief V Narayanan Announces India’s Space Station Goal - Adda247 | SearchSarkariNaukri News"
"https://www.searchsarkarinaukri.com/news/303588","news","UPSC Key: China Squeeze, Elephant Corridors and Chipflation - The Indian Express | SearchSarkariNaukri News"
"https://www.searchsarkarinaukri.com/news/303935","news","Congress attacks Centre's 'backdoor' bid to end reservations as over 8.2 lakh govt posts lie vacant - Telegraph India | SearchSarkariNaukri News"
"https://www.searchsarkarinaukri.com/news/303936","news","Andhra announces 10,060 govt jobs in 4 phases, recruitment starts Sept 15 - Business Standard | SearchSarkariNaukri News"
"https://www.searchsarkarinaukri.com/news/304421","news","UPSC announces 'direct recruitment' to 80 posts in Central govt - ANI News | SearchSarkariNaukri News"
"https://www.searchsarkarinaukri.com/news/304422","news","""Eliminating Jobs With Reservation"": M Kharge Accuses BJP Of Indirect Ban - NDTV | SearchSarkariNaukri News"
"https://www.searchsarkarinaukri.com/news/305854","news","U.S.–India Electoral Systems: Trump’s Voting ID Rules - Vajiram &amp; Ravi | SearchSarkariNaukri News"
"https://www.searchsarkarinaukri.com/news/306016","news","India’s Non-Fossil Fuel Power Capacity Crosses 300 GW - GK Today | SearchSarkariNaukri News"
"https://www.searchsarkarinaukri.com/news/306017","news","India Lifts Export Ban on Wheat Flour Products - GK Today | SearchSarkariNaukri News"
"https://www.searchsarkarinaukri.com/news/306018","news","India Signs Fuel Supply Deal with Mauritius - GK Today | SearchSarkariNaukri News"
"https://www.searchsarkarinaukri.com/news/306019","news","The Northern Sea Route and India’s Maritime Stakes - GK Today | SearchSarkariNaukri News"
"https://www.searchsarkarinaukri.com/news/306020","news","India Launches First Non-GMO High-Expansion Popcorn Maize Hybrid - GK Today | SearchSarkariNaukri News"
"https://www.searchsarkarinaukri.com/news/306021","news","UPSC Mains Current Affairs for 25 August 2026 - Vajiram &amp; Ravi | SearchSarkariNaukri News"
