url,status,redirect_location,in_sitemap,discovered_via_internal_link
https://www.searchsarkarinaukri.com/districts/all-districts,301,https://www.searchsarkarinaukri.com/districts,false,true
https://www.searchsarkarinaukri.com/districts/chhatrapati-sambhajinagar,301,https://www.searchsarkarinaukri.com/districts/aurangabad,false,true
https://www.searchsarkarinaukri.com/districts/dharashiv,301,https://www.searchsarkarinaukri.com/districts/osmanabad,false,true
https://www.searchsarkarinaukri.com/districts/mumbai,301,https://www.searchsarkarinaukri.com/districts/mumbai-city,false,true
https://www.searchsarkarinaukri.com/jobs-in-akola,301,https://www.searchsarkarinaukri.com/districts/akola,false,true
https://www.searchsarkarinaukri.com/jobs-in-chandrapur,301,https://www.searchsarkarinaukri.com/districts/chandrapur,false,true
https://www.searchsarkarinaukri.com/jobs-in-kolhapur,301,https://www.searchsarkarinaukri.com/districts/kolhapur,false,true
https://www.searchsarkarinaukri.com/jobs-in-mumbai-city,301,https://www.searchsarkarinaukri.com/districts/mumbai-city,false,true
https://www.searchsarkarinaukri.com/jobs-in-mumbai-suburban,301,https://www.searchsarkarinaukri.com/districts/mumbai-suburban,false,true
https://www.searchsarkarinaukri.com/jobs-in-palghar,301,https://www.searchsarkarinaukri.com/districts/palghar,false,true
https://www.searchsarkarinaukri.com/jobs-in-sangli,301,https://www.searchsarkarinaukri.com/districts/sangli,false,true
https://www.searchsarkarinaukri.com/jobs-in-satara,301,https://www.searchsarkarinaukri.com/districts/satara,false,true
https://www.searchsarkarinaukri.com/jobs-in-solapur,301,https://www.searchsarkarinaukri.com/districts/solapur,false,true
https://www.searchsarkarinaukri.com/jobs/adivasi-gramin-vikas-shikshan-sanstha-gadchiroli--4140,301,https://www.searchsarkarinaukri.com/jobs/adivasi-gramin-vikas-shikshan-sanstha-gadchiroli-adivasi-gramin-vikas-shikshan-sanstha-gadchiroli-20--4140,false,true
https://www.searchsarkarinaukri.com/jobs/airports-authority-of-india--3473,301,https://www.searchsarkarinaukri.com/jobs/airports-authority-of-india-airports-authority-of-india-2026--3473,false,true
https://www.searchsarkarinaukri.com/jobs/airports-authority-of-india--3787,301,https://www.searchsarkarinaukri.com/jobs/airports-authority-of-india-airports-authority-of-india-2026--3787,false,true
https://www.searchsarkarinaukri.com/jobs/airports-authority-of-india--4383,301,https://www.searchsarkarinaukri.com/jobs/airports-authority-of-india-airports-authority-of-india-2026--4383,false,true
https://www.searchsarkarinaukri.com/jobs/airports-authority-of-india--4529,301,https://www.searchsarkarinaukri.com/jobs/airports-authority-of-india-airports-authority-of-india-2026--4529,false,true
https://www.searchsarkarinaukri.com/jobs/airports-authority-of-india--4671,301,https://www.searchsarkarinaukri.com/jobs/airports-authority-of-india-airports-authority-of-india-2026--4671,false,true
https://www.searchsarkarinaukri.com/jobs/airports-economic-regulatory-authority-of-india--4262,301,https://www.searchsarkarinaukri.com/jobs/airports-economic-regulatory-authority-of-india-airports-economic-regulatory-authority-of-india-2026--4262,false,true
https://www.searchsarkarinaukri.com/jobs/akola-mahanagarpalika--4837,301,https://www.searchsarkarinaukri.com/jobs/akola-mahanagarpalika-akola-mahanagarpalika-2026--4837,false,true
https://www.searchsarkarinaukri.com/jobs/all-india-institute-of-medical-sciences-nagpur--4323,301,https://www.searchsarkarinaukri.com/jobs/all-india-institute-of-medical-sciences-nagpur-all-india-institute-of-medical-sciences-2026--4323,false,true
https://www.searchsarkarinaukri.com/jobs/all-india-institute-of-medical-sciences-nagpur--4433,301,https://www.searchsarkarinaukri.com/jobs/all-india-institute-of-medical-sciences-nagpur-all-india-institute-of-medical-sciences-2026--4433,false,true
https://www.searchsarkarinaukri.com/jobs/all-india-institute-of-medical-sciences-nagpur--4534,301,https://www.searchsarkarinaukri.com/jobs/all-india-institute-of-medical-sciences-nagpur-all-india-institute-of-medical-sciences-2026--4534,false,true
https://www.searchsarkarinaukri.com/jobs/all-india-institute-of-medical-sciences-nagpur--4584,301,https://www.searchsarkarinaukri.com/jobs/all-india-institute-of-medical-sciences-nagpur-all-india-institute-of-medical-sciences-2026--4584,false,true
https://www.searchsarkarinaukri.com/jobs/apply-for-1-senior-executive-marketing-business-development-post-at-national-film-development-corporation-ltd-mumbai-2026-recruitment--4934,301,https://www.searchsarkarinaukri.com/jobs/national-film-development-corporation-ltd-mumbai-apply-for-1-senior-executive-2026--4934,false,true
https://www.searchsarkarinaukri.com/jobs/apply-for-20-state-project-manager-spm-district-coordinator-dc-posts-at-csc-e-governance-services-india-limited-2026-recruitment--4932,301,https://www.searchsarkarinaukri.com/jobs/csc-e-governance-services-india-limited-apply-for-20-state-project-manager-2026--4932,false,true
https://www.searchsarkarinaukri.com/jobs/apply-for-28-regular-medical-health-officer-deputy-director-assistant-director-posts-at-national-health-mission-mumbai-2026-recruitment--4595,301,https://www.searchsarkarinaukri.com/jobs/national-health-mission-mumbai-apply-for-28-regular-medical-health-2026--4595,false,true
https://www.searchsarkarinaukri.com/jobs/apply-for-29-professor-associate-professor-assistant-professor-senior-resident-posts-at-employees-state-insurance-corporation-esic-2026-recr--4997,301,https://www.searchsarkarinaukri.com/jobs/employees-state-insurance-corporation-esic-apply-for-29-professor-associate-professor-2026--4997,false,true
https://www.searchsarkarinaukri.com/jobs/aurangabad-high-court--4723,301,https://www.searchsarkarinaukri.com/jobs/aurangabad-high-court-aurangabad-high-court-2026--4723,false,true
https://www.searchsarkarinaukri.com/jobs/aurangabad-high-court--4877,301,https://www.searchsarkarinaukri.com/jobs/aurangabad-high-court-aurangabad-high-court-2026--4877,false,true
https://www.searchsarkarinaukri.com/jobs/bal-vikas-prakalp-mumbai--4716,301,https://www.searchsarkarinaukri.com/jobs/bal-vikas-prakalp-mumbai-bal-vikas-prakalp-mumbai-2026--4716,false,true
https://www.searchsarkarinaukri.com/jobs/bank-of-baroda--4220,301,https://www.searchsarkarinaukri.com/jobs/bank-of-baroda-bank-of-baroda-2026--4220,false,true
https://www.searchsarkarinaukri.com/jobs/bank-of-baroda--4727,301,https://www.searchsarkarinaukri.com/jobs/bank-of-baroda-bank-of-baroda-2026--4727,false,true
https://www.searchsarkarinaukri.com/jobs/beml-ltd--4831,301,https://www.searchsarkarinaukri.com/jobs/beml-ltd-beml-ltd-2026--4831,false,true
https://www.searchsarkarinaukri.com/jobs/bharati-vidyapeeth-pune--4717,301,https://www.searchsarkarinaukri.com/jobs/bharati-vidyapeeth-pune-bharati-vidyapeeth-pune-2026--4717,false,true
https://www.searchsarkarinaukri.com/jobs/bharati-vidyapeeth-pune--4785,301,https://www.searchsarkarinaukri.com/jobs/bharati-vidyapeeth-pune-bharati-vidyapeeth-pune-2026--4785,false,true
https://www.searchsarkarinaukri.com/jobs/bhel--4665,301,https://www.searchsarkarinaukri.com/jobs/bhel-bhel-2026--4665,false,true
https://www.searchsarkarinaukri.com/jobs/bhel--4790,301,https://www.searchsarkarinaukri.com/jobs/bhel-bhel-2026--4790,false,true
https://www.searchsarkarinaukri.com/jobs/bombay-high-court-bhc-invites-applications-for-34-cook-cum-peon-judicial-research-assistant-cook-positions-2026--2103,301,https://www.searchsarkarinaukri.com/jobs/bombay-high-court-bhc-bombay-high-court-bhc-invites-applications-2026--2103,false,true
https://www.searchsarkarinaukri.com/jobs/brihanmumbai-mahanagarpalika-corporation--1889,301,https://www.searchsarkarinaukri.com/jobs/brihanmumbai-mahanagarpalika-corporation-brihanmumbai-mahanagarpalika-corporation-2026--1889,false,true
https://www.searchsarkarinaukri.com/jobs/cantonment-board-kamptee--4878,301,https://www.searchsarkarinaukri.com/jobs/cantonment-board-kamptee-cantonment-board-kamptee-2026--4878,false,true
https://www.searchsarkarinaukri.com/jobs/cife-mumbai--4524,301,https://www.searchsarkarinaukri.com/jobs/cife-mumbai-cife-mumbai-2026--4524,false,true
https://www.searchsarkarinaukri.com/jobs/cife-mumbai--4886,301,https://www.searchsarkarinaukri.com/jobs/cife-mumbai-cife-mumbai-2026--4886,false,true
https://www.searchsarkarinaukri.com/jobs/ciims-hospital-nagpur--4954,301,https://www.searchsarkarinaukri.com/jobs/ciims-hospital-nagpur-ciims-hospital-nagpur-2026--4954,false,true
https://www.searchsarkarinaukri.com/jobs/clinical-psychologist-grade-ii--2532,301,https://www.searchsarkarinaukri.com/jobs/all-india-institute-of-speech-and-hearing-clinical-psychologist-grade-ii-2026--2532,false,true
https://www.searchsarkarinaukri.com/jobs/coal-india--4526,301,https://www.searchsarkarinaukri.com/jobs/coal-india-coal-india-2026--4526,false,true
https://www.searchsarkarinaukri.com/jobs/collector-office-dhule-jilhadhikari-karyalaya-dhule-invites-applications-for-2-district-coordinator-legal-officer-positions-2026--4774,301,https://www.searchsarkarinaukri.com/jobs/collector-office-dhule-jilhadhikari-karyalaya-dhule-collector-office-dhule-jilhadhikari-karyalaya-dh--4774,false,true
https://www.searchsarkarinaukri.com/jobs/college-of-agriculture-nagpur--4881,301,https://www.searchsarkarinaukri.com/jobs/college-of-agriculture-nagpur-college-of-agriculture-nagpur-2026--4881,false,true
https://www.searchsarkarinaukri.com/jobs/cpcb--4885,301,https://www.searchsarkarinaukri.com/jobs/cpcb-cpcb-2026--4885,false,true
https://www.searchsarkarinaukri.com/jobs/csir--4730,301,https://www.searchsarkarinaukri.com/jobs/csir-csir-2026--4730,false,true
https://www.searchsarkarinaukri.com/jobs/csl--4527,301,https://www.searchsarkarinaukri.com/jobs/csl-csl-2026--4527,false,true
https://www.searchsarkarinaukri.com/jobs/csl--4775,301,https://www.searchsarkarinaukri.com/jobs/csl-csl-2026--4775,false,true
https://www.searchsarkarinaukri.com/jobs/defence-institute-of-advanced-technology-pune--4729,301,https://www.searchsarkarinaukri.com/jobs/defence-institute-of-advanced-technology-pune-defence-institute-of-advanced-2026--4729,false,true
https://www.searchsarkarinaukri.com/jobs/dfccil--4268,301,https://www.searchsarkarinaukri.com/jobs/dfccil-dfccil-2026--4268,false,true
https://www.searchsarkarinaukri.com/jobs/director-general--2942,301,https://www.searchsarkarinaukri.com/jobs/software-technology-parks-of-india-director-general-2026--2942,false,true
https://www.searchsarkarinaukri.com/jobs/dogr-pune--4271,301,https://www.searchsarkarinaukri.com/jobs/dogr-pune-dogr-pune-2026--4271,false,true
https://www.searchsarkarinaukri.com/jobs/dr-shankarrao-chavan-government-medical-college-nanded-invites-applications-for-1-medical-officer-position-2026--4652,301,https://www.searchsarkarinaukri.com/jobs/dr-shankarrao-chavan-government-medical-college-nanded-dr-shankarrao-chavan-government-medical-colle--4652,false,true
https://www.searchsarkarinaukri.com/jobs/drdo-arde--3581,301,https://www.searchsarkarinaukri.com/jobs/drdo-arde-drdo-arde-2026--3581,false,true
https://www.searchsarkarinaukri.com/jobs/drdo-cvrde--2404,301,https://www.searchsarkarinaukri.com/jobs/drdo-cvrde-drdo-cvrde-2026--2404,false,true
https://www.searchsarkarinaukri.com/jobs/drdo-deocsid--2510,301,https://www.searchsarkarinaukri.com/jobs/drdo-deocsid-drdo-deocsid-2026--2510,false,true
https://www.searchsarkarinaukri.com/jobs/eastern-railway--3520,301,https://www.searchsarkarinaukri.com/jobs/eastern-railway-eastern-railway-2026--3520,false,true
https://www.searchsarkarinaukri.com/jobs/echs-goa--5014,301,https://www.searchsarkarinaukri.com/jobs/echs-goa-echs-goa-2026--5014,false,true
https://www.searchsarkarinaukri.com/jobs/echs-kolhapur--4667,301,https://www.searchsarkarinaukri.com/jobs/echs-kolhapur-echs-kolhapur-2026--4667,false,true
https://www.searchsarkarinaukri.com/jobs/echs-mumbai--4776,301,https://www.searchsarkarinaukri.com/jobs/echs-mumbai-echs-mumbai-2026--4776,false,true
https://www.searchsarkarinaukri.com/jobs/esic-mumbai--4424,301,https://www.searchsarkarinaukri.com/jobs/esic-mumbai-esic-mumbai-2026--4424,false,true
https://www.searchsarkarinaukri.com/jobs/esic-pune--4946,301,https://www.searchsarkarinaukri.com/jobs/esic-pune-esic-pune-2026--4946,false,true
https://www.searchsarkarinaukri.com/jobs/executive-assistant-grade-ii--2529,301,https://www.searchsarkarinaukri.com/jobs/all-india-institute-of-speech-and-hearing-executive-assistant-grade-ii-2026--2529,false,true
https://www.searchsarkarinaukri.com/jobs/federal-bank--5001,301,https://www.searchsarkarinaukri.com/jobs/federal-bank-federal-bank-2026--5001,false,true
https://www.searchsarkarinaukri.com/jobs/ghb--4203,301,https://www.searchsarkarinaukri.com/jobs/ghb-ghb-2026--4203,false,true
https://www.searchsarkarinaukri.com/jobs/ghb--4384,301,https://www.searchsarkarinaukri.com/jobs/ghb-ghb-2026--4384,false,true
https://www.searchsarkarinaukri.com/jobs/gmc-latur--4778,301,https://www.searchsarkarinaukri.com/jobs/gmc-latur-gmc-latur-2026--4778,false,true
https://www.searchsarkarinaukri.com/jobs/gmc-nanded--4661,301,https://www.searchsarkarinaukri.com/jobs/gmc-nanded-gmc-nanded-2026--4661,false,true
https://www.searchsarkarinaukri.com/jobs/gokhale-education-society--4720,301,https://www.searchsarkarinaukri.com/jobs/gokhale-education-society-gokhale-education-society-2026--4720,false,true
https://www.searchsarkarinaukri.com/jobs/gokhale-education-society--5009,301,https://www.searchsarkarinaukri.com/jobs/gokhale-education-society-gokhale-education-society-2026--5009,false,true
https://www.searchsarkarinaukri.com/jobs/government-dental-college-and-hospital-jalgaon--4579,301,https://www.searchsarkarinaukri.com/jobs/government-dental-college-and-hospital-jalgaon-government-dental-college-and-hospital-jalgaon-2026--4579,false,true
https://www.searchsarkarinaukri.com/jobs/gpsc-goa--4586,301,https://www.searchsarkarinaukri.com/jobs/gpsc-goa-gpsc-goa-2026--4586,false,true
https://www.searchsarkarinaukri.com/jobs/gramin-technical-and-management-campus-nanded--4876,301,https://www.searchsarkarinaukri.com/jobs/gramin-technical-and-management-campus-nanded-gramin-technical-and-management-campus-nanded-2026--4876,false,true
https://www.searchsarkarinaukri.com/jobs/hal-nashik--4672,301,https://www.searchsarkarinaukri.com/jobs/hal-nashik-hal-nashik-2026--4672,false,true
https://www.searchsarkarinaukri.com/jobs/hemrl-pune--4378,301,https://www.searchsarkarinaukri.com/jobs/hemrl-pune-hemrl-pune-2026--4378,false,true
https://www.searchsarkarinaukri.com/jobs/high-court-of-judicature-at-bombay-bench-at-aurangabad-2026-recruitment-drive-27-cook-hardware-engineer-software-engineer-vacancies-announce--4929,301,https://www.searchsarkarinaukri.com/jobs/high-court-of-judicature-at-bombay-bench-at-aurangabad-high-court-of-judicature-at-bombay-2026--4929,false,true
https://www.searchsarkarinaukri.com/jobs/high-court-of-judicature-at-bombay-bench-at-aurangabad-2026-recruitment-drive-9-hardware-engineer-software-engineer-vacancies-announced--4772,301,https://www.searchsarkarinaukri.com/jobs/high-court-of-judicature-at-bombay-bench-at-aurangabad-high-court-of-judicature-at-bombay-2026--4772,false,true
https://www.searchsarkarinaukri.com/jobs/high-explosives-factory-khadki-pune--4835,301,https://www.searchsarkarinaukri.com/jobs/high-explosives-factory-khadki-pune-high-explosives-factory-khadki-pune-2026--4835,false,true
https://www.searchsarkarinaukri.com/jobs/hll-lifecare-ltd--4888,301,https://www.searchsarkarinaukri.com/jobs/hll-lifecare-ltd-hll-lifecare-ltd-2026--4888,false,true
https://www.searchsarkarinaukri.com/jobs/ibm-nagpur--2986,301,https://www.searchsarkarinaukri.com/jobs/ibm-nagpur-ibm-nagpur-2026--2986,false,true
https://www.searchsarkarinaukri.com/jobs/ibm-nagpur--3516,301,https://www.searchsarkarinaukri.com/jobs/ibm-nagpur-ibm-nagpur-2026--3516,false,true
https://www.searchsarkarinaukri.com/jobs/ibps--4022,301,https://www.searchsarkarinaukri.com/jobs/ibps-ibps-2026--4022,false,true
https://www.searchsarkarinaukri.com/jobs/ibps-crp-clerk--4952,301,https://www.searchsarkarinaukri.com/jobs/ibps-crp-clerk-ibps-crp-clerk-2026--4952,false,true
https://www.searchsarkarinaukri.com/jobs/icar-ccri-nagpur--4839,301,https://www.searchsarkarinaukri.com/jobs/icarccri-nagpur-icarccri-nagpur-2026--4839,false,true
https://www.searchsarkarinaukri.com/jobs/icar-iari--4659,301,https://www.searchsarkarinaukri.com/jobs/icar-iari-icar-iari-2026--4659,false,true
https://www.searchsarkarinaukri.com/jobs/icar-iari--4943,301,https://www.searchsarkarinaukri.com/jobs/icar-iari-icar-iari-2026--4943,false,true
https://www.searchsarkarinaukri.com/jobs/icar-iari--5003,301,https://www.searchsarkarinaukri.com/jobs/icar-iari-icar-iari-2026--5003,false,true
https://www.searchsarkarinaukri.com/jobs/icsi--4830,301,https://www.searchsarkarinaukri.com/jobs/icsi-icsi-2026--4830,false,true
https://www.searchsarkarinaukri.com/jobs/icsil-bharti-2026-details--4956,301,https://www.searchsarkarinaukri.com/jobs/icsil-bharti-2026-details-icsil-bharti-2026-details-2026--4956,false,true
https://www.searchsarkarinaukri.com/jobs/icsil-bharti-2026-details--4999,301,https://www.searchsarkarinaukri.com/jobs/icsil-bharti-2026-details-icsil-bharti-2026-details-2026--4999,false,true
https://www.searchsarkarinaukri.com/jobs/iiit-nagpur--4481,301,https://www.searchsarkarinaukri.com/jobs/iiit-nagpur-iiit-nagpur-2026--4481,false,true
https://www.searchsarkarinaukri.com/jobs/indian-council-of-medical-research--3955,301,https://www.searchsarkarinaukri.com/jobs/indian-council-of-medical-research-indian-council-of-medical-research-2026--3955,false,true
https://www.searchsarkarinaukri.com/jobs/iocl--4669,301,https://www.searchsarkarinaukri.com/jobs/iocl-iocl-2026--4669,false,true
https://www.searchsarkarinaukri.com/jobs/irctc--4536,301,https://www.searchsarkarinaukri.com/jobs/irctc-irctc-2026--4536,false,true
https://www.searchsarkarinaukri.com/jobs/isp-nashik--5011,301,https://www.searchsarkarinaukri.com/jobs/isp-nashik-isp-nashik-2026--5011,false,true
https://www.searchsarkarinaukri.com/jobs/isro-ursc--3772,301,https://www.searchsarkarinaukri.com/jobs/isro-ursc-isro-ursc-2026--3772,false,true
https://www.searchsarkarinaukri.com/jobs/itbp--4081,301,https://www.searchsarkarinaukri.com/jobs/itbp-itbp-2026--4081,false,true
https://www.searchsarkarinaukri.com/jobs/janata-sahakari-bank-kolhapur--4523,301,https://www.searchsarkarinaukri.com/jobs/janata-sahakari-bank-kolhapur-janata-sahakari-bank-kolhapur-2026--4523,false,true
https://www.searchsarkarinaukri.com/jobs/jilhadhikari-karyalay-dhule--4668,301,https://www.searchsarkarinaukri.com/jobs/jilhadhikari-karyalay-dhule-jilhadhikari-karyalay-dhule-2026--4668,false,true
https://www.searchsarkarinaukri.com/jobs/jilhadhikari-karyalay-wardha-bharti-2026-details--5007,301,https://www.searchsarkarinaukri.com/jobs/jilhadhikari-karyalay-wardha-bharti-2026-details-jilhadhikari-karyalay-wardha-bharti-2026-details-20--5007,false,true
https://www.searchsarkarinaukri.com/jobs/jnv-hingoli--2632,301,https://www.searchsarkarinaukri.com/jobs/jnv-hingoli-jnv-hingoli-2026--2632,false,true
https://www.searchsarkarinaukri.com/jobs/job--4021,301,https://www.searchsarkarinaukri.com/jobs/job-2026--4021,false,true
https://www.searchsarkarinaukri.com/jobs/job--4539,301,https://www.searchsarkarinaukri.com/jobs/job-2026--4539,false,true
https://www.searchsarkarinaukri.com/jobs/job--4792,301,https://www.searchsarkarinaukri.com/jobs/job-2026--4792,false,true
https://www.searchsarkarinaukri.com/jobs/job--4894,301,https://www.searchsarkarinaukri.com/jobs/job-2026--4894,false,true
https://www.searchsarkarinaukri.com/jobs/job--4896,301,https://www.searchsarkarinaukri.com/jobs/job-2026--4896,false,true
https://www.searchsarkarinaukri.com/jobs/job--5015,301,https://www.searchsarkarinaukri.com/jobs/job-2026--5015,false,true
https://www.searchsarkarinaukri.com/jobs/job-opening-at-cantonment-board-kamptee-nagpur-chartered-accountant-post-available--4931,301,https://www.searchsarkarinaukri.com/jobs/cantonment-board-kamptee-nagpur-job-opening-at-cantonment-board-kamptee-2026--4931,false,true
https://www.searchsarkarinaukri.com/jobs/job-opening-at-maharashtra-state-aids-control-society-1-medical-officer-post-available--4770,301,https://www.searchsarkarinaukri.com/jobs/maharashtra-state-aids-control-society-job-opening-at-maharashtra-state-aids-2026--4770,false,true
https://www.searchsarkarinaukri.com/jobs/job-opening-at-zilla-parishad-dhule-1-legal-officer-contractual-post-available--4933,301,https://www.searchsarkarinaukri.com/jobs/zilla-parishad-dhule-job-opening-at-zilla-parishad-dhule-2026--4933,false,true
https://www.searchsarkarinaukri.com/jobs/job-openings-at-armament-research-development-establishment-arde-24-junior-research-fellow-research-associate-ra-posts-available--3706,301,https://www.searchsarkarinaukri.com/jobs/armament-research-development-establishment-arde-job-openings-at-armament-research-2026--3706,false,true
https://www.searchsarkarinaukri.com/jobs/job-openings-at-insurance-institute-of-india-mumbai-2-faculty-members-general-insurance-posts-available--4127,301,https://www.searchsarkarinaukri.com/jobs/insurance-institute-of-india-mumbai-job-openings-at-insurance-institute-of-2026--4127,false,true
https://www.searchsarkarinaukri.com/jobs/job-openings-at-rashtriya-chemicals-and-fertilizers-limited-94-management-trainee-chemical-boiler-mechanical-electrical-instrumentation-m-po--4994,301,https://www.searchsarkarinaukri.com/jobs/rashtriya-chemicals-and-fertilizers-limited-job-openings-at-rashtriya-chemicals-and-2026--4994,false,true
https://www.searchsarkarinaukri.com/jobs/job-openings-at-tuberculosis-hospital-group-sewri-mumbai-7-specialist-medical-consultant-anesthesia-psychiatrist-medical-officer-posts-avail--4993,301,https://www.searchsarkarinaukri.com/jobs/tuberculosis-hospital-group-sewri-mumbai-job-openings-at-tuberculosis-hospital-group-2026--4993,false,true
https://www.searchsarkarinaukri.com/jobs/kendriya-vidyalaya-pune--5002,301,https://www.searchsarkarinaukri.com/jobs/kendriya-vidyalaya-pune-kendriya-vidyalaya-pune-2026--5002,false,true
https://www.searchsarkarinaukri.com/jobs/krcl--4018,301,https://www.searchsarkarinaukri.com/jobs/krcl-krcl-2026--4018,false,true
https://www.searchsarkarinaukri.com/jobs/krcl--4330,301,https://www.searchsarkarinaukri.com/jobs/krcl-krcl-2026--4330,false,true
https://www.searchsarkarinaukri.com/jobs/krcl--4583,301,https://www.searchsarkarinaukri.com/jobs/krcl-krcl-2026--4583,false,true
https://www.searchsarkarinaukri.com/jobs/krcl--4663,301,https://www.searchsarkarinaukri.com/jobs/krcl-krcl-2026--4663,false,true
https://www.searchsarkarinaukri.com/jobs/kvs-wardha--4828,301,https://www.searchsarkarinaukri.com/jobs/kvs-wardha-kvs-wardha-2026--4828,false,true
https://www.searchsarkarinaukri.com/jobs/machine-tool-prototype-factory-ambarnath-armoured-vehicles-nigam-limited-2026-recruitment-drive-210-trade-graduate-and-diploma-apprentices-v--4995,301,https://www.searchsarkarinaukri.com/jobs/machine-tool-prototype-factory-ambarnath-armoured-vehicles-nigam-limited-machine-tool-prototype-fact--4995,false,true
https://www.searchsarkarinaukri.com/jobs/maha-metro-nagpur--2718,301,https://www.searchsarkarinaukri.com/jobs/maha-metro-nagpur-maha-metro-nagpur-2026--2718,false,true
https://www.searchsarkarinaukri.com/jobs/maha-sacs-nanded--4781,301,https://www.searchsarkarinaukri.com/jobs/maha-sacs-nanded-maha-sacs-nanded-2026--4781,false,true
https://www.searchsarkarinaukri.com/jobs/mahapareshan-navi-mumbai--5005,301,https://www.searchsarkarinaukri.com/jobs/mahapareshan-navi-mumbai-mahapareshan-navi-mumbai-2026--5005,false,true
https://www.searchsarkarinaukri.com/jobs/maharashtra-public-service-commission-mpsc-invites-applications-for-2-deputy-engineer-mechanical-group-a-positions-2026--4420,301,https://www.searchsarkarinaukri.com/jobs/maharashtra-public-service-commission-mpsc-maharashtra-public-service-commission-mpsc-invites-2026--4420,false,true
https://www.searchsarkarinaukri.com/jobs/maharashtra-state-electricity-transmission-co-ltd-mahatransco-recruitment-2026-68-apprentice-electrician-vacancies-open--4992,301,https://www.searchsarkarinaukri.com/jobs/maharashtra-state-electricity-transmission-co-ltd-mahatransco-maharashtra-state-electricity-transmis--4992,false,true
https://www.searchsarkarinaukri.com/jobs/maharashtra-state-rural-livelihoods-mission-umed-gadchiroli-recruitment-2026-3-ifc-block-anchor-vacancies-open--4768,301,https://www.searchsarkarinaukri.com/jobs/maharashtra-state-rural-livelihoods-mission-umed-gadchiroli-maharashtra-state-rural-livelihoods-miss--4768,false,true
https://www.searchsarkarinaukri.com/jobs/maharashtra-state-security-corporation--4537,301,https://www.searchsarkarinaukri.com/jobs/maharashtra-state-security-corporation-maharashtra-state-security-corporation-2026--4537,false,true
https://www.searchsarkarinaukri.com/jobs/maharashtra-state-security-corporation--4582,301,https://www.searchsarkarinaukri.com/jobs/maharashtra-state-security-corporation-maharashtra-state-security-corporation-2026--4582,false,true
https://www.searchsarkarinaukri.com/jobs/malegaon-mahanagarpalika--4724,301,https://www.searchsarkarinaukri.com/jobs/malegaon-mahanagarpalika-malegaon-mahanagarpalika-2026--4724,false,true
https://www.searchsarkarinaukri.com/jobs/malegaon-mahanagarpalika-malegaon-municipal-corporation-2026-recruitment-drive-63-medical-specialist-anesthesiologist-pediatrician-pathologi--4773,301,https://www.searchsarkarinaukri.com/jobs/malegaon-mahanagarpalika-malegaon-municipal-corporation-malegaon-mahanagarpalika-malegaon-municipal--4773,false,true
https://www.searchsarkarinaukri.com/jobs/marketing-executive--1820,301,https://www.searchsarkarinaukri.com/jobs/national-skill-development-corporation-marketing-executive-2026--1820,false,true
https://www.searchsarkarinaukri.com/jobs/matsyodari-shikshan-sanstha-jalna--4658,301,https://www.searchsarkarinaukri.com/jobs/matsyodari-shikshan-sanstha-jalna-matsyodari-shikshan-sanstha-jalna-2026--4658,false,true
https://www.searchsarkarinaukri.com/jobs/ministry-of-civil-aviation--2517,301,https://www.searchsarkarinaukri.com/jobs/ministry-of-civil-aviation-ministry-of-civil-aviation-2026--2517,false,true
https://www.searchsarkarinaukri.com/jobs/ministry-of-civil-aviation--2747,301,https://www.searchsarkarinaukri.com/jobs/ministry-of-civil-aviation-ministry-of-civil-aviation-2026--2747,false,true
https://www.searchsarkarinaukri.com/jobs/ministry-of-external-affairs--4874,301,https://www.searchsarkarinaukri.com/jobs/ministry-of-external-affairs-ministry-of-external-affairs-2026--4874,false,true
https://www.searchsarkarinaukri.com/jobs/ministry-of-information-and-broadcasting--4950,301,https://www.searchsarkarinaukri.com/jobs/ministry-of-information-and-broadcasting-ministry-of-information-and-broadcasting-2026--4950,false,true
https://www.searchsarkarinaukri.com/jobs/ministry-of-jal-shakti--2618,301,https://www.searchsarkarinaukri.com/jobs/ministry-of-jal-shakti-ministry-of-jal-shakti-2026--2618,false,true
https://www.searchsarkarinaukri.com/jobs/ministry-of-jal-shakti--4948,301,https://www.searchsarkarinaukri.com/jobs/ministry-of-jal-shakti-ministry-of-jal-shakti-2026--4948,false,true
https://www.searchsarkarinaukri.com/jobs/ministry-of-mines--4944,301,https://www.searchsarkarinaukri.com/jobs/ministry-of-mines-ministry-of-mines-2026--4944,false,true
https://www.searchsarkarinaukri.com/jobs/mnre--4883,301,https://www.searchsarkarinaukri.com/jobs/mnre-mnre-2026--4883,false,true
https://www.searchsarkarinaukri.com/jobs/moef--2504,301,https://www.searchsarkarinaukri.com/jobs/moef-moef-2026--2504,false,true
https://www.searchsarkarinaukri.com/jobs/moef--2831,301,https://www.searchsarkarinaukri.com/jobs/moef-moef-2026--2831,false,true
https://www.searchsarkarinaukri.com/jobs/mormugao-port-authority--4611,301,https://www.searchsarkarinaukri.com/jobs/mormugao-port-authority-mormugao-port-authority-2026--4611,false,true
https://www.searchsarkarinaukri.com/jobs/mpsc-group-a--4260,301,https://www.searchsarkarinaukri.com/jobs/mpsc-group-a-mpsc-group-a-2026--4260,false,true
https://www.searchsarkarinaukri.com/jobs/multi-rehabilitation-worker--2528,301,https://www.searchsarkarinaukri.com/jobs/all-india-institute-of-speech-and-hearing-multi-rehabilitation-worker-2026--2528,false,true
https://www.searchsarkarinaukri.com/jobs/mumbai-port-trust--3076,301,https://www.searchsarkarinaukri.com/jobs/mumbai-port-trust-mumbai-port-trust-2026--3076,false,true
https://www.searchsarkarinaukri.com/jobs/mumbai-port-trust--4155,301,https://www.searchsarkarinaukri.com/jobs/mumbai-port-trust-mumbai-port-trust-2026--4155,false,true
https://www.searchsarkarinaukri.com/jobs/mumbai-port-trust--4273,301,https://www.searchsarkarinaukri.com/jobs/mumbai-port-trust-mumbai-port-trust-2026--4273,false,true
https://www.searchsarkarinaukri.com/jobs/mumbai-port-trust--4674,301,https://www.searchsarkarinaukri.com/jobs/mumbai-port-trust-mumbai-port-trust-2026--4674,false,true
https://www.searchsarkarinaukri.com/jobs/mumbai-port-trust--4829,301,https://www.searchsarkarinaukri.com/jobs/mumbai-port-trust-mumbai-port-trust-2026--4829,false,true
https://www.searchsarkarinaukri.com/jobs/mumbai-railway-development-corporation-ltd--4017,301,https://www.searchsarkarinaukri.com/jobs/mumbai-railway-development-corporation-ltd-mumbai-railway-development-corporation-ltd-2026--4017,false,true
https://www.searchsarkarinaukri.com/jobs/national-aerospace-laboratory--4533,301,https://www.searchsarkarinaukri.com/jobs/national-aerospace-laboratory-national-aerospace-laboratory-2026--4533,false,true
https://www.searchsarkarinaukri.com/jobs/national-film-development-corporation-mumbai--4788,301,https://www.searchsarkarinaukri.com/jobs/national-film-development-corporation-mumbai-national-film-development-corporation-mumbai-2026--4788,false,true
https://www.searchsarkarinaukri.com/jobs/national-investigation-agency--4875,301,https://www.searchsarkarinaukri.com/jobs/national-investigation-agency-national-investigation-agency-2026--4875,false,true
https://www.searchsarkarinaukri.com/jobs/national-thermal-power-corporation-limited--4484,301,https://www.searchsarkarinaukri.com/jobs/national-thermal-power-corporation-limited-national-thermal-power-corporation-limited-2026--4484,false,true
https://www.searchsarkarinaukri.com/jobs/navsanjivan-shikshan-mandal-s-college-of-pharmacy--4714,301,https://www.searchsarkarinaukri.com/jobs/navsanjivan-shikshan-mandals-college-of-pharmacy-navsanjivan-shikshan-mandals-college-2026--4714,false,true
https://www.searchsarkarinaukri.com/jobs/ncr--4782,301,https://www.searchsarkarinaukri.com/jobs/ncr-ncr-2026--4782,false,true
https://www.searchsarkarinaukri.com/jobs/ncra-pune--4085,301,https://www.searchsarkarinaukri.com/jobs/ncra-pune-ncra-pune-2026--4085,false,true
https://www.searchsarkarinaukri.com/jobs/ncra-pune--4149,301,https://www.searchsarkarinaukri.com/jobs/ncra-pune-ncra-pune-2026--4149,false,true
https://www.searchsarkarinaukri.com/jobs/ncrtc--4005,301,https://www.searchsarkarinaukri.com/jobs/ncrtc-ncrtc-2026--4005,false,true
https://www.searchsarkarinaukri.com/jobs/ndma--4258,301,https://www.searchsarkarinaukri.com/jobs/ndma-ndma-2026--4258,false,true
https://www.searchsarkarinaukri.com/jobs/neepco--4589,301,https://www.searchsarkarinaukri.com/jobs/neepco-neepco-2026--4589,false,true
https://www.searchsarkarinaukri.com/jobs/nhai--4379,301,https://www.searchsarkarinaukri.com/jobs/nhai-nhai-2026--4379,false,true
https://www.searchsarkarinaukri.com/jobs/nhai--4779,301,https://www.searchsarkarinaukri.com/jobs/nhai-nhai-2026--4779,false,true
https://www.searchsarkarinaukri.com/jobs/nhai--4887,301,https://www.searchsarkarinaukri.com/jobs/nhai-nhai-2026--4887,false,true
https://www.searchsarkarinaukri.com/jobs/nhm-mumbai--4588,301,https://www.searchsarkarinaukri.com/jobs/nhm-mumbai-nhm-mumbai-2026--4588,false,true
https://www.searchsarkarinaukri.com/jobs/nhsrcl--4879,301,https://www.searchsarkarinaukri.com/jobs/nhsrcl-nhsrcl-2026--4879,false,true
https://www.searchsarkarinaukri.com/jobs/npcil-palghar--4833,301,https://www.searchsarkarinaukri.com/jobs/npcil-palghar-npcil-palghar-2026--4833,false,true
https://www.searchsarkarinaukri.com/jobs/nuclear-power-corporation-of-india-limited--4834,301,https://www.searchsarkarinaukri.com/jobs/nuclear-power-corporation-of-india-limited-nuclear-power-corporation-of-india-limited-2026--4834,false,true
https://www.searchsarkarinaukri.com/jobs/occupational-therapist--2531,301,https://www.searchsarkarinaukri.com/jobs/all-india-institute-of-speech-and-hearing-occupational-therapist-2026--2531,false,true
https://www.searchsarkarinaukri.com/jobs/pachora-peoples-co-op-bank-jalgaon--4670,301,https://www.searchsarkarinaukri.com/jobs/pachora-peoples-co-op-bank-jalgaon-pachora-peoples-co-op-bank-jalgaon-2026--4670,false,true
https://www.searchsarkarinaukri.com/jobs/people-s-education-society--4718,301,https://www.searchsarkarinaukri.com/jobs/peoples-education-society-peoples-education-society-2026--4718,false,true
https://www.searchsarkarinaukri.com/jobs/physiotherapist--2530,301,https://www.searchsarkarinaukri.com/jobs/all-india-institute-of-speech-and-hearing-physiotherapist-2026--2530,false,true
https://www.searchsarkarinaukri.com/jobs/power-grid-corporation-of-india-limited-recruitment-2026-12-apprentice-graduate-diploma-iti-vacancies-open--4996,301,https://www.searchsarkarinaukri.com/jobs/power-grid-corporation-of-india-limited-power-grid-corporation-of-india-limited-2026--4996,false,true
https://www.searchsarkarinaukri.com/jobs/pune-district-education-association--4377,301,https://www.searchsarkarinaukri.com/jobs/pune-district-education-association-pune-district-education-association-2026--4377,false,true
https://www.searchsarkarinaukri.com/jobs/rajapur-urban-cooperative-bank--4726,301,https://www.searchsarkarinaukri.com/jobs/rajapur-urban-cooperative-bank-rajapur-urban-cooperative-bank-2026--4726,false,true
https://www.searchsarkarinaukri.com/jobs/rcfl-mumbai--5000,301,https://www.searchsarkarinaukri.com/jobs/rcfl-mumbai-rcfl-mumbai-2026--5000,false,true
https://www.searchsarkarinaukri.com/jobs/recruitment-notification-bank-of-baroda-bob-hiring-206-specialist-officer-so-various-departments-2026--4194,301,https://www.searchsarkarinaukri.com/jobs/bank-of-baroda-bob-recruitment-notification-bank-of-baroda-bob-2026--4194,false,true
https://www.searchsarkarinaukri.com/jobs/recruitment-notification-criminal-investigation-department-cid-maharashtra-hiring-16-assistant-state-examiner-of-documents-2026--4193,301,https://www.searchsarkarinaukri.com/jobs/criminal-investigation-department-cid-maharashtra-recruitment-notification-criminal-investigation-de--4193,false,true
https://www.searchsarkarinaukri.com/jobs/recruitment-notification-high-explosives-factory-khadki-he-factory-khadki-pune-hiring-85-tenure-based-chemical-process-worker-cpw-2026--4938,301,https://www.searchsarkarinaukri.com/jobs/high-explosives-factory-khadki-he-factory-khadki-pune-recruitment-notification-high-explosives-facto--4938,false,true
https://www.searchsarkarinaukri.com/jobs/recruitment-notification-kendriya-vidyalaya-wardha-mgahv-hiring-special-teacher-primary-teacher-2026--4935,301,https://www.searchsarkarinaukri.com/jobs/kendriya-vidyalaya-wardha-mgahv-recruitment-notification-kendriya-vidyalaya-wardha-mgahv-2026--4935,false,true
https://www.searchsarkarinaukri.com/jobs/recruitment-notification-maharashtra-state-electricity-board-holding-company-limited-hiring-3-regional-director-executive-director-2026--4572,301,https://www.searchsarkarinaukri.com/jobs/maharashtra-state-electricity-board-holding-company-limited-recruitment-notification-maharashtra-sta--4572,false,true
https://www.searchsarkarinaukri.com/jobs/recruitment-notification-railway-recruitment-board-rrb-hiring-3993-junior-engineer-je-and-depot-material-superintendent-dms-2026--4594,301,https://www.searchsarkarinaukri.com/jobs/railway-recruitment-board-rrb-recruitment-notification-railway-recruitment-board-rrb-2026--4594,false,true
https://www.searchsarkarinaukri.com/jobs/recruitment-notification-railway-recruitment-board-rrb-hiring-4098-junior-engineer-je-depot-material-superintendent-dms-chemical-metallurgi--3390,301,https://www.searchsarkarinaukri.com/jobs/railway-recruitment-board-rrb-recruitment-notification-railway-recruitment-board-rrb-2026--3390,false,true
https://www.searchsarkarinaukri.com/jobs/rites--4072,301,https://www.searchsarkarinaukri.com/jobs/rites-rites-2026--4072,false,true
https://www.searchsarkarinaukri.com/jobs/rites--5010,301,https://www.searchsarkarinaukri.com/jobs/rites-rites-2026--5010,false,true
https://www.searchsarkarinaukri.com/jobs/rrb-section-controller--2296,301,https://www.searchsarkarinaukri.com/jobs/rrb-section-controller-rrb-section-controller-2026--2296,false,true
https://www.searchsarkarinaukri.com/jobs/rsc-nagpur--5013,301,https://www.searchsarkarinaukri.com/jobs/rsc-nagpur-rsc-nagpur-2026--5013,false,true
https://www.searchsarkarinaukri.com/jobs/sameer-mumbai--4673,301,https://www.searchsarkarinaukri.com/jobs/sameer-mumbai-sameer-mumbai-2026--4673,false,true
https://www.searchsarkarinaukri.com/jobs/satara-college-of-pharmacy--2350,301,https://www.searchsarkarinaukri.com/jobs/satara-college-of-pharmacy-satara-college-of-pharmacy-2026--2350,false,true
https://www.searchsarkarinaukri.com/jobs/sbi--4334,301,https://www.searchsarkarinaukri.com/jobs/sbi-sbi-2026--4334,false,true
https://www.searchsarkarinaukri.com/jobs/sbi--4538,301,https://www.searchsarkarinaukri.com/jobs/sbi-2026--4538,false,true
https://www.searchsarkarinaukri.com/jobs/sbi-clerk--4263,301,https://www.searchsarkarinaukri.com/jobs/sbi-clerk-sbi-clerk-2026--4263,false,true
https://www.searchsarkarinaukri.com/jobs/sbi-clerk--4421,301,https://www.searchsarkarinaukri.com/jobs/sbi-clerk-sbi-clerk-2026--4421,false,true
https://www.searchsarkarinaukri.com/jobs/sbi-sco--4266,301,https://www.searchsarkarinaukri.com/jobs/sbi-sco-sbi-sco-2026--4266,false,true
https://www.searchsarkarinaukri.com/jobs/securities-and-exchange-board-of-india--4590,301,https://www.searchsarkarinaukri.com/jobs/securities-and-exchange-board-of-india-securities-and-exchange-board-2026--4590,false,true
https://www.searchsarkarinaukri.com/jobs/sgbau-amravati--4380,301,https://www.searchsarkarinaukri.com/jobs/sgbau-amravati-sgbau-amravati-2026--4380,false,true
https://www.searchsarkarinaukri.com/jobs/sgbau-amravati--4786,301,https://www.searchsarkarinaukri.com/jobs/sgbau-amravati-sgbau-amravati-2026--4786,false,true
https://www.searchsarkarinaukri.com/jobs/sgbau-amravati--4840,301,https://www.searchsarkarinaukri.com/jobs/sgbau-amravati-sgbau-amravati-2026--4840,false,true
https://www.searchsarkarinaukri.com/jobs/sgbau-amravati--5012,301,https://www.searchsarkarinaukri.com/jobs/sgbau-amravati-sgbau-amravati-2026--5012,false,true
https://www.searchsarkarinaukri.com/jobs/shahu-shikshan-sanstha-solapur--4951,301,https://www.searchsarkarinaukri.com/jobs/shahu-shikshan-sanstha-solapur-shahu-shikshan-sanstha-solapur-2026--4951,false,true
https://www.searchsarkarinaukri.com/jobs/shri-shivaji-shikshan-prasarak-mandal-solapur--4265,301,https://www.searchsarkarinaukri.com/jobs/shri-shivaji-shikshan-prasarak-mandal-solapur-shri-shivaji-shikshan-prasarak-2026--4265,false,true
https://www.searchsarkarinaukri.com/jobs/sidbi--4780,301,https://www.searchsarkarinaukri.com/jobs/sidbi-sidbi-2026--4780,false,true
https://www.searchsarkarinaukri.com/jobs/sindhudurg-district-central-co-op-bank--4838,301,https://www.searchsarkarinaukri.com/jobs/sindhudurg-district-central-co-op-bank-sindhudurg-district-central-co-op-bank-2026--4838,false,true
https://www.searchsarkarinaukri.com/jobs/south-central-railway--5004,301,https://www.searchsarkarinaukri.com/jobs/south-central-railway-south-central-railway-2026--5004,false,true
https://www.searchsarkarinaukri.com/jobs/south-indian-bank--4832,301,https://www.searchsarkarinaukri.com/jobs/south-indian-bank-south-indian-bank-2026--4832,false,true
https://www.searchsarkarinaukri.com/jobs/stpi--3595,301,https://www.searchsarkarinaukri.com/jobs/stpi-stpi-2026--3595,false,true
https://www.searchsarkarinaukri.com/jobs/stpi--4217,301,https://www.searchsarkarinaukri.com/jobs/stpi-stpi-2026--4217,false,true
https://www.searchsarkarinaukri.com/jobs/tadoba-tiger-reserve-chandrapur--4889,301,https://www.searchsarkarinaukri.com/jobs/tadoba-tiger-reserve-chandrapur-tadoba-tiger-reserve-chandrapur-2026--4889,false,true
https://www.searchsarkarinaukri.com/jobs/tata-institute-of-social-sciences-tiss-mumbai-invites-applications-for-3-cook-dining-hall-positions-2026--4605,301,https://www.searchsarkarinaukri.com/jobs/tata-institute-of-social-sciences-tiss-mumbai-tata-institute-of-social-sciences-tiss-2026--4605,false,true
https://www.searchsarkarinaukri.com/jobs/tata-memorial-center-tmc-mumbai-invites-applications-for-it-technical-engineer-position-2026--4940,301,https://www.searchsarkarinaukri.com/jobs/tata-memorial-center-tmc-mumbai-tata-memorial-center-tmc-mumbai-invites-2026--4940,false,true
https://www.searchsarkarinaukri.com/jobs/territorial-army--3710,301,https://www.searchsarkarinaukri.com/jobs/territorial-army-territorial-army-2026--3710,false,true
https://www.searchsarkarinaukri.com/jobs/tifr-mumbai--4955,301,https://www.searchsarkarinaukri.com/jobs/tifr-mumbai-tifr-mumbai-2026--4955,false,true
https://www.searchsarkarinaukri.com/jobs/tiss-mumbai--4576,301,https://www.searchsarkarinaukri.com/jobs/tiss-mumbai-tiss-mumbai-2026--4576,false,true
https://www.searchsarkarinaukri.com/jobs/tiss-mumbai--4945,301,https://www.searchsarkarinaukri.com/jobs/tiss-mumbai-tiss-mumbai-2026--4945,false,true
https://www.searchsarkarinaukri.com/jobs/umed-msrlm-gadchiroli--4784,301,https://www.searchsarkarinaukri.com/jobs/umed-msrlm-gadchiroli-umed-msrlm-gadchiroli-2026--4784,false,true
https://www.searchsarkarinaukri.com/jobs/umed-msrlm-jalgaon--4882,301,https://www.searchsarkarinaukri.com/jobs/umed-msrlm-jalgaon-umed-msrlm-jalgaon-2026--4882,false,true
https://www.searchsarkarinaukri.com/jobs/upsc-epfo--4783,301,https://www.searchsarkarinaukri.com/jobs/upsc-epfo-upsc-epfo-2026--4783,false,true
https://www.searchsarkarinaukri.com/jobs/v-s-p-m-academy-of-higher-education-nagpur--4138,301,https://www.searchsarkarinaukri.com/jobs/vspm-academy-of-higher-education-nagpur-vspm-academy-of-higher-education-nagpur-2026--4138,false,true
https://www.searchsarkarinaukri.com/jobs/vilasrao-deshmukh-government-medical-college-and-hospital-latur-recruitment-2026-79-ward-attendant-peon-cook-watchman-and-others-vacancies-o--4765,301,https://www.searchsarkarinaukri.com/jobs/vilasrao-deshmukh-government-medical-college-and-hospital-latur-vilasrao-deshmukh-government-medical--4765,false,true
https://www.searchsarkarinaukri.com/jobs/vishweshwar-sahakari-bank--5006,301,https://www.searchsarkarinaukri.com/jobs/vishweshwar-sahakari-bank-vishweshwar-sahakari-bank-2026--5006,false,true
https://www.searchsarkarinaukri.com/jobs/vivekanand-education-society-mumbai--5008,301,https://www.searchsarkarinaukri.com/jobs/vivekanand-education-society-mumbai-vivekanand-education-society-mumbai-2026--5008,false,true
https://www.searchsarkarinaukri.com/jobs/vnit-nagpur--4957,301,https://www.searchsarkarinaukri.com/jobs/vnit-nagpur-vnit-nagpur-2026--4957,false,true
https://www.searchsarkarinaukri.com/jobs/zilla-parishad-yavatmal--4789,301,https://www.searchsarkarinaukri.com/jobs/zilla-parishad-yavatmal-zilla-parishad-yavatmal-2026--4789,false,true
https://www.searchsarkarinaukri.com/jobs/zilla-parishad-yavatmal-invites-applications-for-21-advocate-lawyer-panel-positions-2026--4767,301,https://www.searchsarkarinaukri.com/jobs/zilla-parishad-yavatmal-zilla-parishad-yavatmal-invites-applications-for-2026--4767,false,true
