"name","ua","url","status","location","ttfb_ms","total_ms","bytes","content_type","content_encoding","cache_control","x_robots_tag","x_prerender","hsts","csp","x_content_type_options","x_frame_options","referrer_policy","server","alt_svc"
"home","standard","https://www.searchsarkarinaukri.com/","200","","110","114","18706","text/html; charset=utf-8","gzip","","","","max-age=31536000; includeSubDomains","","nosniff","SAMEORIGIN","strict-origin-when-cross-origin","nginx/1.24.0 (Ubuntu)",""
"home","googlebot","https://www.searchsarkarinaukri.com/","200","","36","38","39824","text/html; charset=utf-8","gzip","public, max-age=600, s-maxage=600, stale-while-revalidate=86400","","1","max-age=31536000; includeSubDomains, max-age=31536000; includeSubDomains","default-src 'self';base-uri 'self';font-src 'self' https: data:;form-action 'self';frame-ancestors 'self';frame-src 'self' https://googleads.g.doubleclick.net https://tpc.googlesyndication.com;img-src 'self' data: https:;object-src 'none';script-src 'self' https://pagead2.googlesyndication.com https://googleads.g.doubleclick.net https://tpc.googlesyndication.com;script-src-attr 'none';style-src 'self' https: 'unsafe-inline';upgrade-insecure-requests","nosniff, nosniff","SAMEORIGIN, SAMEORIGIN","no-referrer, strict-origin-when-cross-origin","nginx/1.24.0 (Ubuntu)",""
"home","googlebot-desktop","https://www.searchsarkarinaukri.com/","200","","35","35","39824","text/html; charset=utf-8","gzip","public, max-age=600, s-maxage=600, stale-while-revalidate=86400","","1","max-age=31536000; includeSubDomains, max-age=31536000; includeSubDomains","default-src 'self';base-uri 'self';font-src 'self' https: data:;form-action 'self';frame-ancestors 'self';frame-src 'self' https://googleads.g.doubleclick.net https://tpc.googlesyndication.com;img-src 'self' data: https:;object-src 'none';script-src 'self' https://pagead2.googlesyndication.com https://googleads.g.doubleclick.net https://tpc.googlesyndication.com;script-src-attr 'none';style-src 'self' https: 'unsafe-inline';upgrade-insecure-requests","nosniff, nosniff","SAMEORIGIN, SAMEORIGIN","no-referrer, strict-origin-when-cross-origin","nginx/1.24.0 (Ubuntu)",""
"non-www-home","standard","https://searchsarkarinaukri.com/","301","https://www.searchsarkarinaukri.com/","56","56","178","text/html","","","","","","","","","","nginx/1.24.0 (Ubuntu)",""
"non-www-home","googlebot","https://searchsarkarinaukri.com/","301","https://www.searchsarkarinaukri.com/","49","49","178","text/html","","","","","","","","","","nginx/1.24.0 (Ubuntu)",""
"non-www-home","googlebot-desktop","https://searchsarkarinaukri.com/","301","https://www.searchsarkarinaukri.com/","16","16","178","text/html","","","","","","","","","","nginx/1.24.0 (Ubuntu)",""
"http-home","standard","http://www.searchsarkarinaukri.com/","301","https://www.searchsarkarinaukri.com/","31","31","178","text/html","","","","","","","","","","nginx/1.24.0 (Ubuntu)",""
"http-home","googlebot","http://www.searchsarkarinaukri.com/","301","https://www.searchsarkarinaukri.com/","32","32","178","text/html","","","","","","","","","","nginx/1.24.0 (Ubuntu)",""
"http-home","googlebot-desktop","http://www.searchsarkarinaukri.com/","301","https://www.searchsarkarinaukri.com/","16","16","178","text/html","","","","","","","","","","nginx/1.24.0 (Ubuntu)",""
"jobs","standard","https://www.searchsarkarinaukri.com/jobs","200","","17","18","18706","text/html; charset=utf-8","gzip","","","","max-age=31536000; includeSubDomains","","nosniff","SAMEORIGIN","strict-origin-when-cross-origin","nginx/1.24.0 (Ubuntu)",""
"jobs","googlebot","https://www.searchsarkarinaukri.com/jobs","200","","30","31","27867","text/html; charset=utf-8","gzip","public, max-age=600, s-maxage=600, stale-while-revalidate=86400","","1","max-age=31536000; includeSubDomains, max-age=31536000; includeSubDomains","default-src 'self';base-uri 'self';font-src 'self' https: data:;form-action 'self';frame-ancestors 'self';frame-src 'self' https://googleads.g.doubleclick.net https://tpc.googlesyndication.com;img-src 'self' data: https:;object-src 'none';script-src 'self' https://pagead2.googlesyndication.com https://googleads.g.doubleclick.net https://tpc.googlesyndication.com;script-src-attr 'none';style-src 'self' https: 'unsafe-inline';upgrade-insecure-requests","nosniff, nosniff","SAMEORIGIN, SAMEORIGIN","no-referrer, strict-origin-when-cross-origin","nginx/1.24.0 (Ubuntu)",""
"jobs","googlebot-desktop","https://www.searchsarkarinaukri.com/jobs","200","","31","31","27867","text/html; charset=utf-8","gzip","public, max-age=600, s-maxage=600, stale-while-revalidate=86400","","1","max-age=31536000; includeSubDomains, max-age=31536000; includeSubDomains","default-src 'self';base-uri 'self';font-src 'self' https: data:;form-action 'self';frame-ancestors 'self';frame-src 'self' https://googleads.g.doubleclick.net https://tpc.googlesyndication.com;img-src 'self' data: https:;object-src 'none';script-src 'self' https://pagead2.googlesyndication.com https://googleads.g.doubleclick.net https://tpc.googlesyndication.com;script-src-attr 'none';style-src 'self' https: 'unsafe-inline';upgrade-insecure-requests","nosniff, nosniff","SAMEORIGIN, SAMEORIGIN","no-referrer, strict-origin-when-cross-origin","nginx/1.24.0 (Ubuntu)",""
"jobs-trailing-slash","standard","https://www.searchsarkarinaukri.com/jobs/","200","","16","17","18706","text/html; charset=utf-8","gzip","","","","max-age=31536000; includeSubDomains","","nosniff","SAMEORIGIN","strict-origin-when-cross-origin","nginx/1.24.0 (Ubuntu)",""
"jobs-trailing-slash","googlebot","https://www.searchsarkarinaukri.com/jobs/","200","","33","34","27867","text/html; charset=utf-8","gzip","public, max-age=600, s-maxage=600, stale-while-revalidate=86400","","1","max-age=31536000; includeSubDomains, max-age=31536000; includeSubDomains","default-src 'self';base-uri 'self';font-src 'self' https: data:;form-action 'self';frame-ancestors 'self';frame-src 'self' https://googleads.g.doubleclick.net https://tpc.googlesyndication.com;img-src 'self' data: https:;object-src 'none';script-src 'self' https://pagead2.googlesyndication.com https://googleads.g.doubleclick.net https://tpc.googlesyndication.com;script-src-attr 'none';style-src 'self' https: 'unsafe-inline';upgrade-insecure-requests","nosniff, nosniff","SAMEORIGIN, SAMEORIGIN","no-referrer, strict-origin-when-cross-origin","nginx/1.24.0 (Ubuntu)",""
"jobs-trailing-slash","googlebot-desktop","https://www.searchsarkarinaukri.com/jobs/","200","","26","27","27867","text/html; charset=utf-8","gzip","public, max-age=600, s-maxage=600, stale-while-revalidate=86400","","1","max-age=31536000; includeSubDomains, max-age=31536000; includeSubDomains","default-src 'self';base-uri 'self';font-src 'self' https: data:;form-action 'self';frame-ancestors 'self';frame-src 'self' https://googleads.g.doubleclick.net https://tpc.googlesyndication.com;img-src 'self' data: https:;object-src 'none';script-src 'self' https://pagead2.googlesyndication.com https://googleads.g.doubleclick.net https://tpc.googlesyndication.com;script-src-attr 'none';style-src 'self' https: 'unsafe-inline';upgrade-insecure-requests","nosniff, nosniff","SAMEORIGIN, SAMEORIGIN","no-referrer, strict-origin-when-cross-origin","nginx/1.24.0 (Ubuntu)",""
"job-detail","standard","https://www.searchsarkarinaukri.com/jobs/job-2026--5015","200","","16","17","18706","text/html; charset=utf-8","gzip","","","","max-age=31536000; includeSubDomains","","nosniff","SAMEORIGIN","strict-origin-when-cross-origin","nginx/1.24.0 (Ubuntu)",""
"job-detail","googlebot","https://www.searchsarkarinaukri.com/jobs/job-2026--5015","200","","50","50","16276","text/html; charset=utf-8","gzip","public, max-age=600, s-maxage=600, stale-while-revalidate=86400","","1","max-age=31536000; includeSubDomains, max-age=31536000; includeSubDomains","default-src 'self';base-uri 'self';font-src 'self' https: data:;form-action 'self';frame-ancestors 'self';frame-src 'self' https://googleads.g.doubleclick.net https://tpc.googlesyndication.com;img-src 'self' data: https:;object-src 'none';script-src 'self' https://pagead2.googlesyndication.com https://googleads.g.doubleclick.net https://tpc.googlesyndication.com;script-src-attr 'none';style-src 'self' https: 'unsafe-inline';upgrade-insecure-requests","nosniff, nosniff","SAMEORIGIN, SAMEORIGIN","no-referrer, strict-origin-when-cross-origin","nginx/1.24.0 (Ubuntu)",""
"job-detail","googlebot-desktop","https://www.searchsarkarinaukri.com/jobs/job-2026--5015","200","","47","47","16276","text/html; charset=utf-8","gzip","public, max-age=600, s-maxage=600, stale-while-revalidate=86400","","1","max-age=31536000; includeSubDomains, max-age=31536000; includeSubDomains","default-src 'self';base-uri 'self';font-src 'self' https: data:;form-action 'self';frame-ancestors 'self';frame-src 'self' https://googleads.g.doubleclick.net https://tpc.googlesyndication.com;img-src 'self' data: https:;object-src 'none';script-src 'self' https://pagead2.googlesyndication.com https://googleads.g.doubleclick.net https://tpc.googlesyndication.com;script-src-attr 'none';style-src 'self' https: 'unsafe-inline';upgrade-insecure-requests","nosniff, nosniff","SAMEORIGIN, SAMEORIGIN","no-referrer, strict-origin-when-cross-origin","nginx/1.24.0 (Ubuntu)",""
"category-query","standard","https://www.searchsarkarinaukri.com/jobs?category=mpsc","200","","17","18","18706","text/html; charset=utf-8","gzip","","","","max-age=31536000; includeSubDomains","","nosniff","SAMEORIGIN","strict-origin-when-cross-origin","nginx/1.24.0 (Ubuntu)",""
"category-query","googlebot","https://www.searchsarkarinaukri.com/jobs?category=mpsc","200","","49","50","18777","text/html; charset=utf-8","gzip","public, max-age=600, s-maxage=600, stale-while-revalidate=86400","","1","max-age=31536000; includeSubDomains, max-age=31536000; includeSubDomains","default-src 'self';base-uri 'self';font-src 'self' https: data:;form-action 'self';frame-ancestors 'self';frame-src 'self' https://googleads.g.doubleclick.net https://tpc.googlesyndication.com;img-src 'self' data: https:;object-src 'none';script-src 'self' https://pagead2.googlesyndication.com https://googleads.g.doubleclick.net https://tpc.googlesyndication.com;script-src-attr 'none';style-src 'self' https: 'unsafe-inline';upgrade-insecure-requests","nosniff, nosniff","SAMEORIGIN, SAMEORIGIN","no-referrer, strict-origin-when-cross-origin","nginx/1.24.0 (Ubuntu)",""
"category-query","googlebot-desktop","https://www.searchsarkarinaukri.com/jobs?category=mpsc","200","","51","51","18777","text/html; charset=utf-8","gzip","public, max-age=600, s-maxage=600, stale-while-revalidate=86400","","1","max-age=31536000; includeSubDomains, max-age=31536000; includeSubDomains","default-src 'self';base-uri 'self';font-src 'self' https: data:;form-action 'self';frame-ancestors 'self';frame-src 'self' https://googleads.g.doubleclick.net https://tpc.googlesyndication.com;img-src 'self' data: https:;object-src 'none';script-src 'self' https://pagead2.googlesyndication.com https://googleads.g.doubleclick.net https://tpc.googlesyndication.com;script-src-attr 'none';style-src 'self' https: 'unsafe-inline';upgrade-insecure-requests","nosniff, nosniff","SAMEORIGIN, SAMEORIGIN","no-referrer, strict-origin-when-cross-origin","nginx/1.24.0 (Ubuntu)",""
"qualification","standard","https://www.searchsarkarinaukri.com/10th-pass-government-jobs","200","","16","17","18706","text/html; charset=utf-8","gzip","","","","max-age=31536000; includeSubDomains","","nosniff","SAMEORIGIN","strict-origin-when-cross-origin","nginx/1.24.0 (Ubuntu)",""
"qualification","googlebot","https://www.searchsarkarinaukri.com/10th-pass-government-jobs","200","","61","62","22894","text/html; charset=utf-8","gzip","public, max-age=600, s-maxage=600, stale-while-revalidate=86400","","1","max-age=31536000; includeSubDomains, max-age=31536000; includeSubDomains","default-src 'self';base-uri 'self';font-src 'self' https: data:;form-action 'self';frame-ancestors 'self';frame-src 'self' https://googleads.g.doubleclick.net https://tpc.googlesyndication.com;img-src 'self' data: https:;object-src 'none';script-src 'self' https://pagead2.googlesyndication.com https://googleads.g.doubleclick.net https://tpc.googlesyndication.com;script-src-attr 'none';style-src 'self' https: 'unsafe-inline';upgrade-insecure-requests","nosniff, nosniff","SAMEORIGIN, SAMEORIGIN","no-referrer, strict-origin-when-cross-origin","nginx/1.24.0 (Ubuntu)",""
"qualification","googlebot-desktop","https://www.searchsarkarinaukri.com/10th-pass-government-jobs","200","","56","56","22894","text/html; charset=utf-8","gzip","public, max-age=600, s-maxage=600, stale-while-revalidate=86400","","1","max-age=31536000; includeSubDomains, max-age=31536000; includeSubDomains","default-src 'self';base-uri 'self';font-src 'self' https: data:;form-action 'self';frame-ancestors 'self';frame-src 'self' https://googleads.g.doubleclick.net https://tpc.googlesyndication.com;img-src 'self' data: https:;object-src 'none';script-src 'self' https://pagead2.googlesyndication.com https://googleads.g.doubleclick.net https://tpc.googlesyndication.com;script-src-attr 'none';style-src 'self' https: 'unsafe-inline';upgrade-insecure-requests","nosniff, nosniff","SAMEORIGIN, SAMEORIGIN","no-referrer, strict-origin-when-cross-origin","nginx/1.24.0 (Ubuntu)",""
"legacy-assessment","standard","https://www.searchsarkarinaukri.com/assessment","200","","16","18","18706","text/html; charset=utf-8","gzip","","","","max-age=31536000; includeSubDomains","","nosniff","SAMEORIGIN","strict-origin-when-cross-origin","nginx/1.24.0 (Ubuntu)",""
"legacy-assessment","googlebot","https://www.searchsarkarinaukri.com/assessment","404","","19","20","5398","text/html; charset=utf-8","gzip","public, max-age=600, s-maxage=600, stale-while-revalidate=86400","noindex, follow","1","max-age=31536000; includeSubDomains, max-age=31536000; includeSubDomains","default-src 'self';base-uri 'self';font-src 'self' https: data:;form-action 'self';frame-ancestors 'self';frame-src 'self' https://googleads.g.doubleclick.net https://tpc.googlesyndication.com;img-src 'self' data: https:;object-src 'none';script-src 'self' https://pagead2.googlesyndication.com https://googleads.g.doubleclick.net https://tpc.googlesyndication.com;script-src-attr 'none';style-src 'self' https: 'unsafe-inline';upgrade-insecure-requests","nosniff, nosniff","SAMEORIGIN, SAMEORIGIN","no-referrer, strict-origin-when-cross-origin","nginx/1.24.0 (Ubuntu)",""
"legacy-assessment","googlebot-desktop","https://www.searchsarkarinaukri.com/assessment","404","","18","19","5398","text/html; charset=utf-8","gzip","public, max-age=600, s-maxage=600, stale-while-revalidate=86400","noindex, follow","1","max-age=31536000; includeSubDomains, max-age=31536000; includeSubDomains","default-src 'self';base-uri 'self';font-src 'self' https: data:;form-action 'self';frame-ancestors 'self';frame-src 'self' https://googleads.g.doubleclick.net https://tpc.googlesyndication.com;img-src 'self' data: https:;object-src 'none';script-src 'self' https://pagead2.googlesyndication.com https://googleads.g.doubleclick.net https://tpc.googlesyndication.com;script-src-attr 'none';style-src 'self' https: 'unsafe-inline';upgrade-insecure-requests","nosniff, nosniff","SAMEORIGIN, SAMEORIGIN","no-referrer, strict-origin-when-cross-origin","nginx/1.24.0 (Ubuntu)",""
"unknown-route","standard","https://www.searchsarkarinaukri.com/definitely-not-a-real-page-audit-20260825","200","","16","17","18706","text/html; charset=utf-8","gzip","","","","max-age=31536000; includeSubDomains","","nosniff","SAMEORIGIN","strict-origin-when-cross-origin","nginx/1.24.0 (Ubuntu)",""
"unknown-route","googlebot","https://www.searchsarkarinaukri.com/definitely-not-a-real-page-audit-20260825","404","","19","19","5553","text/html; charset=utf-8","gzip","public, max-age=600, s-maxage=600, stale-while-revalidate=86400","noindex, follow","1","max-age=31536000; includeSubDomains, max-age=31536000; includeSubDomains","default-src 'self';base-uri 'self';font-src 'self' https: data:;form-action 'self';frame-ancestors 'self';frame-src 'self' https://googleads.g.doubleclick.net https://tpc.googlesyndication.com;img-src 'self' data: https:;object-src 'none';script-src 'self' https://pagead2.googlesyndication.com https://googleads.g.doubleclick.net https://tpc.googlesyndication.com;script-src-attr 'none';style-src 'self' https: 'unsafe-inline';upgrade-insecure-requests","nosniff, nosniff","SAMEORIGIN, SAMEORIGIN","no-referrer, strict-origin-when-cross-origin","nginx/1.24.0 (Ubuntu)",""
"unknown-route","googlebot-desktop","https://www.searchsarkarinaukri.com/definitely-not-a-real-page-audit-20260825","404","","30","30","5553","text/html; charset=utf-8","gzip","public, max-age=600, s-maxage=600, stale-while-revalidate=86400","noindex, follow","1","max-age=31536000; includeSubDomains, max-age=31536000; includeSubDomains","default-src 'self';base-uri 'self';font-src 'self' https: data:;form-action 'self';frame-ancestors 'self';frame-src 'self' https://googleads.g.doubleclick.net https://tpc.googlesyndication.com;img-src 'self' data: https:;object-src 'none';script-src 'self' https://pagead2.googlesyndication.com https://googleads.g.doubleclick.net https://tpc.googlesyndication.com;script-src-attr 'none';style-src 'self' https: 'unsafe-inline';upgrade-insecure-requests","nosniff, nosniff","SAMEORIGIN, SAMEORIGIN","no-referrer, strict-origin-when-cross-origin","nginx/1.24.0 (Ubuntu)",""
"robots","standard","https://www.searchsarkarinaukri.com/robots.txt","200","","18","18","308","text/plain; charset=utf-8","gzip","","","","max-age=31536000; includeSubDomains, max-age=31536000; includeSubDomains","default-src 'self';base-uri 'self';font-src 'self' https: data:;form-action 'self';frame-ancestors 'self';frame-src 'self' https://googleads.g.doubleclick.net https://tpc.googlesyndication.com;img-src 'self' data: https:;object-src 'none';script-src 'self' https://pagead2.googlesyndication.com https://googleads.g.doubleclick.net https://tpc.googlesyndication.com;script-src-attr 'none';style-src 'self' https: 'unsafe-inline';upgrade-insecure-requests","nosniff, nosniff","SAMEORIGIN, SAMEORIGIN","no-referrer, strict-origin-when-cross-origin","nginx/1.24.0 (Ubuntu)",""
"robots","googlebot","https://www.searchsarkarinaukri.com/robots.txt","200","","21","21","308","text/plain; charset=utf-8","gzip","","","","max-age=31536000; includeSubDomains, max-age=31536000; includeSubDomains","default-src 'self';base-uri 'self';font-src 'self' https: data:;form-action 'self';frame-ancestors 'self';frame-src 'self' https://googleads.g.doubleclick.net https://tpc.googlesyndication.com;img-src 'self' data: https:;object-src 'none';script-src 'self' https://pagead2.googlesyndication.com https://googleads.g.doubleclick.net https://tpc.googlesyndication.com;script-src-attr 'none';style-src 'self' https: 'unsafe-inline';upgrade-insecure-requests","nosniff, nosniff","SAMEORIGIN, SAMEORIGIN","no-referrer, strict-origin-when-cross-origin","nginx/1.24.0 (Ubuntu)",""
"robots","googlebot-desktop","https://www.searchsarkarinaukri.com/robots.txt","200","","17","18","308","text/plain; charset=utf-8","gzip","","","","max-age=31536000; includeSubDomains, max-age=31536000; includeSubDomains","default-src 'self';base-uri 'self';font-src 'self' https: data:;form-action 'self';frame-ancestors 'self';frame-src 'self' https://googleads.g.doubleclick.net https://tpc.googlesyndication.com;img-src 'self' data: https:;object-src 'none';script-src 'self' https://pagead2.googlesyndication.com https://googleads.g.doubleclick.net https://tpc.googlesyndication.com;script-src-attr 'none';style-src 'self' https: 'unsafe-inline';upgrade-insecure-requests","nosniff, nosniff","SAMEORIGIN, SAMEORIGIN","no-referrer, strict-origin-when-cross-origin","nginx/1.24.0 (Ubuntu)",""
"sitemap","standard","https://www.searchsarkarinaukri.com/sitemap.xml","200","","29","29","1104","application/xml; charset=utf-8","gzip","","","","max-age=31536000; includeSubDomains, max-age=31536000; includeSubDomains","default-src 'self';base-uri 'self';font-src 'self' https: data:;form-action 'self';frame-ancestors 'self';frame-src 'self' https://googleads.g.doubleclick.net https://tpc.googlesyndication.com;img-src 'self' data: https:;object-src 'none';script-src 'self' https://pagead2.googlesyndication.com https://googleads.g.doubleclick.net https://tpc.googlesyndication.com;script-src-attr 'none';style-src 'self' https: 'unsafe-inline';upgrade-insecure-requests","nosniff, nosniff","SAMEORIGIN, SAMEORIGIN","no-referrer, strict-origin-when-cross-origin","nginx/1.24.0 (Ubuntu)",""
"sitemap","googlebot","https://www.searchsarkarinaukri.com/sitemap.xml","200","","30","30","1104","application/xml; charset=utf-8","gzip","","","","max-age=31536000; includeSubDomains, max-age=31536000; includeSubDomains","default-src 'self';base-uri 'self';font-src 'self' https: data:;form-action 'self';frame-ancestors 'self';frame-src 'self' https://googleads.g.doubleclick.net https://tpc.googlesyndication.com;img-src 'self' data: https:;object-src 'none';script-src 'self' https://pagead2.googlesyndication.com https://googleads.g.doubleclick.net https://tpc.googlesyndication.com;script-src-attr 'none';style-src 'self' https: 'unsafe-inline';upgrade-insecure-requests","nosniff, nosniff","SAMEORIGIN, SAMEORIGIN","no-referrer, strict-origin-when-cross-origin","nginx/1.24.0 (Ubuntu)",""
"sitemap","googlebot-desktop","https://www.searchsarkarinaukri.com/sitemap.xml","200","","46","47","1104","application/xml; charset=utf-8","gzip","","","","max-age=31536000; includeSubDomains, max-age=31536000; includeSubDomains","default-src 'self';base-uri 'self';font-src 'self' https: data:;form-action 'self';frame-ancestors 'self';frame-src 'self' https://googleads.g.doubleclick.net https://tpc.googlesyndication.com;img-src 'self' data: https:;object-src 'none';script-src 'self' https://pagead2.googlesyndication.com https://googleads.g.doubleclick.net https://tpc.googlesyndication.com;script-src-attr 'none';style-src 'self' https: 'unsafe-inline';upgrade-insecure-requests","nosniff, nosniff","SAMEORIGIN, SAMEORIGIN","no-referrer, strict-origin-when-cross-origin","nginx/1.24.0 (Ubuntu)",""
"llms","standard","https://www.searchsarkarinaukri.com/llms.txt","200","","16","16","2172","text/plain; charset=utf-8","gzip","","","","max-age=31536000; includeSubDomains","","nosniff","SAMEORIGIN","strict-origin-when-cross-origin","nginx/1.24.0 (Ubuntu)",""
"llms","googlebot","https://www.searchsarkarinaukri.com/llms.txt","404","","21","21","5388","text/html; charset=utf-8","gzip","public, max-age=600, s-maxage=600, stale-while-revalidate=86400","noindex, follow","1","max-age=31536000; includeSubDomains, max-age=31536000; includeSubDomains","default-src 'self';base-uri 'self';font-src 'self' https: data:;form-action 'self';frame-ancestors 'self';frame-src 'self' https://googleads.g.doubleclick.net https://tpc.googlesyndication.com;img-src 'self' data: https:;object-src 'none';script-src 'self' https://pagead2.googlesyndication.com https://googleads.g.doubleclick.net https://tpc.googlesyndication.com;script-src-attr 'none';style-src 'self' https: 'unsafe-inline';upgrade-insecure-requests","nosniff, nosniff","SAMEORIGIN, SAMEORIGIN","no-referrer, strict-origin-when-cross-origin","nginx/1.24.0 (Ubuntu)",""
"llms","googlebot-desktop","https://www.searchsarkarinaukri.com/llms.txt","404","","18","19","5388","text/html; charset=utf-8","gzip","public, max-age=600, s-maxage=600, stale-while-revalidate=86400","noindex, follow","1","max-age=31536000; includeSubDomains, max-age=31536000; includeSubDomains","default-src 'self';base-uri 'self';font-src 'self' https: data:;form-action 'self';frame-ancestors 'self';frame-src 'self' https://googleads.g.doubleclick.net https://tpc.googlesyndication.com;img-src 'self' data: https:;object-src 'none';script-src 'self' https://pagead2.googlesyndication.com https://googleads.g.doubleclick.net https://tpc.googlesyndication.com;script-src-attr 'none';style-src 'self' https: 'unsafe-inline';upgrade-insecure-requests","nosniff, nosniff","SAMEORIGIN, SAMEORIGIN","no-referrer, strict-origin-when-cross-origin","nginx/1.24.0 (Ubuntu)",""
"google-verification","standard","https://www.searchsarkarinaukri.com/googleb643811abcdafc26.html","200","","15","15","54","text/html; charset=utf-8","","","","","max-age=31536000; includeSubDomains","","nosniff","SAMEORIGIN","strict-origin-when-cross-origin","nginx/1.24.0 (Ubuntu)",""
"google-verification","googlebot","https://www.searchsarkarinaukri.com/googleb643811abcdafc26.html","404","","58","58","5483","text/html; charset=utf-8","gzip","public, max-age=600, s-maxage=600, stale-while-revalidate=86400","noindex, follow","1","max-age=31536000; includeSubDomains, max-age=31536000; includeSubDomains","default-src 'self';base-uri 'self';font-src 'self' https: data:;form-action 'self';frame-ancestors 'self';frame-src 'self' https://googleads.g.doubleclick.net https://tpc.googlesyndication.com;img-src 'self' data: https:;object-src 'none';script-src 'self' https://pagead2.googlesyndication.com https://googleads.g.doubleclick.net https://tpc.googlesyndication.com;script-src-attr 'none';style-src 'self' https: 'unsafe-inline';upgrade-insecure-requests","nosniff, nosniff","SAMEORIGIN, SAMEORIGIN","no-referrer, strict-origin-when-cross-origin","nginx/1.24.0 (Ubuntu)",""
"google-verification","googlebot-desktop","https://www.searchsarkarinaukri.com/googleb643811abcdafc26.html","404","","20","21","5483","text/html; charset=utf-8","gzip","public, max-age=600, s-maxage=600, stale-while-revalidate=86400","noindex, follow","1","max-age=31536000; includeSubDomains, max-age=31536000; includeSubDomains","default-src 'self';base-uri 'self';font-src 'self' https: data:;form-action 'self';frame-ancestors 'self';frame-src 'self' https://googleads.g.doubleclick.net https://tpc.googlesyndication.com;img-src 'self' data: https:;object-src 'none';script-src 'self' https://pagead2.googlesyndication.com https://googleads.g.doubleclick.net https://tpc.googlesyndication.com;script-src-attr 'none';style-src 'self' https: 'unsafe-inline';upgrade-insecure-requests","nosniff, nosniff","SAMEORIGIN, SAMEORIGIN","no-referrer, strict-origin-when-cross-origin","nginx/1.24.0 (Ubuntu)",""
"bing-verification","standard","https://www.searchsarkarinaukri.com/5E45336BE620BB3F.txt","200","","15","15","16","text/plain; charset=utf-8","","","","","max-age=31536000; includeSubDomains","","nosniff","SAMEORIGIN","strict-origin-when-cross-origin","nginx/1.24.0 (Ubuntu)",""
"bing-verification","googlebot","https://www.searchsarkarinaukri.com/5E45336BE620BB3F.txt","404","","18","18","5448","text/html; charset=utf-8","gzip","public, max-age=600, s-maxage=600, stale-while-revalidate=86400","noindex, follow","1","max-age=31536000; includeSubDomains, max-age=31536000; includeSubDomains","default-src 'self';base-uri 'self';font-src 'self' https: data:;form-action 'self';frame-ancestors 'self';frame-src 'self' https://googleads.g.doubleclick.net https://tpc.googlesyndication.com;img-src 'self' data: https:;object-src 'none';script-src 'self' https://pagead2.googlesyndication.com https://googleads.g.doubleclick.net https://tpc.googlesyndication.com;script-src-attr 'none';style-src 'self' https: 'unsafe-inline';upgrade-insecure-requests","nosniff, nosniff","SAMEORIGIN, SAMEORIGIN","no-referrer, strict-origin-when-cross-origin","nginx/1.24.0 (Ubuntu)",""
"bing-verification","googlebot-desktop","https://www.searchsarkarinaukri.com/5E45336BE620BB3F.txt","404","","18","19","5448","text/html; charset=utf-8","gzip","public, max-age=600, s-maxage=600, stale-while-revalidate=86400","noindex, follow","1","max-age=31536000; includeSubDomains, max-age=31536000; includeSubDomains","default-src 'self';base-uri 'self';font-src 'self' https: data:;form-action 'self';frame-ancestors 'self';frame-src 'self' https://googleads.g.doubleclick.net https://tpc.googlesyndication.com;img-src 'self' data: https:;object-src 'none';script-src 'self' https://pagead2.googlesyndication.com https://googleads.g.doubleclick.net https://tpc.googlesyndication.com;script-src-attr 'none';style-src 'self' https: 'unsafe-inline';upgrade-insecure-requests","nosniff, nosniff","SAMEORIGIN, SAMEORIGIN","no-referrer, strict-origin-when-cross-origin","nginx/1.24.0 (Ubuntu)",""
"og-image","standard","https://www.searchsarkarinaukri.com/og-image.png?v=2","200","","23","60","97951","image/png","","max-age=2592000, public, immutable","","","max-age=31536000; includeSubDomains","","nosniff","SAMEORIGIN","strict-origin-when-cross-origin","nginx/1.24.0 (Ubuntu)",""
"og-image","googlebot","https://www.searchsarkarinaukri.com/og-image.png?v=2","200","","33","62","97951","image/png","","max-age=2592000, public, immutable","","","max-age=31536000; includeSubDomains","","nosniff","SAMEORIGIN","strict-origin-when-cross-origin","nginx/1.24.0 (Ubuntu)",""
"og-image","googlebot-desktop","https://www.searchsarkarinaukri.com/og-image.png?v=2","200","","16","31","97951","image/png","","max-age=2592000, public, immutable","","","max-age=31536000; includeSubDomains","","nosniff","SAMEORIGIN","strict-origin-when-cross-origin","nginx/1.24.0 (Ubuntu)",""