url,status,redirect_location,page_type,error
https://www.searchsarkarinaukri.com/jobs/barc-non-dnb-junior-senior-resident-doctor-recruitment-2026--2671,410,,job-listing,
https://www.searchsarkarinaukri.com/jobs/barc-post-graduate-resident-medical-officer-pgrmo-senior-resident-recruitment-2026--2670,410,,job-listing,
https://www.searchsarkarinaukri.com/jobs/bhabha-atomic-research-centre-mumbai-general-duty-medical-officer-recruitment-2026--2669,410,,job-listing,
https://www.searchsarkarinaukri.com/jobs/goa-shipyard-limited-apprenticeship-recruitment-2026--2673,410,,job-listing,
https://www.searchsarkarinaukri.com/jobs/icmr-national-institute-of-translational-virology-and-aids-research-institute-recruitment-notificati--2212,410,,job-listing,
https://www.searchsarkarinaukri.com/jobs/institute-of-chemical-technology-mumbai-apply-for-2-research-assistant-posts-2026--2213,410,,job-listing,
https://www.searchsarkarinaukri.com/jobs/kalyan-dombivli-municipal-corporation-kdmc-kalyan-dombivli-municipal-corporation-kdmc-recruitment-20--2332,410,,job-listing,
https://www.searchsarkarinaukri.com/jobs/staff-selection-commission-apply-for-376-senior-secretariat-assistant-2026--1767,410,,job-listing,
https://www.searchsarkarinaukri.com/jobs/uidai-accountant-recruitment-2026-deputation-basis--2678,410,,job-listing,
https://www.searchsarkarinaukri.com/jobs/uidai-deputy-director-recruitment-2026-deputation-basis--2677,410,,job-listing,
https://www.searchsarkarinaukri.com/jobs/uidai-senior-accounts-officer-recruitment-2026--2679,410,,job-listing,
