"url","page_type","word_count","title"
"https://www.searchsarkarinaukri.com/admit-cards/1","admit-card","139","MPSC Rajyaseva Prelims 2026 Admit Card 2026 | SearchSarkariNaukri"
"https://www.searchsarkarinaukri.com/admit-cards/17","admit-card","138","MPSC Admit Card 2026 Admit Card 2026 | SearchSarkariNaukri"
"https://www.searchsarkarinaukri.com/admit-cards/19","admit-card","142","UPSC CSE Admit Card 2026 Admit Card 2026 | SearchSarkariNaukri"
"https://www.searchsarkarinaukri.com/admit-cards/2","admit-card","139","UPSC CSE Prelims 2026 Admit Card 2026 | SearchSarkariNaukri"
"https://www.searchsarkarinaukri.com/admit-cards/20","admit-card","142","MPSC Rajyaseva Admit Card 2025 Admit Card 2026 | SearchSarkariNaukri"
"https://www.searchsarkarinaukri.com/admit-cards/22","admit-card","142","SSC MTS Admit Card 2025 Admit Card 2026 | SearchSarkariNaukri"
"https://www.searchsarkarinaukri.com/admit-cards/24","admit-card","138","MPSC Admit Card 2026 Admit Card 2026 | SearchSarkariNaukri"
"https://www.searchsarkarinaukri.com/admit-cards/25","admit-card","142","MPSC Rajyaseva Admit Card 2025 Admit Card 2026 | SearchSarkariNaukri"
"https://www.searchsarkarinaukri.com/admit-cards/27","admit-card","142","UPSC CSE Admit Card 2026 Admit Card 2026 | SearchSarkariNaukri"
"https://www.searchsarkarinaukri.com/admit-cards/29","admit-card","142","SSC MTS Admit Card 2025 Admit Card 2026 | SearchSarkariNaukri"
"https://www.searchsarkarinaukri.com/admit-cards/3","admit-card","143","SSC CGL Tier 1 2026 Admit Card 2026 | SearchSarkariNaukri"
"https://www.searchsarkarinaukri.com/admit-cards/31","admit-card","138","MPSC Admit Card 2026 Admit Card 2026 | SearchSarkariNaukri"
"https://www.searchsarkarinaukri.com/admit-cards/32","admit-card","142","MPSC Rajyaseva Admit Card 2025 Admit Card 2026 | SearchSarkariNaukri"
"https://www.searchsarkarinaukri.com/admit-cards/33","admit-card","142","UPSC CSE Admit Card 2026 Admit Card 2026 | SearchSarkariNaukri"
"https://www.searchsarkarinaukri.com/admit-cards/36","admit-card","142","SSC MTS Admit Card 2025 Admit Card 2026 | SearchSarkariNaukri"
"https://www.searchsarkarinaukri.com/admit-cards/38","admit-card","138","MPSC Admit Card 2026 Admit Card 2026 | SearchSarkariNaukri"
"https://www.searchsarkarinaukri.com/admit-cards/39","admit-card","142","MPSC Rajyaseva Admit Card 2025 Admit Card 2026 | SearchSarkariNaukri"
"https://www.searchsarkarinaukri.com/admit-cards/4","admit-card","139","MPSC PSI/STI/ASO Prelims 2026 Admit Card 2026 | SearchSarkariNaukri"
"https://www.searchsarkarinaukri.com/admit-cards/40","admit-card","142","UPSC CSE Admit Card 2026 Admit Card 2026 | SearchSarkariNaukri"
"https://www.searchsarkarinaukri.com/admit-cards/43","admit-card","142","SSC MTS Admit Card 2025 Admit Card 2026 | SearchSarkariNaukri"
"https://www.searchsarkarinaukri.com/admit-cards/47","admit-card","138","MPSC Admit Card 2026 Admit Card 2026 | SearchSarkariNaukri"
"https://www.searchsarkarinaukri.com/admit-cards/48","admit-card","142","UPSC CSE Admit Card 2026 Admit Card 2026 | SearchSarkariNaukri"
"https://www.searchsarkarinaukri.com/admit-cards/5","admit-card","139","SBI PO Prelims 2026 Admit Card 2026 | SearchSarkariNaukri"
"https://www.searchsarkarinaukri.com/admit-cards/50","admit-card","142","SSC MTS Admit Card 2025 Admit Card 2026 | SearchSarkariNaukri"
"https://www.searchsarkarinaukri.com/admit-cards/53","admit-card","138","MPSC Admit Card 2026 Admit Card 2026 | SearchSarkariNaukri"
"https://www.searchsarkarinaukri.com/admit-cards/56","admit-card","142","SSC MTS Admit Card 2025 Admit Card 2026 | SearchSarkariNaukri"
"https://www.searchsarkarinaukri.com/admit-cards/57","admit-card","142","UPSC Other Admit Card 2026 Admit Card 2026 | SearchSarkariNaukri"
"https://www.searchsarkarinaukri.com/admit-cards/6","admit-card","139","UPSC CDS I 2026 Admit Card 2026 | SearchSarkariNaukri"
"https://www.searchsarkarinaukri.com/admit-cards/61","admit-card","138","MPSC Admit Card 2026 Admit Card 2026 | SearchSarkariNaukri"
"https://www.searchsarkarinaukri.com/admit-cards/64","admit-card","142","SSC MTS Admit Card 2025 Admit Card 2026 | SearchSarkariNaukri"
"https://www.searchsarkarinaukri.com/admit-cards/68","admit-card","138","MPSC Admit Card 2026 Admit Card 2026 | SearchSarkariNaukri"
"https://www.searchsarkarinaukri.com/admit-cards/7","admit-card","135","RRB NTPC 2026 Admit Card 2026 | SearchSarkariNaukri"
"https://www.searchsarkarinaukri.com/admit-cards/73","admit-card","138","MPSC Admit Card 2026 Admit Card 2026 | SearchSarkariNaukri"
"https://www.searchsarkarinaukri.com/admit-cards/76","admit-card","142","MPSC Rajyaseva Admit Card 2025 Admit Card 2026 | SearchSarkariNaukri"
"https://www.searchsarkarinaukri.com/admit-cards/8","admit-card","139","SSC GD Constable 2026 Admit Card 2026 | SearchSarkariNaukri"
"https://www.searchsarkarinaukri.com/admit-cards/81","admit-card","138","MPSC Admit Card 2026 Admit Card 2026 | SearchSarkariNaukri"
"https://www.searchsarkarinaukri.com/admit-cards/82","admit-card","142","MPSC Rajyaseva Admit Card 2025 Admit Card 2026 | SearchSarkariNaukri"
"https://www.searchsarkarinaukri.com/career-guidance","other","28","Government Job Career Guidance"
"https://www.searchsarkarinaukri.com/contact","static-policy","92","Contact SearchSarkariNaukri"
"https://www.searchsarkarinaukri.com/current-affairs","other","30","Daily Current Affairs 2026 — GK for Sarkari Exams"
"https://www.searchsarkarinaukri.com/department/bpsc","department","117","BPSC Recruitment 2026 — BPSC PT, Teacher, Assistant"
"https://www.searchsarkarinaukri.com/department/drdo","department","119","DRDO Recruitment 2026 — Scientist B, Research Associate"
"https://www.searchsarkarinaukri.com/department/ibps","department","121","IBPS Recruitment 2026 — PO, Clerk, SO, RRB Notifications"
"https://www.searchsarkarinaukri.com/digital-library","feature-page","33","Free Digital Library for Competitive Exams 2026"
"https://www.searchsarkarinaukri.com/diploma-jobs-in-kerala","other","144","Diploma Government Jobs in Kerala 2026 | Sarkari Naukri"
"https://www.searchsarkarinaukri.com/disclaimer","static-policy","108","Disclaimer | SearchSarkariNaukri"
"https://www.searchsarkarinaukri.com/eligibility-checker","other","28","Eligibility Checker — Find Matching Government Jobs"
"https://www.searchsarkarinaukri.com/engineer-jobs-in-bangalore","other","135","B.E / B.Tech Government Jobs in Bangalore 2026 | Sarkari Naukri"
"https://www.searchsarkarinaukri.com/engineering-jobs-in-bangalore","other","138","Engineering (B.E / B.Tech) Government Jobs in Bangalore 2026 | Sarkari Naukri"
"https://www.searchsarkarinaukri.com/exam-calendar","other","30","Government Exam Calendar 2026 — All Dates"
"https://www.searchsarkarinaukri.com/exams","other","33","Government Exams 2026 — UPSC, SSC, MPSC, IBPS, RRB"
"https://www.searchsarkarinaukri.com/iti-jobs-in-mumbai","other","140","ITI Government Jobs in Mumbai 2026 | Sarkari Naukri"
"https://www.searchsarkarinaukri.com/jobs-in-ahmedabad","location","135","Latest Government Jobs in Ahmedabad 2026 | Sarkari Naukri"
"https://www.searchsarkarinaukri.com/jobs-in-bangalore","location","136","Latest Government Jobs in Bangalore 2026 | Sarkari Naukri"
"https://www.searchsarkarinaukri.com/jobs-in-mysore","location","131","Latest Government Jobs in Mysore 2026"
"https://www.searchsarkarinaukri.com/jobs-in-tamil-nadu","location","132","Tamil Nadu Government Jobs 2026 — TNPSC, TNUSRB Recruitment"
"https://www.searchsarkarinaukri.com/jobs/ada-ada-2026--4274","job-listing","145","ADA अंतर्गत १११ पदांची भरती जाहीर २०२६ - ADA | Sarkari Naukri 2026"
"https://www.searchsarkarinaukri.com/jobs/aecs-mumbai-aecs-mumbai-announces-recruitment-for-contract-2026--1458","job-listing","144","AECS Mumbai Announces Recruitment for Contract Teachers for 2025-26 - AECS Mumbai | Sarkari Naukri 2026"
"https://www.searchsarkarinaukri.com/jobs/aiesl-aiesl-2026--3847","job-listing","141","१ पदांकरिता AIESL भरती अपडेट २०२६ - AIESL | Sarkari Naukri 2026"
"https://www.searchsarkarinaukri.com/jobs/aiims-delhi-aiims-delhi-2026--1795","job-listing","149","AIIMS Delhi अंतर्गत ४३ पदांची भरती जाहीर २०२६ - AIIMS Delhi | Sarkari Naukri 2026"
"https://www.searchsarkarinaukri.com/jobs/aiims-delhi-aiims-delhi-2026--2146","job-listing","149","AIIMS Delhi अंतर्गत ४ पदांची भरती जाहीर २०२६ - AIIMS Delhi | Sarkari Naukri 2026"
"https://www.searchsarkarinaukri.com/jobs/aiims-delhi-aiims-delhi-2026--2257","job-listing","149","AIIMS Delhi अंतर्गत ४९ पदांची भरती जाहीर २०२६ - AIIMS Delhi | Sarkari Naukri 2026"
"https://www.searchsarkarinaukri.com/jobs/aiims-delhi-aiims-delhi-2026--2382","job-listing","149","AIIMS Delhi अंतर्गत ६७ पदांची भरती जाहीर २०२६ - AIIMS Delhi | Sarkari Naukri 2026"
"https://www.searchsarkarinaukri.com/jobs/aiims-delhi-aiims-delhi-2026--3210","job-listing","149","AIIMS Delhi अंतर्गत ६७ पदांची भरती जाहीर २०२६ - AIIMS Delhi | Sarkari Naukri 2026"
"https://www.searchsarkarinaukri.com/jobs/akola-mahanagarpalika-akola-mahanagarpalika-2026--4837","job-listing","146","२ पदांकरिता Akola Mahanagarpalika भरती अपडेट २०२६ - Akola Mahanagarpalika | Sarkari Naukri 2026"
"https://www.searchsarkarinaukri.com/jobs/andaman-and-nicobar-administration-secretariat-recruitment-for-the-post-of-superintending-2026--3614","job-listing","147","Recruitment for the post of SUPERINTENDING ENGINEER (CIVIL) — ANDAMAN AND NICOBAR ADMINISTRATION SECRETARIAT - ANDAMAN…"
"https://www.searchsarkarinaukri.com/jobs/anganwadi-ahilyanagar-anganwadi-ahilyanagar-2026--2748","job-listing","147","Anganwadi Ahilyanagar ३ पदांकरिता अधिकृत भरती सूचना २०२६ - Anganwadi Ahilyanagar | Sarkari Naukri 2026"
"https://www.searchsarkarinaukri.com/jobs/anganwadi-ahilyanagar-anganwadi-ahilyanagar-2026--2891","job-listing","147","Anganwadi Ahilyanagar १४ पदांकरिता अधिकृत भरती सूचना २०२६ - Anganwadi Ahilyanagar | Sarkari Naukri 2026"
"https://www.searchsarkarinaukri.com/jobs/anganwadi-ahilyanagar-anganwadi-ahilyanagar-2026--2932","job-listing","147","Anganwadi Ahilyanagar १४ पदांकरिता अधिकृत भरती सूचना २०२६ - Anganwadi Ahilyanagar | Sarkari Naukri 2026"
"https://www.searchsarkarinaukri.com/jobs/anganwadi-ahilyanagar-anganwadi-ahilyanagar-2026--3717","job-listing","147","Anganwadi Ahilyanagar २ पदांकरिता अधिकृत भरती सूचना २०२६ - Anganwadi Ahilyanagar | Sarkari Naukri 2026"
"https://www.searchsarkarinaukri.com/jobs/ankurgeca-ankurgeca-2026--2303","job-listing","145","AnkurGECA भरती २०२६ — रिक्त पदांकरिता अर्ज सुरु - AnkurGECA | Sarkari Naukri 2026"
"https://www.searchsarkarinaukri.com/jobs/apcob-apcob-2026--3781","job-listing","143","APCOB ३३८ पदांकरिता अधिकृत भरती सूचना २०२६ - APCOB | Sarkari Naukri 2026"
"https://www.searchsarkarinaukri.com/jobs/army-ordnance-corps-army-ordnance-corps-2026--4256","job-listing","139","Army Ordnance Corps २६१५ पदांची नवीन रिक्त भरती जाहीर २०२६ - Army Ordnance Corps | Sarkari Naukri 2026"
"https://www.searchsarkarinaukri.com/jobs/asrb-asrb-2026--1886","job-listing","145","ASRB भरती २०२६ — रिक्त पदांकरिता अर्ज सुरु - ASRB | Sarkari Naukri 2026"
"https://www.searchsarkarinaukri.com/jobs/avnl-avnl-2026--2259","job-listing","144","AVNL १२१३ पदांची नवीन रिक्त भरती जाहीर २०२६ - AVNL | Sarkari Naukri 2026"
"https://www.searchsarkarinaukri.com/jobs/avnl-avnl-2026--3032","job-listing","144","AVNL १२१३ पदांची नवीन रिक्त भरती जाहीर २०२६ - AVNL | Sarkari Naukri 2026"
"https://www.searchsarkarinaukri.com/jobs/bdl-bdl-2026--3523","job-listing","142","BDL १४७ पदांकरिता अधिकृत भरती सूचना २०२६ - BDL | Sarkari Naukri 2026"
"https://www.searchsarkarinaukri.com/jobs/bdl-bdl-2026--4074","job-listing","142","BDL १५० पदांकरिता अधिकृत भरती सूचना २०२६ - BDL | Sarkari Naukri 2026"
"https://www.searchsarkarinaukri.com/jobs/becil-becil-2026--2476","job-listing","146","BECIL भरती २०२६ — १४ रिक्त जागांकरिता अर्ज सुरु - BECIL | Sarkari Naukri 2026"
"https://www.searchsarkarinaukri.com/jobs/bel-bel-2026--1970","job-listing","145","BEL अंतर्गत ६४ पदांची भरती जाहीर २०२६ - BEL | Sarkari Naukri 2026"
"https://www.searchsarkarinaukri.com/jobs/bel-bel-2026--2039","job-listing","145","BEL अंतर्गत ६ पदांची भरती जाहीर २०२६ - BEL | Sarkari Naukri 2026"
"https://www.searchsarkarinaukri.com/jobs/bel-bel-2026--2188","job-listing","145","BEL अंतर्गत ११ पदांची भरती जाहीर २०२६ - BEL | Sarkari Naukri 2026"
"https://www.searchsarkarinaukri.com/jobs/bel-bel-2026--2310","job-listing","145","BEL अंतर्गत १५ पदांची भरती जाहीर २०२६ - BEL | Sarkari Naukri 2026"
"https://www.searchsarkarinaukri.com/jobs/bel-bel-2026--2402","job-listing","145","BEL अंतर्गत ३२ पदांची भरती जाहीर २०२६ - BEL | Sarkari Naukri 2026"
"https://www.searchsarkarinaukri.com/jobs/beml-ltd-beml-ltd-2026--4831","job-listing","136","BEML Ltd भरती २०२६ — १३४६ रिक्त जागांकरिता अर्ज सुरु - BEML Ltd | Sarkari Naukri 2026"
"https://www.searchsarkarinaukri.com/jobs/berar-finance-limited-berar-finance-limited-2026--3468","job-listing","149","Berar Finance Limited पदांकरिता अधिकृत भरती सूचना २०२६ - Berar Finance Limited | Sarkari Naukri 2026"
"https://www.searchsarkarinaukri.com/jobs/bharat-petroleum-bharat-petroleum-2026--3789","job-listing","148","Bharat Petroleum १५४ पदांकरिता अधिकृत भरती सूचना २०२६ - Bharat Petroleum | Sarkari Naukri 2026"
"https://www.searchsarkarinaukri.com/jobs/bhel-bhel-2026--4665","job-listing","138","३९६ पदांकरिता BHEL भरती अपडेट २०२६ - BHEL | Sarkari Naukri 2026"
"https://www.searchsarkarinaukri.com/jobs/bhel-bhel-2026--4790","job-listing","138","४०६ पदांकरिता BHEL भरती अपडेट २०२६ - BHEL | Sarkari Naukri 2026"
"https://www.searchsarkarinaukri.com/jobs/boi-boi-2026--2308","job-listing","141","१ पदांकरिता BOI भरती अपडेट २०२६ - BOI | Sarkari Naukri 2026"
"https://www.searchsarkarinaukri.com/jobs/boi-boi-2026--2493","job-listing","141","७९९ पदांकरिता BOI भरती अपडेट २०२६ - BOI | Sarkari Naukri 2026"
"https://www.searchsarkarinaukri.com/jobs/bprd-bprd-2026--2784","job-listing","148","BPRD भरती २०२६ — १०० रिक्त जागांकरिता अर्ज सुरु - BPRD | Sarkari Naukri 2026"
"https://www.searchsarkarinaukri.com/jobs/bro-bro-2026--2596","job-listing","142","BRO अंतर्गत ८९९ पदांची भरती जाहीर २०२६ - BRO | Sarkari Naukri 2026"
"https://www.searchsarkarinaukri.com/jobs/bsnl-bsnl-2026--2614","job-listing","141","११५ पदांकरिता BSNL भरती अपडेट २०२६ - BSNL | Sarkari Naukri 2026"
"https://www.searchsarkarinaukri.com/jobs/cantonment-board-kamptee-cantonment-board-kamptee-2026--4878","job-listing","139","Cantonment Board kamptee विविध पदांची नवीन रिक्त भरती जाहीर २०२६ - Cantonment Board kamptee | Sarkari Naukri 2026"
"https://www.searchsarkarinaukri.com/jobs/ccrh-ccrh-2026--2312","job-listing","141","४६ पदांकरिता CCRH भरती अपडेट २०२६ - CCRH | Sarkari Naukri 2026"
"https://www.searchsarkarinaukri.com/jobs/ccrh-ccrh-announces-recruitment-for-33-research-2026--1455","job-listing","147","CCRH Announces Recruitment for 33 Research Oriented Positions - CCRH | Sarkari Naukri 2026"
"https://www.searchsarkarinaukri.com/jobs/ccrum-ccrum-2026--1946","job-listing","141","१७९ पदांकरिता CCRUM भरती अपडेट २०२६ - CCRUM | Sarkari Naukri 2026"
"https://www.searchsarkarinaukri.com/jobs/cdsco-cdsco-2026--2742","job-listing","128","CDSCO २ पदांकरिता अधिकृत भरती सूचना २०२६ - CDSCO | Sarkari Naukri 2026"
"https://www.searchsarkarinaukri.com/jobs/cel-india-cel-india-2026--4422","job-listing","131","CEL India ८ पदांकरिता अधिकृत भरती सूचना २०२६ - CEL India | Sarkari Naukri 2026"
"https://www.searchsarkarinaukri.com/jobs/cfsl-cfsl-2026--4082","job-listing","142","९ पदांकरिता CFSL भरती अपडेट २०२६ - CFSL | Sarkari Naukri 2026"
"https://www.searchsarkarinaukri.com/jobs/chikhaldara-nagarparishad-chikhaldara-nagarparishad-2026--2358","job-listing","148","Chikhaldara Nagarparishad अंतर्गत ७ पदांची भरती जाहीर २०२६ - Chikhaldara Nagarparishad | Sarkari Naukri 2026"
"https://www.searchsarkarinaukri.com/jobs/cidco-cidco-2026--3409","job-listing","145","CIDCO भरती २०२६ — रिक्त पदांकरिता अर्ज सुरु - CIDCO | Sarkari Naukri 2026"
"https://www.searchsarkarinaukri.com/jobs/ciims-hospital-nagpur-ciims-hospital-nagpur-2026--4954","job-listing","149","CIIMS Hospital Nagpur पदांकरिता अधिकृत भरती सूचना २०२६ - CIIMS Hospital Nagpur | Sarkari Naukri 2026"
"https://www.searchsarkarinaukri.com/jobs/cipet-cipet-2026--2403","job-listing","148","CIPET भरती २०२६ — २ रिक्त जागांकरिता अर्ज सुरु - CIPET | Sarkari Naukri 2026"
"https://www.searchsarkarinaukri.com/jobs/coal-india-coal-india-2026--4526","job-listing","133","Coal India मध्ये १ रिक्त पदांची नवीन भरती २०२६ - Coal India | Sarkari Naukri 2026"
"https://www.searchsarkarinaukri.com/jobs/college-of-agriculture-muktainagar-college-of-agriculture-muktainagar-2026--3361","job-listing","141","८ पदांकरिता College of Agriculture Muktainagar भरती अपडेट २०२६ - College of Agriculture Muktainagar | Sarkari Naukri…"
"https://www.searchsarkarinaukri.com/jobs/cosmos-bank-cosmos-bank-2026--4725","job-listing","131","COSMOS Bank अंतर्गत विविध पदांची भरती जाहीर २०२६ - COSMOS Bank | Sarkari Naukri 2026"
"https://www.searchsarkarinaukri.com/jobs/cpcb-cpcb-2026--4885","job-listing","128","CPCB ५१ पदांकरिता अधिकृत भरती सूचना २०२६ - CPCB | Sarkari Naukri 2026"
"https://www.searchsarkarinaukri.com/jobs/cris-cris-2026--2038","job-listing","143","CRIS १ पदांकरिता अधिकृत भरती सूचना २०२६ - CRIS | Sarkari Naukri 2026"
"https://www.searchsarkarinaukri.com/jobs/csir-csir-2026--4730","job-listing","132","CSIR भरती २०२६ — ४३ रिक्त जागांकरिता अर्ज सुरु - CSIR | Sarkari Naukri 2026"
"https://www.searchsarkarinaukri.com/jobs/csir-icm-csir-icm-2026--1997","job-listing","143","CSIR-ICM ७ पदांची नवीन रिक्त भरती जाहीर २०२६ - CSIR-ICM | Sarkari Naukri 2026"
"https://www.searchsarkarinaukri.com/jobs/csl-csl-2026--4527","job-listing","138","१३९ पदांकरिता CSL भरती अपडेट २०२६ - CSL | Sarkari Naukri 2026"
"https://www.searchsarkarinaukri.com/jobs/csl-csl-2026--4775","job-listing","138","१९९ पदांकरिता CSL भरती अपडेट २०२६ - CSL | Sarkari Naukri 2026"
"https://www.searchsarkarinaukri.com/jobs/dahd-dahd-2026--4884","job-listing","132","DAHD भरती २०२६ — १ रिक्त जागांकरिता अर्ज सुरु - DAHD | Sarkari Naukri 2026"
"https://www.searchsarkarinaukri.com/jobs/dbskkv-dbskkv-2026--1963","job-listing","142","DBSKKV मध्ये रिक्त पदांची नवीन भरती २०२६ - DBSKKV | Sarkari Naukri 2026"
"https://www.searchsarkarinaukri.com/jobs/dbskkv-dbskkv-2026--2183","job-listing","146","DBSKKV मध्ये ६ रिक्त पदांची नवीन भरती २०२६ - DBSKKV | Sarkari Naukri 2026"
"https://www.searchsarkarinaukri.com/jobs/dbskkv-dbskkv-2026--2452","job-listing","146","DBSKKV मध्ये ७ रिक्त पदांची नवीन भरती २०२६ - DBSKKV | Sarkari Naukri 2026"
"https://www.searchsarkarinaukri.com/jobs/dbskkv-dbskkv-2026--2587","job-listing","146","DBSKKV मध्ये ८ रिक्त पदांची नवीन भरती २०२६ - DBSKKV | Sarkari Naukri 2026"
"https://www.searchsarkarinaukri.com/jobs/dbskkv-dbskkv-2026--2788","job-listing","146","DBSKKV मध्ये २ रिक्त पदांची नवीन भरती २०२६ - DBSKKV | Sarkari Naukri 2026"
"https://www.searchsarkarinaukri.com/jobs/dbskkv-dbskkv-2026--2924","job-listing","146","DBSKKV मध्ये २ रिक्त पदांची नवीन भरती २०२६ - DBSKKV | Sarkari Naukri 2026"
"https://www.searchsarkarinaukri.com/jobs/dbskkv-dbskkv-2026--3517","job-listing","146","DBSKKV मध्ये २ रिक्त पदांची नवीन भरती २०२६ - DBSKKV | Sarkari Naukri 2026"
"https://www.searchsarkarinaukri.com/jobs/dbskkv-dbskkv-2026--3711","job-listing","146","DBSKKV मध्ये १ रिक्त पदांची नवीन भरती २०२६ - DBSKKV | Sarkari Naukri 2026"
"https://www.searchsarkarinaukri.com/jobs/dbskkv-dbskkv-2026--3956","job-listing","146","DBSKKV मध्ये १ रिक्त पदांची नवीन भरती २०२६ - DBSKKV | Sarkari Naukri 2026"
"https://www.searchsarkarinaukri.com/jobs/dbskkv-dbskkv-2026--4202","job-listing","146","DBSKKV मध्ये २ रिक्त पदांची नवीन भरती २०२६ - DBSKKV | Sarkari Naukri 2026"
"https://www.searchsarkarinaukri.com/jobs/delhi-university-delhi-university-2026--2156","job-listing","148","Delhi University मध्ये २० रिक्त पदांची नवीन भरती २०२६ - Delhi University | Sarkari Naukri 2026"
"https://www.searchsarkarinaukri.com/jobs/depwd-depwd-2026--2167","job-listing","141","DEPWD अंतर्गत ६ पदांची भरती जाहीर २०२६ - DEPWD | Sarkari Naukri 2026"
"https://www.searchsarkarinaukri.com/jobs/dfccil-dfccil-2026--4268","job-listing","125","DFCCIL अंतर्गत ४ पदांची भरती जाहीर २०२६ - DFCCIL | Sarkari Naukri 2026"
"https://www.searchsarkarinaukri.com/jobs/dgft-dgft-2026--2030","job-listing","141","२ पदांकरिता DGFT भरती अपडेट २०२६ - DGFT | Sarkari Naukri 2026"
"https://www.searchsarkarinaukri.com/jobs/dgft-dgft-2026--4148","job-listing","141","१६ पदांकरिता DGFT भरती अपडेट २०२६ - DGFT | Sarkari Naukri 2026"
"https://www.searchsarkarinaukri.com/jobs/dhe-goa-dhe-goa-2026--2252","job-listing","146","DHE Goa २ पदांकरिता अधिकृत भरती सूचना २०२६ - DHE Goa | Sarkari Naukri 2026"
"https://www.searchsarkarinaukri.com/jobs/dhs-goa-dhs-goa-2026--2837","job-listing","145","२० पदांकरिता DHS Goa भरती अपडेट २०२६ - DHS Goa | Sarkari Naukri 2026"
"https://www.searchsarkarinaukri.com/jobs/dhs-goa-dhs-goa-2026--4381","job-listing","147","DHS Goa १४ पदांकरिता अधिकृत भरती सूचना २०२६ - DHS Goa | Sarkari Naukri 2026"
"https://www.searchsarkarinaukri.com/jobs/dmrc-dmrc-2026--1891","job-listing","145","DMRC ३ पदांची नवीन रिक्त भरती जाहीर २०२६ - DMRC | Sarkari Naukri 2026"
"https://www.searchsarkarinaukri.com/jobs/dmrc-dmrc-2026--2394","job-listing","145","DMRC १ पदांची नवीन रिक्त भरती जाहीर २०२६ - DMRC | Sarkari Naukri 2026"
"https://www.searchsarkarinaukri.com/jobs/dnhdd-kgbv-dnhdd-kgbv-2026--3895","job-listing","149","DNHDD KGBV ५ पदांकरिता अधिकृत भरती सूचना २०२६ - DNHDD KGBV | Sarkari Naukri 2026"
"https://www.searchsarkarinaukri.com/jobs/dogr-pune-dogr-pune-2026--4271","job-listing","146","DOGR Pune ८ पदांकरिता अधिकृत भरती सूचना २०२६ - DOGR Pune | Sarkari Naukri 2026"
"https://www.searchsarkarinaukri.com/jobs/dot-dot-2026--2664","job-listing","144","DOT भरती २०२६ — रिक्त पदांकरिता अर्ज सुरु - DOT | Sarkari Naukri 2026"
"https://www.searchsarkarinaukri.com/jobs/dot-dot-2026--3912","job-listing","148","DOT भरती २०२६ — ७ रिक्त जागांकरिता अर्ज सुरु - DOT | Sarkari Naukri 2026"
"https://www.searchsarkarinaukri.com/jobs/dpcc-delhi-dpcc-delhi-2026--3580","job-listing","132","DPCC Delhi ५४ पदांची नवीन रिक्त भरती जाहीर २०२६ - DPCC Delhi | Sarkari Naukri 2026"
"https://www.searchsarkarinaukri.com/jobs/drdo-arde-drdo-arde-2026--3581","job-listing","130","२४ पदांकरिता DRDO ARDE भरती अपडेट २०२६ - DRDO ARDE | Sarkari Naukri 2026"
"https://www.searchsarkarinaukri.com/jobs/drdo-cvrde-drdo-cvrde-2026--2404","job-listing","132","DRDO CVRDE १६ पदांकरिता अधिकृत भरती सूचना २०२६ - DRDO CVRDE | Sarkari Naukri 2026"
"https://www.searchsarkarinaukri.com/jobs/drdo-deocsid-drdo-deocsid-2026--2510","job-listing","136","DRDO DEOCSID २० पदांची नवीन रिक्त भरती जाहीर २०२६ - DRDO DEOCSID | Sarkari Naukri 2026"
"https://www.searchsarkarinaukri.com/jobs/drdo-drdl-drdo-drdl-2026--4324","job-listing","146","१६५ पदांकरिता DRDO DRDL भरती अपडेट २०२६ - DRDO DRDL | Sarkari Naukri 2026"
"https://www.searchsarkarinaukri.com/jobs/drt-drt-2026--1727","job-listing","144","DRT ७० पदांकरिता अधिकृत भरती सूचना २०२६ - DRT | Sarkari Naukri 2026"
"https://www.searchsarkarinaukri.com/jobs/dtl-dtl-2026--3650","job-listing","145","DTL विविध पदांची नवीन रिक्त भरती जाहीर २०२६ - DTL | Sarkari Naukri 2026"
"https://www.searchsarkarinaukri.com/jobs/eastern-railway-eastern-railway-2026--3520","job-listing","137","Eastern Railway भरती २०२६ — १५ रिक्त जागांकरिता अर्ज सुरु - Eastern Railway | Sarkari Naukri 2026"
"https://www.searchsarkarinaukri.com/jobs/echs-goa-echs-goa-2026--5014","job-listing","137","ECHS Goa भरती २०२६ — ५ रिक्त जागांकरिता अर्ज सुरु - ECHS Goa | Sarkari Naukri 2026"
"https://www.searchsarkarinaukri.com/jobs/ecil-ecil-2026--1838","job-listing","144","ECIL २१ पदांकरिता अधिकृत भरती सूचना २०२६ - ECIL | Sarkari Naukri 2026"
"https://www.searchsarkarinaukri.com/jobs/edcil-edcil-2026--2138","job-listing","145","EdCIL अंतर्गत १६ पदांची भरती जाहीर २०२६ - EdCIL | Sarkari Naukri 2026"
"https://www.searchsarkarinaukri.com/jobs/edcil-edcil-2026--3585","job-listing","145","EdCIL अंतर्गत १ पदांची भरती जाहीर २०२६ - EdCIL | Sarkari Naukri 2026"
"https://www.searchsarkarinaukri.com/jobs/edcil-edcil-2026--3848","job-listing","145","EdCIL अंतर्गत ११ पदांची भरती जाहीर २०२६ - EdCIL | Sarkari Naukri 2026"
"https://www.searchsarkarinaukri.com/jobs/eil-eil-2026--2033","job-listing","146","EIL मध्ये ४१ रिक्त पदांची नवीन भरती २०२६ - EIL | Sarkari Naukri 2026"
"https://www.searchsarkarinaukri.com/jobs/eil-eil-2026--4434","job-listing","146","EIL मध्ये २२ रिक्त पदांची नवीन भरती २०२६ - EIL | Sarkari Naukri 2026"
"https://www.searchsarkarinaukri.com/jobs/esic-esic-2026--1720","job-listing","141","ESIC अंतर्गत ११८ पदांची भरती जाहीर २०२६ - ESIC | Sarkari Naukri 2026"
"https://www.searchsarkarinaukri.com/jobs/esic-goa-esic-goa-2026--1840","job-listing","146","ESIC Goa अंतर्गत १ पदांची भरती जाहीर २०२६ - ESIC Goa | Sarkari Naukri 2026"
"https://www.searchsarkarinaukri.com/jobs/esic-mumbai-esic-mumbai-2026--4424","job-listing","145","ESIC Mumbai अंतर्गत ३६६ पदांची भरती जाहीर २०२६ - ESIC Mumbai | Sarkari Naukri 2026"
"https://www.searchsarkarinaukri.com/jobs/esic-pune-esic-pune-2026--4946","job-listing","145","ESIC Pune अंतर्गत २९ पदांची भरती जाहीर २०२६ - ESIC Pune | Sarkari Naukri 2026"
"https://www.searchsarkarinaukri.com/jobs/fddi-fddi-2026--2341","job-listing","147","FDDI ३ पदांची नवीन रिक्त भरती जाहीर २०२६ - FDDI | Sarkari Naukri 2026"
"https://www.searchsarkarinaukri.com/jobs/federal-bank-federal-bank-2026--5001","job-listing","145","Federal Bank पदांकरिता अधिकृत भरती सूचना २०२६ - Federal Bank | Sarkari Naukri 2026"
"https://www.searchsarkarinaukri.com/jobs/fssai-fssai-2026--3588","job-listing","141","FSSAI अंतर्गत १ पदांची भरती जाहीर २०२६ - FSSAI | Sarkari Naukri 2026"
"https://www.searchsarkarinaukri.com/jobs/gce-karad-gce-karad-2026--2380","job-listing","148","GCE Karad मध्ये रिक्त पदांची नवीन भरती २०२६ - GCE Karad | Sarkari Naukri 2026"
"https://www.searchsarkarinaukri.com/jobs/ghb-ghb-2026--4203","job-listing","138","१ पदांकरिता GHB भरती अपडेट २०२६ - GHB | Sarkari Naukri 2026"
"https://www.searchsarkarinaukri.com/jobs/ghb-ghb-2026--4384","job-listing","138","८ पदांकरिता GHB भरती अपडेट २०२६ - GHB | Sarkari Naukri 2026"
"https://www.searchsarkarinaukri.com/jobs/gmc-ambernath-gmc-ambernath-2026--4574","job-listing","131","GMC Ambernath २३ पदांकरिता अधिकृत भरती सूचना २०२६ - GMC Ambernath | Sarkari Naukri 2026"
"https://www.searchsarkarinaukri.com/jobs/gmc-goa-gmc-goa-2026--1826","job-listing","147","९० पदांकरिता GMC Goa भरती अपडेट २०२६ - GMC Goa | Sarkari Naukri 2026"
"https://www.searchsarkarinaukri.com/jobs/gmc-goa-gmc-goa-2026--3216","job-listing","147","५९ पदांकरिता GMC Goa भरती अपडेट २०२६ - GMC Goa | Sarkari Naukri 2026"
"https://www.searchsarkarinaukri.com/jobs/gmc-latur-gmc-latur-2026--4778","job-listing","146","GMC Latur अंतर्गत ७९ पदांची भरती जाहीर २०२६ - GMC Latur | Sarkari Naukri 2026"
"https://www.searchsarkarinaukri.com/jobs/gmc-nanded-gmc-nanded-2026--4661","job-listing","147","GMC Nanded १ पदांकरिता अधिकृत भरती सूचना २०२६ - GMC Nanded | Sarkari Naukri 2026"
"https://www.searchsarkarinaukri.com/jobs/goa-sacs-goa-sacs-2026--2799","job-listing","148","Goa SACS मध्ये ५ रिक्त पदांची नवीन भरती २०२६ - Goa SACS | Sarkari Naukri 2026"
"https://www.searchsarkarinaukri.com/jobs/goa-university-goa-university-2026--1812","job-listing","148","Goa University ४८ पदांकरिता अधिकृत भरती सूचना २०२६ - Goa University | Sarkari Naukri 2026"
"https://www.searchsarkarinaukri.com/jobs/goa-university-goa-university-2026--1998","job-listing","148","Goa University ४७ पदांकरिता अधिकृत भरती सूचना २०२६ - Goa University | Sarkari Naukri 2026"
"https://www.searchsarkarinaukri.com/jobs/goa-university-goa-university-2026--2621","job-listing","148","Goa University १३ पदांकरिता अधिकृत भरती सूचना २०२६ - Goa University | Sarkari Naukri 2026"
"https://www.searchsarkarinaukri.com/jobs/goa-university-goa-university-2026--2881","job-listing","148","Goa University १४ पदांकरिता अधिकृत भरती सूचना २०२६ - Goa University | Sarkari Naukri 2026"
"https://www.searchsarkarinaukri.com/jobs/goa-university-goa-university-2026--4004","job-listing","148","Goa University १ पदांकरिता अधिकृत भरती सूचना २०२६ - Goa University | Sarkari Naukri 2026"
"https://www.searchsarkarinaukri.com/jobs/government-polytechnic-miraj-government-polytechnic-miraj-2026--2935","job-listing","146","Government Polytechnic Miraj भरती अपडेट २०२६ - Government Polytechnic Miraj | Sarkari Naukri 2026"
"https://www.searchsarkarinaukri.com/jobs/gp-arvi-gp-arvi-2026--2651","job-listing","147","GP Arvi विविध पदांची नवीन रिक्त भरती जाहीर २०२६ - GP Arvi | Sarkari Naukri 2026"
"https://www.searchsarkarinaukri.com/jobs/gpsc-goa-gpsc-goa-2026--4586","job-listing","135","GPSC Goa भरती २०२६ — ३८ रिक्त जागांकरिता अर्ज सुरु - GPSC Goa | Sarkari Naukri 2026"
"https://www.searchsarkarinaukri.com/jobs/gpsc-gpsc-2026--4733","job-listing","142","गोवा लोकसेवा अयोगाच्या (GPSC) ३५ विविध पदांची अर्ज माहिती - गोवा लोकसेवा अयोगाच्या (GPSC) | Sarkari Naukri 2026"
"https://www.searchsarkarinaukri.com/jobs/grwp-tasgaon-grwp-tasgaon-2026--2442","job-listing","141","GRWP Tasgaon भरती अपडेट २०२६ - GRWP Tasgaon | Sarkari Naukri 2026"
"https://www.searchsarkarinaukri.com/jobs/hal-nashik-hal-nashik-2026--4672","job-listing","147","HAL Nashik ६२७ पदांकरिता अधिकृत भरती सूचना २०२६ - HAL Nashik | Sarkari Naukri 2026"
"https://www.searchsarkarinaukri.com/jobs/hci-hci-2026--2459","job-listing","147","HCI भरती २०२६ — १ रिक्त जागांकरिता अर्ज सुरु - HCI | Sarkari Naukri 2026"
"https://www.searchsarkarinaukri.com/jobs/hemrl-pune-hemrl-pune-2026--4378","job-listing","145","५० पदांकरिता HEMRL Pune भरती अपडेट २०२६ - HEMRL Pune | Sarkari Naukri 2026"
"https://www.searchsarkarinaukri.com/jobs/high-explosives-factory-khadki-tenure-based-cpw-recruitment-2026--4825","job-listing","145","HEF Khadki CPW Recruitment 2026 – Apply Offline"
"https://www.searchsarkarinaukri.com/jobs/hll-lifecare-ltd-hll-lifecare-ltd-2026--4888","job-listing","141","HLL Lifecare Ltd भरती २०२६ — ६ रिक्त जागांकरिता अर्ज सुरु - HLL Lifecare Ltd | Sarkari Naukri 2026"
"https://www.searchsarkarinaukri.com/jobs/iahe-iahe-2026--2516","job-listing","140","IAHE पदांकरिता अधिकृत भरती सूचना २०२६ - IAHE | Sarkari Naukri 2026"
"https://www.searchsarkarinaukri.com/jobs/ibps-crp-clerk-ibps-crp-clerk-2026--4952","job-listing","141","IBPS CRP Clerk मध्ये ११४०३ रिक्त पदांची नवीन भरती २०२६ - IBPS CRP Clerk | Sarkari Naukri 2026"
"https://www.searchsarkarinaukri.com/jobs/icar-nbsslup-icar-nbsslup-2026--2235","job-listing","143","ICAR-NBSSLUP १५ पदांची नवीन रिक्त भरती जाहीर २०२६ - ICAR-NBSSLUP | Sarkari Naukri 2026"
"https://www.searchsarkarinaukri.com/jobs/icar-nbsslup-icar-nbsslup-2026--3965","job-listing","143","ICAR-NBSSLUP ७ पदांची नवीन रिक्त भरती जाहीर २०२६ - ICAR-NBSSLUP | Sarkari Naukri 2026"
"https://www.searchsarkarinaukri.com/jobs/icar-nbsslup-icar-nbsslup-2026--4209","job-listing","143","ICAR-NBSSLUP ८ पदांची नवीन रिक्त भरती जाहीर २०२६ - ICAR-NBSSLUP | Sarkari Naukri 2026"
"https://www.searchsarkarinaukri.com/jobs/icarccri-nagpur-icarccri-nagpur-2026--4839","job-listing","147","ICAR–CCRI Nagpur ५ पदांकरिता अधिकृत भरती सूचना २०२६ - ICAR–CCRI Nagpur | Sarkari Naukri 2026"
"https://www.searchsarkarinaukri.com/jobs/icsi-icsi-2026--4830","job-listing","124","२ पदांकरिता ICSI भरती अपडेट २०२६ - ICSI | Sarkari Naukri 2026"
"https://www.searchsarkarinaukri.com/jobs/idex-idex-2026--4009","job-listing","142","६ पदांकरिता IDEX भरती अपडेट २०२६ - IDEX | Sarkari Naukri 2026"
"https://www.searchsarkarinaukri.com/jobs/idsp-idsp-2026--1949","job-listing","143","IDSP मध्ये १५ रिक्त पदांची नवीन भरती २०२६ - IDSP | Sarkari Naukri 2026"
"https://www.searchsarkarinaukri.com/jobs/igcar-igcar-2026--3219","job-listing","146","IGCAR २०० पदांची नवीन रिक्त भरती जाहीर २०२६ - IGCAR | Sarkari Naukri 2026"
"https://www.searchsarkarinaukri.com/jobs/ihmcl-ihmcl-2026--2709","job-listing","146","IHMCL ३० पदांची नवीन रिक्त भरती जाहीर २०२६ - IHMCL | Sarkari Naukri 2026"
"https://www.searchsarkarinaukri.com/jobs/ihmcl-ihmcl-2026--3583","job-listing","146","IHMCL ३१ पदांची नवीन रिक्त भरती जाहीर २०२६ - IHMCL | Sarkari Naukri 2026"
"https://www.searchsarkarinaukri.com/jobs/iica-iica-2026--3649","job-listing","123","IICA पदांकरिता अधिकृत भरती सूचना २०२६ - IICA | Sarkari Naukri 2026"
"https://www.searchsarkarinaukri.com/jobs/iiit-nagpur-iiit-nagpur-2026--4481","job-listing","144","४ पदांकरिता IIIT Nagpur भरती अपडेट २०२६ - IIIT Nagpur | Sarkari Naukri 2026"
"https://www.searchsarkarinaukri.com/jobs/iit-goa-iit-goa-2026--2065","job-listing","148","IIT Goa अंतर्गत १४ पदांची भरती जाहीर २०२६ - IIT Goa | Sarkari Naukri 2026"
"https://www.searchsarkarinaukri.com/jobs/iit-goa-iit-goa-2026--2838","job-listing","148","IIT Goa अंतर्गत १ पदांची भरती जाहीर २०२६ - IIT Goa | Sarkari Naukri 2026"
"https://www.searchsarkarinaukri.com/jobs/iit-goa-iit-goa-2026--2984","job-listing","148","IIT Goa अंतर्गत २ पदांची भरती जाहीर २०२६ - IIT Goa | Sarkari Naukri 2026"
"https://www.searchsarkarinaukri.com/jobs/iit-goa-iit-goa-2026--3298","job-listing","148","IIT Goa अंतर्गत २ पदांची भरती जाहीर २०२६ - IIT Goa | Sarkari Naukri 2026"
"https://www.searchsarkarinaukri.com/jobs/iit-goa-iit-goa-2026--4006","job-listing","148","IIT Goa अंतर्गत १ पदांची भरती जाहीर २०२६ - IIT Goa | Sarkari Naukri 2026"
"https://www.searchsarkarinaukri.com/jobs/iit-kharagpur-iit-kharagpur-2026--1977","job-listing","149","IIT Kharagpur मध्ये १ रिक्त पदांची नवीन भरती २०२६ - IIT Kharagpur | Sarkari Naukri 2026"
"https://www.searchsarkarinaukri.com/jobs/iit-kharagpur-iit-kharagpur-2026--2472","job-listing","149","IIT Kharagpur मध्ये २ रिक्त पदांची नवीन भरती २०२६ - IIT Kharagpur | Sarkari Naukri 2026"
"https://www.searchsarkarinaukri.com/jobs/income-tax-department-income-tax-department-2026--4011","job-listing","137","Income Tax Department मध्ये ७ रिक्त पदांची नवीन भरती २०२६ - Income Tax Department | Sarkari Naukri 2026"
"https://www.searchsarkarinaukri.com/jobs/indian-air-force-indian-air-force-2026--2131","job-listing","146","Indian Air Force भरती अपडेट २०२६ - Indian Air Force | Sarkari Naukri 2026"
"https://www.searchsarkarinaukri.com/jobs/indian-army-indian-army-2026--2649","job-listing","147","Indian Army अंतर्गत विविध पदांची भरती जाहीर २०२६ - Indian Army | Sarkari Naukri 2026"
"https://www.searchsarkarinaukri.com/jobs/indian-council-of-medical-research-indian-council-of-medical-research-2026--3955","job-listing","148","Indian Council of Medical Research ५ पदांकरिता अधिकृत भरती सूचना २०२६ - Indian Council of Medical Research | Sarkari…"
"https://www.searchsarkarinaukri.com/jobs/indian-maritime-university-indian-maritime-university-2026--2240","job-listing","137","Indian Maritime University ३ पदांकरिता अधिकृत भरती सूचना २०२६ - Indian Maritime University | Sarkari Naukri 2026"
"https://www.searchsarkarinaukri.com/jobs/indian-navy-indian-navy-2026--2130","job-listing","145","Indian Navy पदांकरिता अधिकृत भरती सूचना २०२६ - Indian Navy | Sarkari Naukri 2026"
"https://www.searchsarkarinaukri.com/jobs/indian-navy-indian-navy-2026--2719","job-listing","147","Indian Navy ३४० पदांकरिता अधिकृत भरती सूचना २०२६ - Indian Navy | Sarkari Naukri 2026"
"https://www.searchsarkarinaukri.com/jobs/indian-postal-department-indian-postal-department-2026--4007","job-listing","137","Indian Postal Department ११ पदांकरिता अधिकृत भरती सूचना २०२६ - Indian Postal Department | Sarkari Naukri 2026"
"https://www.searchsarkarinaukri.com/jobs/insurance-institute-of-india-insurance-institute-of-india-2026--4216","job-listing","140","२ पदांकरिता Insurance Institute of India भरती अपडेट २०२६ - Insurance Institute of India | Sarkari Naukri 2026"
"https://www.searchsarkarinaukri.com/jobs/integral-coach-factory-integral-coach-factory-2026--4375","job-listing","138","Integral Coach Factory १०१० पदांकरिता अधिकृत भरती सूचना २०२६ - Integral Coach Factory | Sarkari Naukri 2026"
"https://www.searchsarkarinaukri.com/jobs/iocl-iocl-2026--4669","job-listing","126","IOCL अंतर्गत ४७० पदांची भरती जाहीर २०२६ - IOCL | Sarkari Naukri 2026"
"https://www.searchsarkarinaukri.com/jobs/irctc-irctc-2026--4536","job-listing","131","IRCTC भरती २०२६ — ९ रिक्त जागांकरिता अर्ज सुरु - IRCTC | Sarkari Naukri 2026"
"https://www.searchsarkarinaukri.com/jobs/isp-nashik-isp-nashik-2026--5011","job-listing","147","ISP Nashik अंतर्गत ५ पदांची भरती जाहीर २०२६ - ISP Nashik | Sarkari Naukri 2026"
"https://www.searchsarkarinaukri.com/jobs/isro-isro-2026--3347","job-listing","142","२४२ पदांकरिता ISRO भरती अपडेट २०२६ - ISRO | Sarkari Naukri 2026"
"https://www.searchsarkarinaukri.com/jobs/isro-isro-2026--3722","job-listing","142","३३४ पदांकरिता ISRO भरती अपडेट २०२६ - ISRO | Sarkari Naukri 2026"
"https://www.searchsarkarinaukri.com/jobs/isro-istrac-isro-istrac-2026--2474","job-listing","145","ISRO-ISTRAC अंतर्गत २६ पदांची भरती जाहीर २०२६ - ISRO-ISTRAC | Sarkari Naukri 2026"
"https://www.searchsarkarinaukri.com/jobs/isro-nrsc-isro-nrsc-2026--3962","job-listing","148","ISRO-NRSC भरती २०२६ — ४० रिक्त जागांकरिता अर्ज सुरु - ISRO-NRSC | Sarkari Naukri 2026"
"https://www.searchsarkarinaukri.com/jobs/isro-sac-isro-sac-2026--1848","job-listing","141","ISRO SAC भरती अपडेट २०२६ - ISRO SAC | Sarkari Naukri 2026"
"https://www.searchsarkarinaukri.com/jobs/isro-ursc-isro-ursc-2026--3772","job-listing","131","४१० पदांकरिता ISRO URSC भरती अपडेट २०२६ - ISRO URSC | Sarkari Naukri 2026"
"https://www.searchsarkarinaukri.com/jobs/itbp-itbp-2026--4081","job-listing","125","२८२ पदांकरिता ITBP भरती अपडेट २०२६ - ITBP | Sarkari Naukri 2026"
"https://www.searchsarkarinaukri.com/jobs/jnv-goa-jnv-goa-2026--1999","job-listing","149","JNV Goa अंतर्गत ३ पदांची भरती जाहीर २०२६ - JNV Goa | Sarkari Naukri 2026"
"https://www.searchsarkarinaukri.com/jobs/jnv-hingoli-jnv-hingoli-2026--2632","job-listing","149","JNV Hingoli ६ पदांची नवीन रिक्त भरती जाहीर २०२६ - JNV Hingoli | Sarkari Naukri 2026"
"https://www.searchsarkarinaukri.com/jobs/job-2026--1518","job-listing","143","भारत इलेक्ट्रॉनिक्स ५३ विविध पदांची अर्ज माहिती - भारत इलेक्ट्रॉनिक्स | Sarkari Naukri 2026"
"https://www.searchsarkarinaukri.com/jobs/job-2026--1578","job-listing","143","गोवा वैद्यकीय महाविद्यालया ३९ विविध पदांची अर्ज माहिती - गोवा वैद्यकीय महाविद्यालया | Sarkari Naukri 2026"
"https://www.searchsarkarinaukri.com/jobs/job-2026--2000","job-listing","141","टाटा मूलभूत संशोधन संस्थे ३५ विविध पदांची अर्ज माहिती - टाटा मूलभूत संशोधन संस्थे | Sarkari Naukri 2026"
"https://www.searchsarkarinaukri.com/jobs/job-2026--2607","job-listing","147","६७१५ विविध पदांसाठी आयबीपीएस भरती अपडेट - आयबीपीएस | Sarkari Naukri 2026"
"https://www.searchsarkarinaukri.com/jobs/job-2026--2850","job-listing","138","भारतीय विमानतळ प्राधिकरण ९५ विविध पदांची अधिकृत भरती माहिती - भारतीय विमानतळ प्राधिकरण | Sarkari Naukri 2026"
"https://www.searchsarkarinaukri.com/jobs/job-2026--3665","job-listing","126","केंद्रीय लोकसेवा अयोगामार्फ: १३५८ विविध पदांसाठी भरती सूचना २०२६ - केंद्रीय लोकसेवा अयोगामार्फ | Sarkari Naukri 2026"
"https://www.searchsarkarinaukri.com/jobs/job-2026--3915","job-listing","149","एनएलसी इंडिया मध्ये १२३५ अप्रेंटिस रिक्त पदांची संधी - एनएलसी इंडिया | Sarkari Naukri 2026"
"https://www.searchsarkarinaukri.com/jobs/job-2026--4021","job-listing","120","२०१ विविध पदांसाठी कोकण रेल्वे भरती अपडेट - कोकण रेल्वे | Sarkari Naukri 2026"
"https://www.searchsarkarinaukri.com/jobs/job-2026--4435","job-listing","138","इंटिग्रल कोच फॅक्टरी: १०१० विविध पदांसाठी भरती सूचना २०२६ - इंटिग्रल कोच फॅक्टरी | Sarkari Naukri 2026"
"https://www.searchsarkarinaukri.com/jobs/job-2026--4539","job-listing","142","नॅशनल थर्मल पॉवर कॉर्पोरेशन मध्ये १३५ उपव्यवस्थापक रिक्त पदांची संधी - नॅशनल थर्मल पॉवर कॉर्पोरेशन | Sarkari Naukri 2026"
"https://www.searchsarkarinaukri.com/jobs/job-2026--4617","job-listing","144","राष्ट्रीय एरोस्पेस प्रयोगशाळे ६ मल्टी टास्किंग स्टाफ पदांची अधिकृत भरती माहिती - राष्ट्रीय एरोस्पेस प्रयोगशाळे |…"
"https://www.searchsarkarinaukri.com/jobs/job-2026--4791","job-listing","123","मालेगाव महानगरपालिके ६३ विविध पदांची अर्ज माहिती - मालेगाव महानगरपालिके | Sarkari Naukri 2026"
"https://www.searchsarkarinaukri.com/jobs/job-2026--4792","job-listing","139","बँक ऑफ बडोदा २४८२ अधिकारी पदांसाठी पात्रता व अर्ज तपशील - बँक ऑफ बडोदा | Sarkari Naukri 2026"
"https://www.searchsarkarinaukri.com/jobs/job-2026--4793","job-listing","143","नैनिताल बँक लिमिटेड मध्ये ४१ विविध रिक्त पदांची संधी - नैनिताल बँक लिमिटेड | Sarkari Naukri 2026"
"https://www.searchsarkarinaukri.com/jobs/job-2026--4890","job-listing","143","एनटीपीसी ग्रीन एनर्जी मध्ये १४७ विविध रिक्त पदांची संधी - एनटीपीसी ग्रीन एनर्जी | Sarkari Naukri 2026"
"https://www.searchsarkarinaukri.com/jobs/job-2026--4892","job-listing","138","लोकसेवा आयोगामार्फत केंद्रीय: ८० विविध पदांसाठी भरती सूचना २०२६ - लोकसेवा आयोगामार्फत केंद्रीय | Sarkari Naukri 2026"
"https://www.searchsarkarinaukri.com/jobs/job-2026--5015","job-listing","143","राष्ट्रीय उच्च-गती रेल्वे कॉर्पोरेशनमध्ये: १२ सल्लागार पदांसाठी भरती सूचना २०२६ - राष्ट्रीय उच्च-गती रेल्वे…"
"https://www.searchsarkarinaukri.com/jobs/jusb-bank-jusb-bank-2026--2246","job-listing","146","JUSB Bank अंतर्गत विविध पदांची भरती जाहीर २०२६ - JUSB Bank | Sarkari Naukri 2026"
"https://www.searchsarkarinaukri.com/jobs/kendriya-vidyalaya-pune-kendriya-vidyalaya-pune-2026--5002","job-listing","148","Kendriya Vidyalaya Pune पदांकरिता अधिकृत भरती सूचना २०२६ - Kendriya Vidyalaya Pune | Sarkari Naukri 2026"
"https://www.searchsarkarinaukri.com/jobs/kvs-ahilyanagar-kvs-ahilyanagar-2026--2795","job-listing","149","KVS Ahilyanagar मध्ये ३ रिक्त पदांची नवीन भरती २०२६ - KVS Ahilyanagar | Sarkari Naukri 2026"
"https://www.searchsarkarinaukri.com/jobs/kvs-ahilyanagar-kvs-ahilyanagar-2026--3250","job-listing","147","KVS Ahilyanagar मध्ये रिक्त पदांची नवीन भरती २०२६ - KVS Ahilyanagar | Sarkari Naukri 2026"
"https://www.searchsarkarinaukri.com/jobs/kvs-ahilyanagar-kvs-ahilyanagar-2026--3352","job-listing","149","KVS Ahilyanagar मध्ये ३ रिक्त पदांची नवीन भरती २०२६ - KVS Ahilyanagar | Sarkari Naukri 2026"
"https://www.searchsarkarinaukri.com/jobs/kvs-wardha-kvs-wardha-2026--4828","job-listing","145","KVS Wardha मध्ये रिक्त पदांची नवीन भरती २०२६ - KVS Wardha | Sarkari Naukri 2026"
"https://www.searchsarkarinaukri.com/jobs/lbsnaa-mussoorie-lbsnaa-mussoorie-announces-recruitment-for-teaching-2026--1457","job-listing","140","LBSNAA Mussoorie Announces Recruitment for Teaching Associate - LBSNAA Mussoorie | Sarkari Naukri 2026"
"https://www.searchsarkarinaukri.com/jobs/legislative-department-legislative-department-2026--2514","job-listing","149","Legislative Department ४ पदांची नवीन रिक्त भरती जाहीर २०२६ - Legislative Department | Sarkari Naukri 2026"
"https://www.searchsarkarinaukri.com/jobs/lpsc-lpsc-2026--4660","job-listing","131","LPSC मध्ये १९ रिक्त पदांची नवीन भरती २०२६ - LPSC | Sarkari Naukri 2026"
"https://www.searchsarkarinaukri.com/jobs/machine-tool-prototype-factory-machine-tool-prototype-factory-2026--4953","job-listing","143","Machine Tool Prototype Factory १६२ पदांची नवीन रिक्त भरती जाहीर २०२६ - Machine Tool Prototype Factory | Sarkari Naukri…"
"https://www.searchsarkarinaukri.com/jobs/maeer-mit-maeer-mit-2026--2470","job-listing","147","MAEER-MIT भरती २०२६ — ४९ रिक्त जागांकरिता अर्ज सुरु - MAEER-MIT | Sarkari Naukri 2026"
"https://www.searchsarkarinaukri.com/jobs/maha-tourism-maha-tourism-2026--1888","job-listing","149","Maha Tourism भरती २०२६ — रिक्त पदांकरिता अर्ज सुरु - Maha Tourism | Sarkari Naukri 2026"
"https://www.searchsarkarinaukri.com/jobs/maha-waqf-maha-waqf-2026--1901","job-listing","149","Maha Waqf ६ पदांकरिता अधिकृत भरती सूचना २०२६ - Maha Waqf | Sarkari Naukri 2026"
"https://www.searchsarkarinaukri.com/jobs/maha-waqf-maha-waqf-2026--1962","job-listing","148","Maha Waqf ६ पदांकरिता अधिकृत भरती सूचना २०२६ - Maha Waqf | Sarkari Naukri 2026"
"https://www.searchsarkarinaukri.com/jobs/maha-waqf-maha-waqf-2026--2876","job-listing","148","Maha Waqf १ पदांकरिता अधिकृत भरती सूचना २०२६ - Maha Waqf | Sarkari Naukri 2026"
"https://www.searchsarkarinaukri.com/jobs/mahagenco-mahagenco-2026--3130","job-listing","142","MahaGenco अंतर्गत ४ पदांची भरती जाहीर २०२६ - MahaGenco | Sarkari Naukri 2026"
"https://www.searchsarkarinaukri.com/jobs/mahagenco-mahagenco-2026--3779","job-listing","142","MahaGenco अंतर्गत ११ पदांची भरती जाहीर २०२६ - MahaGenco | Sarkari Naukri 2026"
"https://www.searchsarkarinaukri.com/jobs/mahanirmiti-bhusawal-mahanirmiti-bhusawal-2026--4777","job-listing","145","Mahanirmiti Bhusawal अंतर्गत विविध पदांची भरती जाहीर २०२६ - Mahanirmiti Bhusawal | Sarkari Naukri 2026"
"https://www.searchsarkarinaukri.com/jobs/maharashtra-bhasha-sanchalanalay-maharashtra-bhasha-sanchalanalay-2026--4318","job-listing","149","Maharashtra Bhasha Sanchalanalay पदांकरिता अधिकृत भरती सूचना २०२६ - Maharashtra Bhasha Sanchalanalay | Sarkari Naukri…"
"https://www.searchsarkarinaukri.com/jobs/maharashtra-sadan-maharashtra-sadan-2026--2280","job-listing","147","Maharashtra Sadan विविध पदांची नवीन रिक्त भरती जाहीर २०२६ - Maharashtra Sadan | Sarkari Naukri 2026"
"https://www.searchsarkarinaukri.com/jobs/mahavitaran-mahavitaran-2026--1918","job-listing","126","Mahavitaran अंतर्गत १ पदांची भरती जाहीर २०२६ - Mahavitaran | Sarkari Naukri 2026"
"https://www.searchsarkarinaukri.com/jobs/malad-sahkari-bank-malad-sahkari-bank-2026--3464","job-listing","146","Malad Sahkari Bank भरती अपडेट २०२६ - Malad Sahkari Bank | Sarkari Naukri 2026"
"https://www.searchsarkarinaukri.com/jobs/malegaon-mahanagarpalika-malegaon-mahanagarpalika-2026--4724","job-listing","132","Malegaon Mahanagarpalika ६३ पदांकरिता अधिकृत भरती सूचना २०२६ - Malegaon Mahanagarpalika | Sarkari Naukri 2026"
"https://www.searchsarkarinaukri.com/jobs/mazi-sainik-mazi-sainik-2026--2448","job-listing","148","Mazi Sainik विविध पदांची नवीन रिक्त भरती जाहीर २०२६ - Mazi Sainik | Sarkari Naukri 2026"
"https://www.searchsarkarinaukri.com/jobs/mecon-mecon-2026--4430","job-listing","144","MECON अंतर्गत १७ पदांची भरती जाहीर २०२६ - MECON | Sarkari Naukri 2026"
"https://www.searchsarkarinaukri.com/jobs/mhrb-mhrb-2026--2379","job-listing","141","MHRB अंतर्गत ४ पदांची भरती जाहीर २०२६ - MHRB | Sarkari Naukri 2026"
"https://www.searchsarkarinaukri.com/jobs/mhrb-mhrb-2026--2886","job-listing","141","MHRB अंतर्गत ९ पदांची भरती जाहीर २०२६ - MHRB | Sarkari Naukri 2026"
"https://www.searchsarkarinaukri.com/jobs/mhrb-mhrb-2026--4532","job-listing","141","MHRB अंतर्गत ३ पदांची भरती जाहीर २०२६ - MHRB | Sarkari Naukri 2026"
"https://www.searchsarkarinaukri.com/jobs/ministry-of-external-affairs-ministry-of-external-affairs-2026--4874","job-listing","142","Ministry of External Affairs १ पदांकरिता अधिकृत भरती सूचना २०२६ - Ministry of External Affairs | Sarkari Naukri 2026"
"https://www.searchsarkarinaukri.com/jobs/ministry-of-mines-ministry-of-mines-2026--4944","job-listing","130","Ministry of Mines भरती अपडेट २०२६ - Ministry of Mines | Sarkari Naukri 2026"
"https://www.searchsarkarinaukri.com/jobs/ministry-of-textiles-ministry-of-textiles-2026--4013","job-listing","139","Ministry of Textiles मध्ये ७ रिक्त पदांची नवीन भरती २०२६ - Ministry of Textiles | Sarkari Naukri 2026"
"https://www.searchsarkarinaukri.com/jobs/mitra-mitra-2026--1745","job-listing","144","MITRA मध्ये १७ रिक्त पदांची नवीन भरती २०२६ - MITRA | Sarkari Naukri 2026"
"https://www.searchsarkarinaukri.com/jobs/mitra-mitra-2026--3085","job-listing","144","MITRA मध्ये १ रिक्त पदांची नवीन भरती २०२६ - MITRA | Sarkari Naukri 2026"
"https://www.searchsarkarinaukri.com/jobs/mmrda-mmrda-2026--1993","job-listing","141","१ पदांकरिता MMRDA भरती अपडेट २०२६ - MMRDA | Sarkari Naukri 2026"
"https://www.searchsarkarinaukri.com/jobs/mmrda-mmrda-2026--2879","job-listing","141","२ पदांकरिता MMRDA भरती अपडेट २०२६ - MMRDA | Sarkari Naukri 2026"
"https://www.searchsarkarinaukri.com/jobs/mnre-mnre-2026--4883","job-listing","128","MNRE ६ पदांकरिता अधिकृत भरती सूचना २०२६ - MNRE | Sarkari Naukri 2026"
"https://www.searchsarkarinaukri.com/jobs/moef-moef-2026--2504","job-listing","145","MOEF मध्ये १ रिक्त पदांची नवीन भरती २०२६ - MOEF | Sarkari Naukri 2026"
"https://www.searchsarkarinaukri.com/jobs/moef-moef-2026--2831","job-listing","145","MOEF मध्ये ३ रिक्त पदांची नवीन भरती २०२६ - MOEF | Sarkari Naukri 2026"
"https://www.searchsarkarinaukri.com/jobs/mohfw-mohfw-2026--2988","job-listing","143","MOHFW मध्ये रिक्त पदांची नवीन भरती २०२६ - MOHFW | Sarkari Naukri 2026"
"https://www.searchsarkarinaukri.com/jobs/moil-limited-moil-limited-2026--3850","job-listing","149","MOIL Limited १ पदांकरिता अधिकृत भरती सूचना २०२६ - MOIL Limited | Sarkari Naukri 2026"
"https://www.searchsarkarinaukri.com/jobs/mormugao-port-authority-mormugao-port-authority-2026--4611","job-listing","138","Mormugao Port Authority ३ पदांकरिता अधिकृत भरती सूचना २०२६ - Mormugao Port Authority | Sarkari Naukri 2026"
"https://www.searchsarkarinaukri.com/jobs/mospi-mospi-2026--4662","job-listing","127","MOSPI विविध पदांची नवीन रिक्त भरती जाहीर २०२६ - MOSPI | Sarkari Naukri 2026"
"https://www.searchsarkarinaukri.com/jobs/mpkv-mpkv-2026--2500","job-listing","142","४ पदांकरिता MPKV भरती अपडेट २०२६ - MPKV | Sarkari Naukri 2026"
"https://www.searchsarkarinaukri.com/jobs/mpkv-mpkv-2026--2874","job-listing","142","५ पदांकरिता MPKV भरती अपडेट २०२६ - MPKV | Sarkari Naukri 2026"
"https://www.searchsarkarinaukri.com/jobs/mpkv-mpkv-2026--3719","job-listing","142","१ पदांकरिता MPKV भरती अपडेट २०२६ - MPKV | Sarkari Naukri 2026"
"https://www.searchsarkarinaukri.com/jobs/mpkv-mpkv-2026--4015","job-listing","142","४ पदांकरिता MPKV भरती अपडेट २०२६ - MPKV | Sarkari Naukri 2026"
"https://www.searchsarkarinaukri.com/jobs/mpkv-mpkv-2026--4578","job-listing","142","१ पदांकरिता MPKV भरती अपडेट २०२६ - MPKV | Sarkari Naukri 2026"
"https://www.searchsarkarinaukri.com/jobs/mpsc-group-a-mpsc-group-a-2026--4260","job-listing","140","MPSC Group A २ पदांची नवीन रिक्त भरती जाहीर २०२६ - MPSC Group A | Sarkari Naukri 2026"
"https://www.searchsarkarinaukri.com/jobs/msamb-msamb-2026--2717","job-listing","145","MSAMB विविध पदांची नवीन रिक्त भरती जाहीर २०२६ - MSAMB | Sarkari Naukri 2026"
"https://www.searchsarkarinaukri.com/jobs/msapl-msapl-2026--1915","job-listing","144","MSAPL मध्ये ५ रिक्त पदांची नवीन भरती २०२६ - MSAPL | Sarkari Naukri 2026"
"https://www.searchsarkarinaukri.com/jobs/msc-bank-msc-bank-2026--1880","job-listing","147","१७५ पदांकरिता MSC Bank भरती अपडेट २०२६ - MSC Bank | Sarkari Naukri 2026"
"https://www.searchsarkarinaukri.com/jobs/msc-bank-msc-bank-2026--2127","job-listing","147","२०८ पदांकरिता MSC Bank भरती अपडेट २०२६ - MSC Bank | Sarkari Naukri 2026"
"https://www.searchsarkarinaukri.com/jobs/msc-bank-msc-bank-2026--2222","job-listing","147","२३१ पदांकरिता MSC Bank भरती अपडेट २०२६ - MSC Bank | Sarkari Naukri 2026"
"https://www.searchsarkarinaukri.com/jobs/msc-bank-msc-bank-2026--2631","job-listing","147","५९ पदांकरिता MSC Bank भरती अपडेट २०२६ - MSC Bank | Sarkari Naukri 2026"
"https://www.searchsarkarinaukri.com/jobs/mscc-mscc-2026--2315","job-listing","145","MSCC विविध पदांची नवीन रिक्त भरती जाहीर २०२६ - MSCC | Sarkari Naukri 2026"
"https://www.searchsarkarinaukri.com/jobs/msidc-msidc-2026--2401","job-listing","147","MSIDC १० पदांची नवीन रिक्त भरती जाहीर २०२६ - MSIDC | Sarkari Naukri 2026"
"https://www.searchsarkarinaukri.com/jobs/msidc-msidc-2026--2553","job-listing","147","MSIDC १७ पदांची नवीन रिक्त भरती जाहीर २०२६ - MSIDC | Sarkari Naukri 2026"
"https://www.searchsarkarinaukri.com/jobs/mssu-mssu-2026--4587","job-listing","132","MSSU भरती २०२६ — १ रिक्त जागांकरिता अर्ज सुरु - MSSU | Sarkari Naukri 2026"
"https://www.searchsarkarinaukri.com/jobs/nabcons-nabcons-2026--2044","job-listing","147","NABCONS मध्ये २ रिक्त पदांची नवीन भरती २०२६ - NABCONS | Sarkari Naukri 2026"
"https://www.searchsarkarinaukri.com/jobs/nabfid-nabfid-2026--2061","job-listing","148","NABFID भरती २०२६ — ३ रिक्त जागांकरिता अर्ज सुरु - NABFID | Sarkari Naukri 2026"
"https://www.searchsarkarinaukri.com/jobs/nabfid-nabfid-2026--3075","job-listing","148","NABFID भरती २०२६ — २२ रिक्त जागांकरिता अर्ज सुरु - NABFID | Sarkari Naukri 2026"
"https://www.searchsarkarinaukri.com/jobs/nagar-parishad-matheran-nagar-parishad-matheran-2026--4880","job-listing","141","Nagar Parishad Matheran २ पदांची नवीन रिक्त भरती जाहीर २०२६ - Nagar Parishad Matheran | Sarkari Naukri 2026"
"https://www.searchsarkarinaukri.com/jobs/nagar-parishad-pen-nagar-parishad-pen-2026--4836","job-listing","135","२ पदांकरिता Nagar Parishad Pen भरती अपडेट २०२६ - Nagar Parishad Pen | Sarkari Naukri 2026"
"https://www.searchsarkarinaukri.com/jobs/nagarpanchayat-kuhi-nagarpanchayat-kuhi-2026--2918","job-listing","149","Nagarpanchayat Kuhi मध्ये १ रिक्त पदांची नवीन भरती २०२६ - Nagarpanchayat Kuhi | Sarkari Naukri 2026"
"https://www.searchsarkarinaukri.com/jobs/nagarparishad-alandi-nagarparishad-alandi-2026--4530","job-listing","149","Nagarparishad Alandi २४ पदांची नवीन रिक्त भरती जाहीर २०२६ - Nagarparishad Alandi | Sarkari Naukri 2026"
"https://www.searchsarkarinaukri.com/jobs/nagarparishad-katol-nagarparishad-katol-2026--4531","job-listing","146","१० पदांकरिता Nagarparishad Katol भरती अपडेट २०२६ - Nagarparishad Katol | Sarkari Naukri 2026"
"https://www.searchsarkarinaukri.com/jobs/nainital-bank-nainital-bank-2026--4715","job-listing","134","Nainital Bank अंतर्गत ४१ पदांची भरती जाहीर २०२६ - Nainital Bank | Sarkari Naukri 2026"
"https://www.searchsarkarinaukri.com/jobs/nalco-nalco-2026--1796","job-listing","147","NALCO भरती २०२६ — २६८ रिक्त जागांकरिता अर्ज सुरु - NALCO | Sarkari Naukri 2026"
"https://www.searchsarkarinaukri.com/jobs/nalco-nalco-2026--3725","job-listing","147","NALCO भरती २०२६ — ६ रिक्त जागांकरिता अर्ज सुरु - NALCO | Sarkari Naukri 2026"
"https://www.searchsarkarinaukri.com/jobs/nat-board-nat-board-2026--3586","job-listing","145","३० पदांकरिता NAT Board भरती अपडेट २०२६ - NAT Board | Sarkari Naukri 2026"
"https://www.searchsarkarinaukri.com/jobs/national-aerospace-laboratory-national-aerospace-laboratory-2026--4533","job-listing","135","६ पदांकरिता National Aerospace Laboratory भरती अपडेट २०२६ - National Aerospace Laboratory | Sarkari Naukri 2026"
"https://www.searchsarkarinaukri.com/jobs/national-investigation-agency-national-investigation-agency-2026--4875","job-listing","135","३ पदांकरिता National Investigation Agency भरती अपडेट २०२६ - National Investigation Agency | Sarkari Naukri 2026"
"https://www.searchsarkarinaukri.com/jobs/nba-nba-2026--4010","job-listing","125","७ पदांकरिता NBA भरती अपडेट २०२६ - NBA | Sarkari Naukri 2026"
"https://www.searchsarkarinaukri.com/jobs/nbcc-nbcc-2026--3776","job-listing","143","NBCC १ पदांची नवीन रिक्त भरती जाहीर २०२६ - NBCC | Sarkari Naukri 2026"
"https://www.searchsarkarinaukri.com/jobs/nbt-nbt-2026--1917","job-listing","147","NBT मध्ये १ रिक्त पदांची नवीन भरती २०२६ - NBT | Sarkari Naukri 2026"
"https://www.searchsarkarinaukri.com/jobs/nbt-nbt-2026--2494","job-listing","147","NBT मध्ये ६ रिक्त पदांची नवीन भरती २०२६ - NBT | Sarkari Naukri 2026"
"https://www.searchsarkarinaukri.com/jobs/nbt-nbt-2026--2892","job-listing","147","NBT मध्ये १२ रिक्त पदांची नवीन भरती २०२६ - NBT | Sarkari Naukri 2026"
"https://www.searchsarkarinaukri.com/jobs/nbt-nbt-2026--2921","job-listing","147","NBT मध्ये ३८ रिक्त पदांची नवीन भरती २०२६ - NBT | Sarkari Naukri 2026"
"https://www.searchsarkarinaukri.com/jobs/nbt-nbt-2026--3851","job-listing","147","NBT मध्ये ५ रिक्त पदांची नवीन भरती २०२६ - NBT | Sarkari Naukri 2026"
"https://www.searchsarkarinaukri.com/jobs/nbt-nbt-2026--3963","job-listing","147","NBT मध्ये ११ रिक्त पदांची नवीन भरती २०२६ - NBT | Sarkari Naukri 2026"
"https://www.searchsarkarinaukri.com/jobs/ncb-ncb-2026--4084","job-listing","145","NCB मध्ये ८ रिक्त पदांची नवीन भरती २०२६ - NCB | Sarkari Naukri 2026"
"https://www.searchsarkarinaukri.com/jobs/ncdc-ncdc-2026--4371","job-listing","132","NCDC भरती २०२६ — ६ रिक्त जागांकरिता अर्ज सुरु - NCDC | Sarkari Naukri 2026"
"https://www.searchsarkarinaukri.com/jobs/ncert-ncert-2026--2995","job-listing","144","NCERT ३ पदांकरिता अधिकृत भरती सूचना २०२६ - NCERT | Sarkari Naukri 2026"
"https://www.searchsarkarinaukri.com/jobs/ncpor-goa-ncpor-goa-2026--2475","job-listing","145","६ पदांकरिता NCPOR Goa भरती अपडेट २०२६ - NCPOR Goa | Sarkari Naukri 2026"
"https://www.searchsarkarinaukri.com/jobs/ncpor-goa-ncpor-goa-2026--3590","job-listing","145","१ पदांकरिता NCPOR Goa भरती अपडेट २०२६ - NCPOR Goa | Sarkari Naukri 2026"
"https://www.searchsarkarinaukri.com/jobs/ncr-ncr-2026--4782","job-listing","126","१८५३ पदांकरिता NCR भरती अपडेट २०२६ - NCR | Sarkari Naukri 2026"
"https://www.searchsarkarinaukri.com/jobs/ncrtc-ncrtc-2026--4005","job-listing","125","३ पदांकरिता NCRTC भरती अपडेट २०२६ - NCRTC | Sarkari Naukri 2026"
"https://www.searchsarkarinaukri.com/jobs/ndma-ndma-2026--4258","job-listing","131","NDMA भरती २०२६ — २ रिक्त जागांकरिता अर्ज सुरु - NDMA | Sarkari Naukri 2026"
"https://www.searchsarkarinaukri.com/jobs/neepco-neepco-2026--4589","job-listing","126","७ पदांकरिता NEEPCO भरती अपडेट २०२६ - NEEPCO | Sarkari Naukri 2026"
"https://www.searchsarkarinaukri.com/jobs/nfl-nfl-2026--1877","job-listing","141","६१ पदांकरिता NFL भरती अपडेट २०२६ - NFL | Sarkari Naukri 2026"
"https://www.searchsarkarinaukri.com/jobs/nfsu-nfsu-2026--1927","job-listing","142","NFSU ७ पदांकरिता अधिकृत भरती सूचना २०२६ - NFSU | Sarkari Naukri 2026"
"https://www.searchsarkarinaukri.com/jobs/ngel-ngel-2026--2534","job-listing","127","NGEL ११४ पदांची नवीन रिक्त भरती जाहीर २०२६ - NGEL | Sarkari Naukri 2026"
"https://www.searchsarkarinaukri.com/jobs/nhai-2026--1108","job-listing","143","६० उपव्यवस्थापक पदांसाठी राष्ट्रीय महामार्ग प्राधिकरण (NHAI) भरती अपडेट - राष्ट्रीय महामार्ग प्राधिकरण (NHAI) |…"
"https://www.searchsarkarinaukri.com/jobs/nhai-nhai-2026--4379","job-listing","145","५ पदांकरिता NHAI भरती अपडेट २०२६ - NHAI | Sarkari Naukri 2026"
"https://www.searchsarkarinaukri.com/jobs/nhai-nhai-2026--4779","job-listing","145","१७ पदांकरिता NHAI भरती अपडेट २०२६ - NHAI | Sarkari Naukri 2026"
"https://www.searchsarkarinaukri.com/jobs/nhai-nhai-2026--4887","job-listing","145","७७ पदांकरिता NHAI भरती अपडेट २०२६ - NHAI | Sarkari Naukri 2026"
"https://www.searchsarkarinaukri.com/jobs/nhb-nhb-announces-recruitment-for-regular-contractual-2026--1462","job-listing","139","NHB Announces Recruitment for Regular, Contractual, Deputation Posts - NHB | Sarkari Naukri 2026"
"https://www.searchsarkarinaukri.com/jobs/nhidcl-nhidcl-2026--2803","job-listing","143","NHIDCL मध्ये १०० रिक्त पदांची नवीन भरती २०२६ - NHIDCL | Sarkari Naukri 2026"
"https://www.searchsarkarinaukri.com/jobs/nhm-dharashiv-nhm-dharashiv-2026--3117","job-listing","125","NHM Dharashiv भरती अपडेट २०२६ - NHM Dharashiv | Sarkari Naukri 2026"
"https://www.searchsarkarinaukri.com/jobs/nhm-mumbai-nhm-mumbai-2026--4588","job-listing","146","२८ पदांकरिता NHM Mumbai भरती अपडेट २०२६ - NHM Mumbai | Sarkari Naukri 2026"
"https://www.searchsarkarinaukri.com/jobs/nhrc-nhrc-2026--3906","job-listing","128","NHRC अंतर्गत ३३ पदांची भरती जाहीर २०२६ - NHRC | Sarkari Naukri 2026"
"https://www.searchsarkarinaukri.com/jobs/nhsrcl-nhsrcl-2026--4879","job-listing","124","१२ पदांकरिता NHSRCL भरती अपडेट २०२६ - NHSRCL | Sarkari Naukri 2026"
"https://www.searchsarkarinaukri.com/jobs/nift-nift-2026--2034","job-listing","147","NIFT मध्ये १० रिक्त पदांची नवीन भरती २०२६ - NIFT | Sarkari Naukri 2026"
"https://www.searchsarkarinaukri.com/jobs/nift-nift-2026--2266","job-listing","147","NIFT मध्ये १८ रिक्त पदांची नवीन भरती २०२६ - NIFT | Sarkari Naukri 2026"
"https://www.searchsarkarinaukri.com/jobs/nift-nift-2026--2540","job-listing","147","NIFT मध्ये ३९ रिक्त पदांची नवीन भरती २०२६ - NIFT | Sarkari Naukri 2026"
"https://www.searchsarkarinaukri.com/jobs/nio-goa-nio-goa-2026--2062","job-listing","144","NIO Goa अंतर्गत ६ पदांची भरती जाहीर २०२६ - NIO Goa | Sarkari Naukri 2026"
"https://www.searchsarkarinaukri.com/jobs/nio-goa-nio-goa-2026--2180","job-listing","148","NIO Goa अंतर्गत ३० पदांची भरती जाहीर २०२६ - NIO Goa | Sarkari Naukri 2026"
"https://www.searchsarkarinaukri.com/jobs/nio-goa-nio-goa-2026--2496","job-listing","148","NIO Goa अंतर्गत २५ पदांची भरती जाहीर २०२६ - NIO Goa | Sarkari Naukri 2026"
"https://www.searchsarkarinaukri.com/jobs/nio-goa-nio-goa-2026--2981","job-listing","144","NIO Goa अंतर्गत २० पदांची भरती जाहीर २०२६ - NIO Goa | Sarkari Naukri 2026"
"https://www.searchsarkarinaukri.com/jobs/nio-goa-nio-goa-2026--3908","job-listing","148","NIO Goa अंतर्गत १५ पदांची भरती जाहीर २०२६ - NIO Goa | Sarkari Naukri 2026"
"https://www.searchsarkarinaukri.com/jobs/nirdpr-nirdpr-2026--1924","job-listing","142","NIRDPR अंतर्गत १ पदांची भरती जाहीर २०२६ - NIRDPR | Sarkari Naukri 2026"
"https://www.searchsarkarinaukri.com/jobs/nirdpr-nirdpr-2026--2634","job-listing","142","NIRDPR अंतर्गत २ पदांची भरती जाहीर २०२६ - NIRDPR | Sarkari Naukri 2026"
"https://www.searchsarkarinaukri.com/jobs/niti-aayog-niti-aayog-2026--1734","job-listing","149","NITI Aayog मध्ये १ रिक्त पदांची नवीन भरती २०२६ - NITI Aayog | Sarkari Naukri 2026"
"https://www.searchsarkarinaukri.com/jobs/nmdc-nmdc-2026--3476","job-listing","144","NMDC अंतर्गत १०२ पदांची भरती जाहीर २०२६ - NMDC | Sarkari Naukri 2026"
"https://www.searchsarkarinaukri.com/jobs/nmdfc-nmdfc-2026--4958","job-listing","129","NMDFC २ पदांची नवीन रिक्त भरती जाहीर २०२६ - NMDFC | Sarkari Naukri 2026"
"https://www.searchsarkarinaukri.com/jobs/nmmc-nmmc-2026--2177","job-listing","142","३२ पदांकरिता NMMC भरती अपडेट २०२६ - NMMC | Sarkari Naukri 2026"
"https://www.searchsarkarinaukri.com/jobs/nmmc-nmmc-2026--2254","job-listing","142","५८ पदांकरिता NMMC भरती अपडेट २०२६ - NMMC | Sarkari Naukri 2026"
"https://www.searchsarkarinaukri.com/jobs/nmmc-nmmc-2026--2757","job-listing","142","४८ पदांकरिता NMMC भरती अपडेट २०२६ - NMMC | Sarkari Naukri 2026"
"https://www.searchsarkarinaukri.com/jobs/nmmc-nmmc-2026--2833","job-listing","142","२१ पदांकरिता NMMC भरती अपडेट २०२६ - NMMC | Sarkari Naukri 2026"
"https://www.searchsarkarinaukri.com/jobs/nmmc-nmmc-2026--3168","job-listing","142","२ पदांकरिता NMMC भरती अपडेट २०२६ - NMMC | Sarkari Naukri 2026"
"https://www.searchsarkarinaukri.com/jobs/nmmc-nmmc-2026--4325","job-listing","142","२०९ पदांकरिता NMMC भरती अपडेट २०२६ - NMMC | Sarkari Naukri 2026"
"https://www.searchsarkarinaukri.com/jobs/npcc-npcc-2026--4219","job-listing","147","NPCC भरती २०२६ — २६ रिक्त जागांकरिता अर्ज सुरु - NPCC | Sarkari Naukri 2026"
"https://www.searchsarkarinaukri.com/jobs/nuhm-kdmc-nuhm-kdmc-2026--2236","job-listing","136","NUHM KDMC मध्ये ७५ रिक्त पदांची नवीन भरती २०२६ - NUHM KDMC | Sarkari Naukri 2026"
"https://www.searchsarkarinaukri.com/jobs/oidc-oidc-2026--4372","job-listing","144","OIDC १ पदांकरिता अधिकृत भरती सूचना २०२६ - OIDC | Sarkari Naukri 2026"
"https://www.searchsarkarinaukri.com/jobs/ongc-ongc-2026--4218","job-listing","144","ONGC २४ पदांकरिता अधिकृत भरती सूचना २०२६ - ONGC | Sarkari Naukri 2026"
"https://www.searchsarkarinaukri.com/jobs/ordnance-factory-ambernath-ordnance-factory-ambernath-2026--4666","job-listing","136","२ पदांकरिता Ordnance Factory Ambernath भरती अपडेट २०२६ - Ordnance Factory Ambernath | Sarkari Naukri 2026"
"https://www.searchsarkarinaukri.com/jobs/pahca-ahilyanagar-pahca-ahilyanagar-2026--2129","job-listing","147","८ पदांकरिता PAHCA Ahilyanagar भरती अपडेट २०२६ - PAHCA Ahilyanagar | Sarkari Naukri 2026"
"https://www.searchsarkarinaukri.com/jobs/pcmc-pcmc-2026--2613","job-listing","144","PCMC ५० पदांकरिता अधिकृत भरती सूचना २०२६ - PCMC | Sarkari Naukri 2026"
"https://www.searchsarkarinaukri.com/jobs/pdil-pdil-2026--2847","job-listing","144","PDIL अंतर्गत १५३ पदांची भरती जाहीर २०२६ - PDIL | Sarkari Naukri 2026"
"https://www.searchsarkarinaukri.com/jobs/peoples-education-society-peoples-education-society-2026--4718","job-listing","142","People’s Education Society भरती २०२६ — ६७ रिक्त जागांकरिता अर्ज सुरु - People’s Education Society | Sarkari Naukri 2026"
"https://www.searchsarkarinaukri.com/jobs/pfrda-pfrda-2026--1806","job-listing","144","PFRDA अंतर्गत विविध पदांची भरती जाहीर २०२६ - PFRDA | Sarkari Naukri 2026"
"https://www.searchsarkarinaukri.com/jobs/pfrda-pfrda-2026--2627","job-listing","146","PFRDA अंतर्गत १ पदांची भरती जाहीर २०२६ - PFRDA | Sarkari Naukri 2026"
"https://www.searchsarkarinaukri.com/jobs/pgcil-pgcil-2026--4949","job-listing","130","PGCIL भरती २०२६ — १२ रिक्त जागांकरिता अर्ज सुरु - PGCIL | Sarkari Naukri 2026"
"https://www.searchsarkarinaukri.com/jobs/pmrda-pmrda-2026--2164","job-listing","142","१२ पदांकरिता PMRDA भरती अपडेट २०२६ - PMRDA | Sarkari Naukri 2026"
"https://www.searchsarkarinaukri.com/jobs/prasar-bharati-prasar-bharati-2026--2040","job-listing","144","Prasar Bharati पदांकरिता अधिकृत भरती सूचना २०२६ - Prasar Bharati | Sarkari Naukri 2026"
"https://www.searchsarkarinaukri.com/jobs/prasar-bharati-prasar-bharati-2026--2508","job-listing","148","Prasar Bharati ५ पदांकरिता अधिकृत भरती सूचना २०२६ - Prasar Bharati | Sarkari Naukri 2026"
"https://www.searchsarkarinaukri.com/jobs/prasar-bharati-prasar-bharati-2026--2938","job-listing","148","Prasar Bharati ९ पदांकरिता अधिकृत भरती सूचना २०२६ - Prasar Bharati | Sarkari Naukri 2026"
"https://www.searchsarkarinaukri.com/jobs/prasar-bharati-prasar-bharati-2026--3854","job-listing","148","Prasar Bharati ७ पदांकरिता अधिकृत भरती सूचना २०२६ - Prasar Bharati | Sarkari Naukri 2026"
"https://www.searchsarkarinaukri.com/jobs/prl-prl-2026--3655","job-listing","145","PRL मध्ये ५ रिक्त पदांची नवीन भरती २०२६ - PRL | Sarkari Naukri 2026"
"https://www.searchsarkarinaukri.com/jobs/rail-coach-factory-rail-coach-factory-2026--4373","job-listing","137","Rail Coach Factory ७३४ पदांकरिता अधिकृत भरती सूचना २०२६ - Rail Coach Factory | Sarkari Naukri 2026"
"https://www.searchsarkarinaukri.com/jobs/railtail-railtail-2026--3905","job-listing","125","RailTail अंतर्गत ४० पदांची भरती जाहीर २०२६ - RailTail | Sarkari Naukri 2026"
"https://www.searchsarkarinaukri.com/jobs/railway-recruitment-board-rrb-assistant-loco-pilot-recruitment-2024-cen-012024-2026--1420","job-listing","148","RRB Assistant Loco-Pilot Recruitment 2024 (CEN-01/2024) - Railway Recruitment Board | Sarkari Naukri 2026"
"https://www.searchsarkarinaukri.com/jobs/railway-recruitment-board-rrb-assistant-loco-pilot-recruitment-2025-cen-012025-2026--1412","job-listing","148","RRB Assistant Loco-Pilot Recruitment 2025 (CEN-01/2025) - Railway Recruitment Board | Sarkari Naukri 2026"
"https://www.searchsarkarinaukri.com/jobs/railway-recruitment-board-rrb-assistant-loco-pilot-recruitment-2026-cen-012026-2026--1403","job-listing","148","RRB Assistant Loco-Pilot Recruitment 2026 (CEN-01/2026) - Railway Recruitment Board | Sarkari Naukri 2026"
"https://www.searchsarkarinaukri.com/jobs/railway-recruitment-board-rrb-ntpc-undergraduate-posts-recruitment-2024-cen-062024-2026--1415","job-listing","148","RRB NTPC-Undergraduate Posts Recruitment 2024 (CEN-06/2024) - Railway Recruitment Board | Sarkari Naukri 2026"
"https://www.searchsarkarinaukri.com/jobs/railway-recruitment-board-rrb-ntpc-undergraduate-posts-recruitment-2025-cen-072025-2026--1406","job-listing","148","RRB NTPC-Undergraduate Posts Recruitment 2025 (CEN-07/2025) - Railway Recruitment Board | Sarkari Naukri 2026"
"https://www.searchsarkarinaukri.com/jobs/railway-recruitment-board-rrb-paramedical-posts-recruitment-2019-cen-022019-2026--1422","job-listing","148","RRB Paramedical Posts Recruitment 2019 (CEN-02/2019) - Railway Recruitment Board | Sarkari Naukri 2026"
"https://www.searchsarkarinaukri.com/jobs/railway-recruitment-board-rrb-paramedical-posts-recruitment-2024-cen-042024-2026--1417","job-listing","148","RRB Paramedical Posts Recruitment 2024 (CEN-04/2024) - Railway Recruitment Board | Sarkari Naukri 2026"
"https://www.searchsarkarinaukri.com/jobs/railway-recruitment-board-rrb-paramedical-posts-recruitment-2025-cen-032025-2026--1410","job-listing","148","RRB Paramedical Posts Recruitment 2025 (CEN-03/2025) - Railway Recruitment Board | Sarkari Naukri 2026"
"https://www.searchsarkarinaukri.com/jobs/railway-recruitment-board-rrb-section-controller-recruitment-2025-cen-042025-2026--1409","job-listing","148","RRB Section Controller Recruitment 2025 (CEN-04/2025) - Railway Recruitment Board | Sarkari Naukri 2026"
"https://www.searchsarkarinaukri.com/jobs/railway-recruitment-board-rrb-technicians-recruitment-2024-cen-022024-2026--1419","job-listing","145","RRB Technicians Recruitment 2024 (CEN-02/2024) - Railway Recruitment Board | Sarkari Naukri 2026"
"https://www.searchsarkarinaukri.com/jobs/railway-recruitment-board-rrb-technicians-recruitment-2025-cen-022025-2026--1411","job-listing","145","RRB Technicians Recruitment 2025 (CEN-02/2025) - Railway Recruitment Board | Sarkari Naukri 2026"
"https://www.searchsarkarinaukri.com/jobs/rajapur-urban-cooperative-bank-rajapur-urban-cooperative-bank-2026--4726","job-listing","146","Rajapur Urban Cooperative Bank भरती २०२६ — १ रिक्त जागांकरिता अर्ज सुरु - Rajapur Urban Cooperative Bank | Sarkari…"
"https://www.searchsarkarinaukri.com/jobs/rbi-rbi-2026--1971","job-listing","147","RBI भरती २०२६ — ६१ रिक्त जागांकरिता अर्ज सुरु - RBI | Sarkari Naukri 2026"
"https://www.searchsarkarinaukri.com/jobs/rbi-rbi-2026--2035","job-listing","147","RBI भरती २०२६ — १३ रिक्त जागांकरिता अर्ज सुरु - RBI | Sarkari Naukri 2026"
"https://www.searchsarkarinaukri.com/jobs/rbi-rbi-2026--2535","job-listing","147","RBI भरती २०२६ — २१ रिक्त जागांकरिता अर्ज सुरु - RBI | Sarkari Naukri 2026"
"https://www.searchsarkarinaukri.com/jobs/rcfl-mumbai-rcfl-mumbai-2026--5000","job-listing","144","९४ पदांकरिता RCFL Mumbai भरती अपडेट २०२६ - RCFL Mumbai | Sarkari Naukri 2026"
"https://www.searchsarkarinaukri.com/jobs/recpdcl-recpdcl-2026--2929","job-listing","142","३ पदांकरिता RECPDCL भरती अपडेट २०२६ - RECPDCL | Sarkari Naukri 2026"
"https://www.searchsarkarinaukri.com/jobs/repco-bank-repco-bank-2026--1976","job-listing","147","REPCO Bank २ पदांकरिता अधिकृत भरती सूचना २०२६ - REPCO Bank | Sarkari Naukri 2026"
"https://www.searchsarkarinaukri.com/jobs/rites-rites-2026--4072","job-listing","141","RITES ३१ पदांकरिता अधिकृत भरती सूचना २०२६ - RITES | Sarkari Naukri 2026"
"https://www.searchsarkarinaukri.com/jobs/rites-rites-2026--5010","job-listing","141","RITES ७ पदांकरिता अधिकृत भरती सूचना २०२६ - RITES | Sarkari Naukri 2026"
"https://www.searchsarkarinaukri.com/jobs/rrb-section-controller-rrb-section-controller-2026--2296","job-listing","138","RRB Section Controller ११९ पदांकरिता अधिकृत भरती सूचना २०२६ - RRB Section Controller | Sarkari Naukri 2026"
"https://www.searchsarkarinaukri.com/jobs/rrium-rrium-2026--3132","job-listing","141","१ पदांकरिता Rrium भरती अपडेट २०२६ - Rrium | Sarkari Naukri 2026"
"https://www.searchsarkarinaukri.com/jobs/rsc-nagpur-rsc-nagpur-2026--5013","job-listing","147","RSC Nagpur मध्ये रिक्त पदांची नवीन भरती २०२६ - RSC Nagpur | Sarkari Naukri 2026"
"https://www.searchsarkarinaukri.com/jobs/sai-sai-2026--1577","job-listing","146","भारतीय क्रीडा प्राधिकरण (SAI): १०० सहाय्यक प्रशिक्षक पदांसाठी भरती सूचना २०२६ - भारतीय क्रीडा प्राधिकरण (SAI) |…"
"https://www.searchsarkarinaukri.com/jobs/sameer-mumbai-sameer-mumbai-2026--4673","job-listing","148","SAMEER Mumbai मध्ये ३५ रिक्त पदांची नवीन भरती २०२६ - SAMEER Mumbai | Sarkari Naukri 2026"
"https://www.searchsarkarinaukri.com/jobs/sbi-apprentice-sbi-apprentice-2026--1719","job-listing","149","SBI Apprentice ७१५० पदांकरिता अधिकृत भरती सूचना २०२६ - SBI Apprentice | Sarkari Naukri 2026"
"https://www.searchsarkarinaukri.com/jobs/sbi-clerk-sbi-clerk-2026--4263","job-listing","148","Sbi Clerk १५३८ पदांकरिता अधिकृत भरती सूचना २०२६ - Sbi Clerk | Sarkari Naukri 2026"
"https://www.searchsarkarinaukri.com/jobs/sbi-clerk-sbi-clerk-2026--4421","job-listing","148","Sbi Clerk १०६६२ पदांकरिता अधिकृत भरती सूचना २०२६ - Sbi Clerk | Sarkari Naukri 2026"
"https://www.searchsarkarinaukri.com/jobs/sbi-po-sbi-po-2026--2125","job-listing","149","SBI PO १५०० पदांकरिता अधिकृत भरती सूचना २०२६ - SBI PO | Sarkari Naukri 2026"
"https://www.searchsarkarinaukri.com/jobs/sbi-sco-sbi-sco-2026--4266","job-listing","133","SBI SCO ३८ पदांकरिता अधिकृत भरती सूचना २०२६ - SBI SCO | Sarkari Naukri 2026"
"https://www.searchsarkarinaukri.com/jobs/secl-secl-2026--1726","job-listing","148","SECL भरती २०२६ — ६५ रिक्त जागांकरिता अर्ज सुरु - SECL | Sarkari Naukri 2026"
"https://www.searchsarkarinaukri.com/jobs/sgnp-borivali-sgnp-borivali-2026--2297","job-listing","146","१ पदांकरिता SGNP Borivali भरती अपडेट २०२६ - SGNP Borivali | Sarkari Naukri 2026"
"https://www.searchsarkarinaukri.com/jobs/shalini-sahakari-bank-shalini-sahakari-bank-2026--1807","job-listing","146","Shalini Sahakari Bank भरती अपडेट २०२६ - Shalini Sahakari Bank | Sarkari Naukri 2026"
"https://www.searchsarkarinaukri.com/jobs/sidbi-sidbi-2026--4780","job-listing","126","५१ पदांकरिता SIDBI भरती अपडेट २०२६ - SIDBI | Sarkari Naukri 2026"
"https://www.searchsarkarinaukri.com/jobs/sjsa-sjsa-2026--3466","job-listing","143","SJSA अंतर्गत ४ पदांची भरती जाहीर २०२६ - SJSA | Sarkari Naukri 2026"
"https://www.searchsarkarinaukri.com/jobs/south-central-railway-south-central-railway-2026--5004","job-listing","137","South Central Railway १ पदांकरिता अधिकृत भरती सूचना २०२६ - South Central Railway | Sarkari Naukri 2026"
"https://www.searchsarkarinaukri.com/jobs/south-indian-bank-south-indian-bank-2026--4832","job-listing","138","South Indian Bank विविध पदांची नवीन रिक्त भरती जाहीर २०२६ - South Indian Bank | Sarkari Naukri 2026"
"https://www.searchsarkarinaukri.com/jobs/srtmun-srtmun-2026--2545","job-listing","147","SRTMUN ११ पदांची नवीन रिक्त भरती जाहीर २०२६ - SRTMUN | Sarkari Naukri 2026"
"https://www.searchsarkarinaukri.com/jobs/srtmun-srtmun-2026--3119","job-listing","147","SRTMUN ४९ पदांची नवीन रिक्त भरती जाहीर २०२६ - SRTMUN | Sarkari Naukri 2026"
"https://www.searchsarkarinaukri.com/jobs/steel-authority-of-india-limited-steel-authority-of-india-limited-2026--3245","job-listing","147","Steel Authority of India Limited १११० पदांकरिता अधिकृत भरती सूचना २०२६ - Steel Authority of India Limited | Sarkari…"
"https://www.searchsarkarinaukri.com/jobs/stpi-stpi-2026--3595","job-listing","145","Stpi मध्ये ९ रिक्त पदांची नवीन भरती २०२६ - Stpi | Sarkari Naukri 2026"
"https://www.searchsarkarinaukri.com/jobs/stpi-stpi-2026--4217","job-listing","145","Stpi मध्ये १३ रिक्त पदांची नवीन भरती २०२६ - Stpi | Sarkari Naukri 2026"
"https://www.searchsarkarinaukri.com/jobs/tcil-tcil-2026--1892","job-listing","141","७ पदांकरिता TCIL भरती अपडेट २०२६ - TCIL | Sarkari Naukri 2026"
"https://www.searchsarkarinaukri.com/jobs/territorial-army-territorial-army-2026--3710","job-listing","130","७४ पदांकरिता Territorial Army भरती अपडेट २०२६ - Territorial Army | Sarkari Naukri 2026"
"https://www.searchsarkarinaukri.com/jobs/tifr-mumbai-tifr-mumbai-2026--4955","job-listing","146","५ पदांकरिता TIFR Mumbai भरती अपडेट २०२६ - TIFR Mumbai | Sarkari Naukri 2026"
"https://www.searchsarkarinaukri.com/jobs/trai-trai-2026--1743","job-listing","142","TRAI अंतर्गत विविध पदांची भरती जाहीर २०२६ - TRAI | Sarkari Naukri 2026"
"https://www.searchsarkarinaukri.com/jobs/trai-trai-2026--3084","job-listing","144","TRAI अंतर्गत २ पदांची भरती जाहीर २०२६ - TRAI | Sarkari Naukri 2026"
"https://www.searchsarkarinaukri.com/jobs/trai-trai-2026--3768","job-listing","144","TRAI अंतर्गत ३ पदांची भरती जाहीर २०२६ - TRAI | Sarkari Naukri 2026"
"https://www.searchsarkarinaukri.com/jobs/umed-msrlm-jalgaon-umed-msrlm-jalgaon-2026--4882","job-listing","149","१६ पदांकरिता UMED MSRLM Jalgaon भरती अपडेट २०२६ - UMED MSRLM Jalgaon | Sarkari Naukri 2026"
"https://www.searchsarkarinaukri.com/jobs/union-public-service-commission-cisf-acexe-ldce-2026-2026--1437","job-listing","138","CISF Ac(exe) Ldce-2026 - Union Public Service Commission | Sarkari Naukri 2026"
"https://www.searchsarkarinaukri.com/jobs/union-public-service-commission-civil-services-examination-2025-2026--1430","job-listing","141","Civil Services Examination, 2025 - Union Public Service Commission | Sarkari Naukri 2026"
"https://www.searchsarkarinaukri.com/jobs/union-public-service-commission-civil-services-main-examination-2025-2026--1440","job-listing","144","Civil Services (Main) Examination, 2025 - Union Public Service Commission | Sarkari Naukri 2026"
"https://www.searchsarkarinaukri.com/jobs/union-public-service-commission-civil-services-preliminary-examination-2025-2026--1445","job-listing","144","Civil Services (Preliminary) Examination, 2025 - Union Public Service Commission | Sarkari Naukri 2026"
"https://www.searchsarkarinaukri.com/jobs/union-public-service-commission-civil-services-preliminary-examination-2026-2026--1434","job-listing","144","Civil Services (Preliminary) Examination, 2026 - Union Public Service Commission | Sarkari Naukri 2026"
"https://www.searchsarkarinaukri.com/jobs/union-public-service-commission-combined-defence-services-examination-i-2026-2026--1435","job-listing","147","Combined Defence Services Examination (I), 2026 - Union Public Service Commission | Sarkari Naukri 2026"
"https://www.searchsarkarinaukri.com/jobs/union-public-service-commission-combined-defence-services-examination-ii-2025-2026--1442","job-listing","147","Combined Defence Services Examination (II), 2025 - Union Public Service Commission | Sarkari Naukri 2026"
"https://www.searchsarkarinaukri.com/jobs/union-public-service-commission-combined-defence-services-examination-ii-2026-2026--1483","job-listing","147","Combined Defence Services Examination (II), 2026 - Union Public Service Commission | Sarkari Naukri 2026"
"https://www.searchsarkarinaukri.com/jobs/union-public-service-commission-combined-geo-scientist-main-examination-2026-2026--1400","job-listing","144","Combined Geo-Scientist (Main) Examination, 2026 - Union Public Service Commission | Sarkari Naukri 2026"
"https://www.searchsarkarinaukri.com/jobs/union-public-service-commission-combined-geo-scientist-preliminary-examination-2026-2026--1402","job-listing","144","Combined Geo-Scientist (Preliminary) Examination, 2026 - Union Public Service Commission | Sarkari Naukri 2026"
"https://www.searchsarkarinaukri.com/jobs/union-public-service-commission-combined-medical-services-examination-2026-2026--1429","job-listing","144","Combined Medical Services Examination, 2026 - Union Public Service Commission | Sarkari Naukri 2026"
"https://www.searchsarkarinaukri.com/jobs/union-public-service-commission-indian-forest-service-examination-2025-2026--1427","job-listing","144","Indian Forest Service Examination, 2025 - Union Public Service Commission | Sarkari Naukri 2026"
"https://www.searchsarkarinaukri.com/jobs/union-public-service-commission-indian-forest-service-main-examination-2025-2026--1439","job-listing","147","Indian Forest Service (Main) Examination, 2025 - Union Public Service Commission | Sarkari Naukri 2026"
"https://www.searchsarkarinaukri.com/jobs/upsc-cds-upsc-cds-2026--1717","job-listing","149","UPSC CDS अंतर्गत ४५१ पदांची भरती जाहीर २०२६ - UPSC CDS | Sarkari Naukri 2026"
"https://www.searchsarkarinaukri.com/jobs/upsc-cds-upsc-cds-2026--1827","job-listing","149","UPSC CDS अंतर्गत ४५१ पदांची भरती जाहीर २०२६ - UPSC CDS | Sarkari Naukri 2026"
"https://www.searchsarkarinaukri.com/jobs/upsc-epfo-upsc-epfo-2026--4783","job-listing","133","UPSC EPFO ८० पदांकरिता अधिकृत भरती सूचना २०२६ - UPSC EPFO | Sarkari Naukri 2026"
"https://www.searchsarkarinaukri.com/jobs/upsc-nda-upsc-nda-2026--1718","job-listing","149","UPSC NDA अंतर्गत ३९४ पदांची भरती जाहीर २०२६ - UPSC NDA | Sarkari Naukri 2026"
"https://www.searchsarkarinaukri.com/jobs/upsc-nda-upsc-nda-2026--1828","job-listing","149","UPSC NDA अंतर्गत ३९४ पदांची भरती जाहीर २०२६ - UPSC NDA | Sarkari Naukri 2026"
"https://www.searchsarkarinaukri.com/jobs/vishweshwar-sahakari-bank-vishweshwar-sahakari-bank-2026--5006","job-listing","138","Vishweshwar Sahakari Bank भरती २०२६ — रिक्त पदांकरिता अर्ज सुरु - Vishweshwar Sahakari Bank | Sarkari Naukri 2026"
"https://www.searchsarkarinaukri.com/jobs/vnit-nagpur-vnit-nagpur-2026--4957","job-listing","149","VNIT Nagpur अंतर्गत ३ पदांची भरती जाहीर २०२६ - VNIT Nagpur | Sarkari Naukri 2026"
"https://www.searchsarkarinaukri.com/jobs/wcd-daman-wcd-daman-2026--1994","job-listing","148","WCD Daman मध्ये ६० रिक्त पदांची नवीन भरती २०२६ - WCD Daman | Sarkari Naukri 2026"
"https://www.searchsarkarinaukri.com/jobs/wcd-delhi-wcd-delhi-2026--2376","job-listing","145","६३ पदांकरिता WCD Delhi भरती अपडेट २०२६ - WCD Delhi | Sarkari Naukri 2026"
"https://www.searchsarkarinaukri.com/jobs/wdra-wdra-2026--4012","job-listing","147","WDRA १ पदांची नवीन रिक्त भरती जाहीर २०२६ - WDRA | Sarkari Naukri 2026"
"https://www.searchsarkarinaukri.com/jobs/ycmou-ycmou-2026--3037","job-listing","144","YCMOU १ पदांकरिता अधिकृत भरती सूचना २०२६ - YCMOU | Sarkari Naukri 2026"
"https://www.searchsarkarinaukri.com/news/291751","news","103","Addendum Notice: 09 posts of Scientist-B (Instrumentation) in Ministry of Earth Sciences | SearchSarkariNaukri News"
"https://www.searchsarkarinaukri.com/news/291752","news","106","Addendum Notice: 30 posts of Scientist-B (General Meteorology) in Ministry of Earth Sciences | SearchSarkariNaukri News"
"https://www.searchsarkarinaukri.com/news/291753","news","106","Addendum Notice: 04 posts of Scientist-B (Atmospheric Sciences) in Ministry of Earth Sciences | SearchSarkariNaukri News"
"https://www.searchsarkarinaukri.com/news/291754","news","115","Addendum Notice: 04 posts of Assistant Director Grade-II (IEDS) (Leather & Footwear) in Ministry of MSME | SearchSarkariNaukri News"
"https://www.searchsarkarinaukri.com/news/291755","news","109","Addendum Notice: 04 posts of Assistant Director Grade-II (IEDS) (Hosiery) in Ministry of MSME | SearchSarkariNaukri News"
"https://www.searchsarkarinaukri.com/news/291756","news","109","Addendum Notice: 04 posts of Assistant Director Grade-II (IEDS) (Food) in Ministry of MSME | SearchSarkariNaukri News"
"https://www.searchsarkarinaukri.com/news/291757","news","109","Addendum Notice: 03 posts of Assistant Director Grade-II (IEDS) (Chemical) in Ministry of MSME | SearchSarkariNaukri News"
"https://www.searchsarkarinaukri.com/news/291758","news","112","Addendum Notice: 01 post of Assistant Director Grade-I (IEDS) (Metal Finishing) in Ministry of MSME | SearchSarkariNaukri News"
"https://www.searchsarkarinaukri.com/news/291759","news","115","Addendum Notice: 03 posts of Assistant Director Grade-I (IEDS) (Leather & Footwear) in Ministry of MSME | SearchSarkariNaukri News"
"https://www.searchsarkarinaukri.com/news/291760","news","109","Addendum Notice: 02 posts of Assistant Director Grade-I (IEDS) (Hosiery) in Ministry of MSME | SearchSarkariNaukri News"
"https://www.searchsarkarinaukri.com/news/291761","news","109","Addendum Notice: 03 posts of Assistant Director Grade-I (IEDS) (Food) in Ministry of MSME | SearchSarkariNaukri News"
"https://www.searchsarkarinaukri.com/news/291762","news","109","Addendum Notice: 02 posts of Assistant Director Grade-I (IEDS) (Chemical) in Ministry of MSME | SearchSarkariNaukri News"
"https://www.searchsarkarinaukri.com/news/291925","news","117","Convergence in governance: Why one scheme is rarely enough to solve development issues - The Indian Express | SearchSarkariNaukri News"
"https://www.searchsarkarinaukri.com/news/292897","news","105","In India’s “Cockroach” Protests, I Saw Democracy Resurrected - Home ❧ Current Affairs | SearchSarkariNaukri News"
"https://www.searchsarkarinaukri.com/news/294839","news","114","Knowledge Nugget | Tolling without barriers: India’s shift to multi-lane free flow - The Indian Express | SearchSarkariNaukri News"
"https://www.searchsarkarinaukri.com/news/295001","news","102","UPSC Mains Current Affairs for 22 August 2026 - Vajiram &amp; Ravi | SearchSarkariNaukri News"
"https://www.searchsarkarinaukri.com/news/295163","news","96","UPSC CURRENT AFFAIRS – 22 AUGUST 2026 - INSIGHTS IAS | SearchSarkariNaukri News"
"https://www.searchsarkarinaukri.com/news/295811","news","108","UPSC Key: Definition of ‘Industry’, Political clearance and FDI policy - The Indian Express | SearchSarkariNaukri News"
"https://www.searchsarkarinaukri.com/news/295836","news","116","Manipur expands sports quota, silver and bronze medallists to get government jobs - India Today NE | SearchSarkariNaukri News"
"https://www.searchsarkarinaukri.com/news/296135","news","135","UPSC Weekly Current Affairs Quiz (August 16 – August 22): 10 key questions with detailed answers for Prelims 2027 - The Indian Express | SearchSarkariNaukri News"
"https://www.searchsarkarinaukri.com/news/296136","news","93","Current Affairs for 22 August 2026 - Sanskriti IAS | SearchSarkariNaukri News"
"https://www.searchsarkarinaukri.com/news/296160","news","116","Manipur expands sports quota, silver and bronze medallists to get government jobs - India Today NE | SearchSarkariNaukri News"
"https://www.searchsarkarinaukri.com/news/296161","news","131","Top Jobs of the Week: Recruitment opens for 2,482 posts in Bank of Baroda; 1,421vacancies available in Rail... - Bhaskar English | SearchSarkariNaukri News"
"https://www.searchsarkarinaukri.com/news/298727","news","102","Daily Current Affairs and GK Updates (21st August, 2026) | - Bankersadda | SearchSarkariNaukri News"
"https://www.searchsarkarinaukri.com/news/298752","news","131","Top Jobs of the Week: Recruitment opens for 2,482 posts in Bank of Baroda; 1,421vacancies available in Rail... - Bhaskar English | SearchSarkariNaukri News"
"https://www.searchsarkarinaukri.com/news/298889","news","102","UPSC Mains Current Affairs for 23 August 2026 - Vajiram &amp; Ravi | SearchSarkariNaukri News"
"https://www.searchsarkarinaukri.com/news/299562","news","104","8.23 Lakh Government Posts Vacant: RTI Shows Massive Workforce Gaps - NDTV | SearchSarkariNaukri News"
"https://www.searchsarkarinaukri.com/news/301506","news","116","How sarkari job dreams turn into a long, costly wait for Indian youth - The Federal | SearchSarkariNaukri News"
"https://www.searchsarkarinaukri.com/news/301829","news","116","Massive shortfall in govt jobs across India, states move differently to address it - HR Katha | SearchSarkariNaukri News"
"https://www.searchsarkarinaukri.com/news/301830","news","107","8.23 Lakh Central Government Job Vacancies Revealed Through RTI Report - Sakshi Education | SearchSarkariNaukri News"
"https://www.searchsarkarinaukri.com/news/302128","news","126","Top 20 UPSC Current Affairs Pointers of the past week | August 17 to 23, 2026 - The Indian Express | SearchSarkariNaukri News"
"https://www.searchsarkarinaukri.com/news/302129","news","123","24 August Current Affairs: Jaishankar arrives on Russia visit; India gets bronze at Badminton World Champio... - Bhaskar English | SearchSarkariNaukri News"
"https://www.searchsarkarinaukri.com/news/302290","news","102","India Taliban Engagement: Five Years After Kabul’s Fall - Vajiram &amp; Ravi | SearchSarkariNaukri News"
"https://www.searchsarkarinaukri.com/news/302452","news","93","Current Affairs for 24 August 2026 - Sanskriti IAS | SearchSarkariNaukri News"
"https://www.searchsarkarinaukri.com/news/302453","news","108","Knowledge Nugget: What makes RK-251 India’s new ‘smart’ cancer drug? - The Indian Express | SearchSarkariNaukri News"
"https://www.searchsarkarinaukri.com/news/302801","news","104","Jharkhand candidates return to work amid job uncertainty - Awaz The Voice | SearchSarkariNaukri News"
"https://www.searchsarkarinaukri.com/news/303424","news","105","How to measure the success of India’s capex strategy - The Indian Express | SearchSarkariNaukri News"
"https://www.searchsarkarinaukri.com/news/303587","news","99","ISRO Chief V Narayanan Announces India’s Space Station Goal - Adda247 | SearchSarkariNaukri News"
"https://www.searchsarkarinaukri.com/news/303588","news","102","UPSC Key: China Squeeze, Elephant Corridors and Chipflation - The Indian Express | SearchSarkariNaukri News"
"https://www.searchsarkarinaukri.com/news/303935","news","125","Congress attacks Centre's 'backdoor' bid to end reservations as over 8.2 lakh govt posts lie vacant - Telegraph India | SearchSarkariNaukri News"
"https://www.searchsarkarinaukri.com/news/303936","news","113","Andhra announces 10,060 govt jobs in 4 phases, recruitment starts Sept 15 - Business Standard | SearchSarkariNaukri News"
"https://www.searchsarkarinaukri.com/news/304421","news","107","UPSC announces 'direct recruitment' to 80 posts in Central govt - ANI News | SearchSarkariNaukri News"
"https://www.searchsarkarinaukri.com/news/304422","news","107","""Eliminating Jobs With Reservation"": M Kharge Accuses BJP Of Indirect Ban - NDTV | SearchSarkariNaukri News"
"https://www.searchsarkarinaukri.com/news/305854","news","99","U.S.–India Electoral Systems: Trump’s Voting ID Rules - Vajiram &amp; Ravi | SearchSarkariNaukri News"
"https://www.searchsarkarinaukri.com/news/306016","news","99","India’s Non-Fossil Fuel Power Capacity Crosses 300 GW - GK Today | SearchSarkariNaukri News"
"https://www.searchsarkarinaukri.com/news/306017","news","99","India Lifts Export Ban on Wheat Flour Products - GK Today | SearchSarkariNaukri News"
"https://www.searchsarkarinaukri.com/news/306018","news","96","India Signs Fuel Supply Deal with Mauritius - GK Today | SearchSarkariNaukri News"
"https://www.searchsarkarinaukri.com/news/306019","news","99","The Northern Sea Route and India’s Maritime Stakes - GK Today | SearchSarkariNaukri News"
"https://www.searchsarkarinaukri.com/news/306020","news","99","India Launches First Non-GMO High-Expansion Popcorn Maize Hybrid - GK Today | SearchSarkariNaukri News"
"https://www.searchsarkarinaukri.com/news/306021","news","102","UPSC Mains Current Affairs for 25 August 2026 - Vajiram &amp; Ravi | SearchSarkariNaukri News"
"https://www.searchsarkarinaukri.com/post-graduate-jobs-in-bangalore","other","107","Post Graduate Government Jobs in Bangalore 2026 | Sarkari Naukri"
"https://www.searchsarkarinaukri.com/quiz","feature-page","111","Daily Current Affairs Quiz 2026 | MPSC & Government Exams"
"https://www.searchsarkarinaukri.com/results/10","results","136","UPSC CSE 2025 Final Result Result 2026 | SearchSarkariNaukri"
"https://www.searchsarkarinaukri.com/results/11","results","135","SSC CGL 2025 Final Result Result 2026 | SearchSarkariNaukri"
"https://www.searchsarkarinaukri.com/results/12","results","132","SBI Clerk 2025 Result Result 2026 | SearchSarkariNaukri"
"https://www.searchsarkarinaukri.com/results/13","results","136","IBPS PO 2025 Final Result Result 2026 | SearchSarkariNaukri"
"https://www.searchsarkarinaukri.com/results/14","results","136","RBI Grade B 2025 Result Result 2026 | SearchSarkariNaukri"
"https://www.searchsarkarinaukri.com/results/15","results","128","MPSC Result 2026 Result 2026 | SearchSarkariNaukri"
"https://www.searchsarkarinaukri.com/results/16","results","132","MPSC Rajyaseva Result 2024 Result 2026 | SearchSarkariNaukri"
"https://www.searchsarkarinaukri.com/results/18","results","132","SSC CGL Result 2025 Result 2026 | SearchSarkariNaukri"
"https://www.searchsarkarinaukri.com/results/21","results","132","UPSC CSE Result 2026 Result 2026 | SearchSarkariNaukri"
"https://www.searchsarkarinaukri.com/results/23","results","132","MPSC Rajyaseva Result 2026 Result 2026 | SearchSarkariNaukri"
"https://www.searchsarkarinaukri.com/results/26","results","132","SSC CGL Result 2025 Result 2026 | SearchSarkariNaukri"
"https://www.searchsarkarinaukri.com/results/28","results","132","UPSC CSE Result 2026 Result 2026 | SearchSarkariNaukri"
"https://www.searchsarkarinaukri.com/results/30","results","132","MPSC Rajyaseva Result 2026 Result 2026 | SearchSarkariNaukri"
"https://www.searchsarkarinaukri.com/results/34","results","132","UPSC CSE Result 2026 Result 2026 | SearchSarkariNaukri"
"https://www.searchsarkarinaukri.com/results/35","results","132","SSC CGL Result 2025 Result 2026 | SearchSarkariNaukri"
"https://www.searchsarkarinaukri.com/results/37","results","132","MPSC Rajyaseva Result 2026 Result 2026 | SearchSarkariNaukri"
"https://www.searchsarkarinaukri.com/results/41","results","132","SSC CGL Result 2025 Result 2026 | SearchSarkariNaukri"
"https://www.searchsarkarinaukri.com/results/42","results","132","SSC GD Result 2025 Result 2026 | SearchSarkariNaukri"
"https://www.searchsarkarinaukri.com/results/44","results","132","UPSC CSE Result 2026 Result 2026 | SearchSarkariNaukri"
"https://www.searchsarkarinaukri.com/results/45","results","132","SSC CPO Result 2025 Result 2026 | SearchSarkariNaukri"
"https://www.searchsarkarinaukri.com/results/46","results","132","MPSC Rajyaseva Result 2026 Result 2026 | SearchSarkariNaukri"
"https://www.searchsarkarinaukri.com/results/49","results","132","SSC CGL Result 2025 Result 2026 | SearchSarkariNaukri"
"https://www.searchsarkarinaukri.com/results/51","results","132","SSC CPO Result 2025 Result 2026 | SearchSarkariNaukri"
"https://www.searchsarkarinaukri.com/results/52","results","132","MPSC Rajyaseva Result 2026 Result 2026 | SearchSarkariNaukri"
"https://www.searchsarkarinaukri.com/results/54","results","132","SSC CGL Result 2025 Result 2026 | SearchSarkariNaukri"
"https://www.searchsarkarinaukri.com/results/55","results","132","SBI CBO Result 2026 Result 2026 | SearchSarkariNaukri"
"https://www.searchsarkarinaukri.com/results/58","results","132","SSC CPO Result 2025 Result 2026 | SearchSarkariNaukri"
"https://www.searchsarkarinaukri.com/results/59","results","128","MPSC Result 2026 Result 2026 | SearchSarkariNaukri"
"https://www.searchsarkarinaukri.com/results/60","results","132","MPSC Rajyaseva Result 2026 Result 2026 | SearchSarkariNaukri"
"https://www.searchsarkarinaukri.com/results/62","results","132","SSC CGL Result 2025 Result 2026 | SearchSarkariNaukri"
"https://www.searchsarkarinaukri.com/results/63","results","132","SBI CBO Result 2026 Result 2026 | SearchSarkariNaukri"
"https://www.searchsarkarinaukri.com/results/65","results","132","SSC CPO Result 2025 Result 2026 | SearchSarkariNaukri"
"https://www.searchsarkarinaukri.com/results/66","results","128","MPSC Result 2026 Result 2026 | SearchSarkariNaukri"
"https://www.searchsarkarinaukri.com/results/67","results","132","MPSC Rajyaseva Result 2026 Result 2026 | SearchSarkariNaukri"
"https://www.searchsarkarinaukri.com/results/69","results","132","SSC CGL Result 2025 Result 2026 | SearchSarkariNaukri"
"https://www.searchsarkarinaukri.com/results/70","results","132","SBI CBO Result 2026 Result 2026 | SearchSarkariNaukri"
"https://www.searchsarkarinaukri.com/results/71","results","132","SSC GD Result 2025 Result 2026 | SearchSarkariNaukri"
"https://www.searchsarkarinaukri.com/results/72","results","132","MPSC Rajyaseva Result 2024 Result 2026 | SearchSarkariNaukri"
"https://www.searchsarkarinaukri.com/results/74","results","132","SBI CBO Result 2026 Result 2026 | SearchSarkariNaukri"
"https://www.searchsarkarinaukri.com/results/75","results","132","SSC CGL Result 2025 Result 2026 | SearchSarkariNaukri"
"https://www.searchsarkarinaukri.com/results/77","results","128","MPSC Result 2026 Result 2026 | SearchSarkariNaukri"
"https://www.searchsarkarinaukri.com/results/78","results","132","MPSC Rajyaseva Result 2024 Result 2026 | SearchSarkariNaukri"
"https://www.searchsarkarinaukri.com/results/79","results","132","SBI CBO Result 2026 Result 2026 | SearchSarkariNaukri"
"https://www.searchsarkarinaukri.com/results/80","results","132","SSC CGL Result 2025 Result 2026 | SearchSarkariNaukri"
"https://www.searchsarkarinaukri.com/results/9","results","136","MPSC Rajyaseva 2025 Final Result Result 2026 | SearchSarkariNaukri"
"https://www.searchsarkarinaukri.com/study-material","other","32","Free Study Material for Sarkari Exams 2026"
